FSC.H,SSC.H,FL1.H,FL2.H,FL3.H,FL4.H,label
285,156,129.642852783203,278.142852783203,119.268028259277,354.2392578125,4
205,138,60.1071434020996,14.1428575515747,87.2992782592773,239.379852294922,4
64,31,0.0,148.5,92.217544555664,182.486877441406,4
289,147,157.928573608398,18.8571434020996,735.28125,260.848907470703,4
69,184,0.0,116.678573608398,185.664657592773,0.0,4
113,254,12.9642858505249,0.0,98.3653869628906,86.9496307373047,4
91,59,0.0,84.8571395874023,167.221160888672,274.803771972656,4
170,102,0.0,82.5,8.60697078704834,111.639038085938,4
135,58,34.1785697937012,90.75,73.774040222168,230.792236328125,4
393,313,307.607147216797,420.75,256.979553222656,340.284362792969,2
267,107,623.464294433594,45.9642868041992,545.927856445312,243.67366027832,1
105,45,0.0,0.0,68.8557662963867,60.1133270263672,4
222,82,562.178588867188,0.0,704.542053222656,317.741882324219,1
201,95,142.607147216797,594.0,677.491577148438,656.952758789062,3
312,189,122.571426391602,255.75,125.415863037109,309.154235839844,4
312,141,111.964286804199,7.07142877578735,189.353363037109,375.708282470703,4
499,231,462.0,299.357147216797,576.667053222656,356.386138916016,1
74,46,0.0,0.0,0.0,171.752365112305,4
64,43,280.5,0.0,83.610580444336,293.052459716797,2
75,35,15.3214282989502,121.392860412598,19.6730766296387,119.153198242188,4
101,36,128.464279174805,226.285720825195,191.8125,267.289611816406,4
347,93,0.0,0.0,183.205535888672,338.137451171875,4
265,56,464.357147216797,231.0,563.141845703125,218.984252929688,1
68,142,0.0,127.285713195801,0.0,272.656860351562,4
217,135,53.0357131958008,133.178573608398,84.8401412963867,182.486877441406,4
203,110,150.857147216797,0.0,113.120193481445,157.797485351562,4
211,264,308.785705566406,319.392852783203,248.372589111328,395.030426025391,2
130,35,124.928573608398,0.0,156.155044555664,0.0,4
153,164,0.0,90.75,0.0,225.42497253418,4
359,138,53.0357131958008,213.321426391602,0.0,334.917114257812,4
326,87,583.392883300781,57.75,604.947143554688,0.0,1
307,236,287.571441650391,299.357147216797,33.1983184814453,333.843658447266,2
241,87,153.214279174805,0.0,118.038459777832,247.967468261719,4
87,58,0.0,0.0,134.022842407227,176.046173095703,4
116,136,50.6785697937012,43.6071434020996,62.7079315185547,324.182586669922,4
189,70,4.7142858505249,49.5,167.221160888672,100.904510498047,4
107,139,4.7142858505249,0.0,29.509614944458,153.503677368164,4
363,135,288.75,207.428573608398,165.991592407227,349.945434570312,2
253,135,10.6071424484253,179.142852783203,238.536056518555,373.561370849609,4
155,53,93.1071395874023,162.642852783203,138.941101074219,261.92236328125,4
77,39,22.3928565979004,0.0,56.5600967407227,282.317932128906,4
60,62,0.0,132.0,18.443510055542,84.8027267456055,4
186,51,43.6071434020996,152.035720825195,0.0,93.3903427124023,4
163,77,245.142852783203,0.0,282.800476074219,320.962219238281,2
156,79,174.428573608398,208.607147216797,134.022842407227,130.961181640625,4
223,123,0.0,221.571426391602,0.0,148.136413574219,4
76,43,0.0,0.0,0.0,222.204620361328,4
104,39,0.0,38.8928565979004,138.941101074219,134.181533813477,4
211,90,555.107116699219,144.964279174805,704.542053222656,141.695693969727,1
90,49,57.75,80.1428604125977,122.956733703613,0.0,4
186,99,188.571426391602,459.642852783203,620.931518554688,640.851013183594,3
216,102,0.0,182.678573608398,110.661056518555,239.379852294922,4
155,71,89.5714263916016,220.392852783203,206.567306518555,217.91081237793,4
244,117,61.2857131958008,117.857139587402,185.664657592773,161.017837524414,4
348,152,45.9642868041992,162.642852783203,212.715148925781,0.0,4
173,141,0.0,215.678573608398,131.563705444336,206.102828979492,4
201,94,78.9642868041992,187.392852783203,143.859375,128.814270019531,4
274,117,56.5714302062988,169.714279174805,140.170669555664,285.538299560547,4
311,119,128.464279174805,544.5,574.207946777344,684.862548828125,3
121,50,185.035720825195,254.571426391602,111.890625,334.917114257812,4
184,127,7.07142877578735,152.035720825195,0.0,310.227691650391,4
66,192,0.0,248.678573608398,0.0,304.860443115234,4
310,75,575.142883300781,157.928573608398,676.262023925781,215.763900756836,1
245,74,107.25,0.0,202.878601074219,234.012588500977,4
196,98,99.0,0.0,0.0,229.718780517578,4
335,143,0.0,618.75,693.475952148438,718.139587402344,3
283,180,152.035720825195,288.75,145.088943481445,329.549835205078,4
439,93,598.714294433594,0.0,613.554077148438,324.182586669922,1
78,41,0.0,14.1428575515747,0.0,289.832122802734,4
171,95,576.321411132812,0.0,738.969970703125,183.560333251953,1
92,160,56.5714302062988,0.0,145.088943481445,293.052459716797,4
90,92,0.0,162.642852783203,29.509614944458,298.419738769531,4
207,119,102.535713195801,546.857116699219,740.199523925781,734.241333007812,3
96,78,0.0,74.25,29.509614944458,269.4365234375,4
106,66,119.035713195801,218.035720825195,147.548080444336,283.391387939453,4
94,143,47.1428565979004,27.1071434020996,0.0,319.888763427734,4
107,172,232.178573608398,67.1785736083984,170.909851074219,209.323196411133,2
398,212,0.0,147.321426391602,225.010818481445,261.92236328125,4
158,94,100.178573608398,139.071426391602,25.8209133148193,290.905548095703,4
430,132,96.6428604125977,203.892852783203,39.3461532592773,147.062957763672,4
487,487,308.785705566406,353.571441650391,384.854553222656,330.623291015625,2
257,106,109.607139587402,126.107139587402,46.7235565185547,312.374603271484,4
320,145,539.785705566406,149.678573608398,682.409851074219,19.3221397399902,1
138,50,100.178573608398,21.2142848968506,0.0,202.882476806641,4
236,143,143.785720825195,77.7857131958008,95.90625,216.837356567383,4
325,93,121.392860412598,127.285713195801,213.944717407227,249.040924072266,4
144,145,43.6071434020996,0.0,12.2956733703613,270.509979248047,4
172,90,66.0,503.25,647.981994628906,620.455383300781,3
194,90,0.0,100.178573608398,78.6923065185547,273.730316162109,4
133,189,0.0,121.392860412598,89.758415222168,203.955932617188,4
244,128,0.0,188.571426391602,27.050479888916,279.097595214844,4
115,71,4.7142858505249,0.0,201.649032592773,90.1699905395508,4
173,118,58.9285697937012,482.035705566406,650.441101074219,694.523620605469,3
159,64,120.214286804199,63.6428565979004,108.201919555664,227.571884155273,4
165,227,55.3928565979004,0.0,13.525239944458,30.0566635131836,4
233,80,81.3214263916016,107.25,63.9375,258.701995849609,4
333,92,630.535705566406,93.1071395874023,625.849731445312,208.249740600586,1
128,66,63.6428565979004,62.4642868041992,0.0,235.086044311523,4
351,77,81.3214263916016,542.142883300781,595.110595703125,607.573974609375,3
60,26,148.5,205.071426391602,131.563705444336,305.933898925781,4
96,143,147.321426391602,318.214294433594,0.0,364.973754882812,4
198,273,256.928558349609,322.928558349609,165.991592407227,331.696746826172,2
85,62,16.5,207.428573608398,106.972358703613,229.718780517578,4
87,126,243.964279174805,173.25,115.579330444336,246.894012451172,2
69,120,136.714279174805,88.3928604125977,238.536056518555,266.216156005859,4
67,35,0.0,200.357147216797,0.0,230.792236328125,4
405,92,76.6071395874023,137.892852783203,25.8209133148193,194.294860839844,4
156,93,142.607147216797,129.642852783203,199.189910888672,291.97900390625,4
72,58,0.0,0.0,0.0,315.594970703125,4
60,57,0.0,0.0,0.0,0.0,4
87,59,0.0,0.0,66.3966369628906,283.391387939453,4
84,87,0.0,7.07142877578735,66.3966369628906,3.22035670280457,4
103,67,0.0,157.928573608398,90.9879837036133,95.537254333496,4
68,38,0.0,143.785720825195,0.0,0.0,4
195,145,49.5,175.607147216797,168.450714111328,359.606506347656,4
138,95,156.75,152.035720825195,205.337738037109,254.408187866211,4
97,36,62.4642868041992,21.2142848968506,120.497596740723,250.114379882812,4
256,152,122.571426391602,42.4285697937012,157.384613037109,162.091293334961,4
254,100,82.5,62.4642868041992,0.0,193.221405029297,4
151,63,50.6785697937012,611.678588867188,667.655029296875,660.173156738281,3
421,88,594.0,0.0,622.161071777344,0.0,1
80,240,0.0,156.75,111.890625,257.628540039062,4
405,123,616.392883300781,114.321426391602,673.802856445312,194.294860839844,1
286,146,0.0,58.9285697937012,36.887020111084,285.538299560547,4
366,83,606.964294433594,76.6071395874023,693.475952148438,0.0,1
472,201,148.5,0.0,150.007217407227,238.306396484375,4
87,60,23.5714282989502,0.0,86.069709777832,132.034622192383,4
119,36,37.7142868041992,0.0,73.774040222168,312.374603271484,4
440,108,1.17857146263123,535.071411132812,654.129821777344,633.336853027344,3
483,111,638.785705566406,69.5357131958008,666.425476074219,301.640075683594,1
251,150,87.2142868041992,0.0,183.205535888672,300.566619873047,4
63,90,0.0,0.0,141.400238037109,0.0,4
316,112,68.3571395874023,55.3928565979004,0.0,105.198318481445,4
168,51,4.7142858505249,3.53571438789368,111.890625,300.566619873047,4
258,80,161.464279174805,115.5,68.8557662963867,165.311645507812,4
317,135,38.8928565979004,716.571411132812,682.409851074219,728.874084472656,3
282,211,327.642852783203,301.714294433594,300.014434814453,272.656860351562,2
197,99,128.464279174805,0.0,84.8401412963867,171.752365112305,4
392,116,74.25,175.607147216797,24.5913467407227,63.333683013916,4
270,126,0.0,627.0,608.635803222656,684.862548828125,3
188,94,522.107116699219,0.0,714.378601074219,165.311645507812,1
292,158,0.0,143.785720825195,253.290863037109,326.329498291016,4
119,51,63.6428565979004,248.678573608398,220.092544555664,305.933898925781,4
60,8,67.1785736083984,0.0,45.4939918518066,242.600204467773,4
61,176,0.0,155.571426391602,19.6730766296387,234.012588500977,4
112,64,84.8571395874023,0.0,118.038459777832,278.024139404297,4
130,41,87.2142868041992,47.1428565979004,0.0,222.204620361328,4
183,100,100.178573608398,0.0,0.0,307.007354736328,4
75,21,49.5,0.0,36.887020111084,278.024139404297,4
309,110,143.785720825195,0.0,94.6766815185547,0.0,4
176,66,599.892883300781,0.0,704.542053222656,209.323196411133,1
62,60,117.857139587402,1.17857146263123,35.6574516296387,262.995788574219,4
207,136,64.8214263916016,0.0,52.871395111084,255.481643676758,4
96,56,107.25,0.0,25.8209133148193,241.526763916016,4
239,120,14.1428575515747,586.928588867188,654.129821777344,677.348388671875,3
154,142,0.0,106.071426391602,154.925476074219,79.4354705810547,4
106,65,81.3214263916016,0.0,1.22956728935242,265.142700195312,4
112,20,12.9642858505249,0.0,1.22956728935242,256.555084228516,4
309,93,575.142883300781,86.0357131958008,745.117797851562,283.391387939453,1
145,50,0.0,27.1071434020996,167.221160888672,251.18782043457,4
158,30,0.0,0.0,0.0,288.758666992188,4
60,90,0.0,0.0,73.774040222168,164.238189697266,4
231,197,241.607147216797,245.142852783203,238.536056518555,297.346282958984,2
166,79,572.785705566406,170.892852783203,697.164672851562,192.14794921875,1
121,37,0.0,101.357139587402,0.0,285.538299560547,4
334,71,588.107116699219,106.071426391602,673.802856445312,298.419738769531,1
67,17,110.785713195801,132.0,44.2644233703613,226.498428344727,4
329,71,603.428588867188,218.035720825195,591.421875,213.617004394531,1
275,138,170.892852783203,23.5714282989502,185.664657592773,294.125915527344,4
176,140,387.75,392.464294433594,309.850952148438,301.640075683594,2
357,119,137.892852783203,226.285720825195,72.5444717407227,340.284362792969,4
241,137,110.785713195801,123.75,76.233169555664,133.10807800293,4
473,117,618.75,167.357147216797,627.079345703125,0.0,1
269,141,0.0,0.0,145.088943481445,172.825805664062,4
94,69,0.0,155.571426391602,130.334136962891,232.93913269043,4
116,50,0.0,0.0,65.1670684814453,74.0682067871094,4
269,134,0.0,262.821441650391,0.0,296.272827148438,4
112,197,243.964279174805,318.214294433594,238.536056518555,400.397705078125,2
424,129,143.785720825195,133.178573608398,0.0,266.216156005859,4
553,135,609.321411132812,103.714286804199,625.849731445312,61.1867790222168,1
100,118,124.928573608398,16.5,68.8557662963867,210.396636962891,4
283,136,29.4642848968506,0.0,132.793273925781,290.905548095703,4
537,140,251.035720825195,91.9285736083984,68.8557662963867,278.024139404297,2
226,106,0.0,387.75,646.752380371094,635.483764648438,3
89,37,35.3571434020996,0.0,30.7391834259033,0.0,4
287,179,12.9642858505249,144.964279174805,129.104568481445,279.097595214844,4
426,125,0.0,23.5714282989502,113.120193481445,130.961181640625,4
65,70,0.0,0.0,57.789665222168,44.0115432739258,4
337,102,71.8928604125977,691.821411132812,499.204315185547,722.433349609375,3
195,84,549.214294433594,93.1071395874023,677.491577148438,363.900329589844,1
140,65,0.0,427.821441650391,631.997619628906,622.602294921875,3
381,116,0.0,708.321411132812,574.207946777344,754.636962890625,3
210,153,66.0,161.464279174805,89.758415222168,328.476379394531,4
61,52,0.0,0.0,118.038459777832,91.2434387207031,4
117,108,73.0714263916016,135.535720825195,0.0,309.154235839844,4
231,87,507.964294433594,0.0,614.783630371094,217.91081237793,1
622,1023,312.321441650391,335.892852783203,347.967559814453,232.93913269043,2
196,107,99.0,89.5714263916016,140.170669555664,84.8027267456055,4
108,82,0.0,0.0,225.010818481445,0.0,4
127,33,95.4642868041992,29.4642848968506,76.233169555664,284.46484375,4
63,58,33.0,0.0,25.8209133148193,179.266525268555,4
327,67,578.678588867188,10.6071424484253,561.912231445312,0.0,1
252,138,551.571411132812,104.892860412598,677.491577148438,223.278076171875,1
181,223,168.535720825195,268.714294433594,154.925476074219,338.137451171875,4
71,136,0.0,0.0,0.0,314.521514892578,4
66,60,0.0,0.0,0.0,205.029388427734,4
169,82,5.89285707473755,227.464279174805,603.717529296875,579.664245605469,3
168,86,71.8928604125977,29.4642848968506,89.758415222168,279.097595214844,4
131,494,23.5714282989502,0.0,89.758415222168,185.707244873047,4
128,85,47.1428565979004,195.642852783203,147.548080444336,80.508918762207,4
134,346,0.0,173.25,223.78125,255.481643676758,4
174,76,35.3571434020996,146.142852783203,86.069709777832,270.509979248047,4
104,117,136.714279174805,0.0,82.3810119628906,327.402923583984,4
169,90,182.678573608398,234.535720825195,0.0,265.142700195312,4
165,87,273.428558349609,253.392852783203,0.0,286.611755371094,2
60,24,0.0,76.6071395874023,108.201919555664,231.865692138672,4
328,173,231.0,236.892852783203,103.283653259277,433.674713134766,2
82,10,0.0,240.428573608398,154.925476074219,303.786987304688,4
219,99,96.6428604125977,0.0,25.8209133148193,0.0,4
82,255,0.0,222.75,142.629806518555,265.142700195312,4
79,248,156.75,317.035705566406,218.862976074219,374.634826660156,4
185,108,503.25,195.642852783203,666.425476074219,279.097595214844,1
205,117,143.785720825195,176.785720825195,239.765625,0.0,4
190,77,76.6071395874023,0.0,137.711532592773,353.165802001953,4
133,77,533.892883300781,272.25,675.032470703125,253.334732055664,1
134,233,245.142852783203,208.607147216797,167.221160888672,304.860443115234,2
123,80,7.07142877578735,107.25,0.0,241.526763916016,4
157,207,74.25,0.0,179.516830444336,196.441757202148,4
97,70,0.0,76.6071395874023,126.645431518555,0.0,4
75,39,0.0,0.0,196.730773925781,0.0,4
87,137,95.4642868041992,0.0,84.8401412963867,237.232955932617,4
218,108,41.25,0.0,56.5600967407227,228.645324707031,4
315,139,183.857147216797,0.0,165.991592407227,217.91081237793,4
190,106,94.2857131958008,119.035713195801,183.205535888672,49.3788032531738,4
72,155,0.0,0.0,135.252410888672,162.091293334961,4
127,72,4.7142858505249,147.321426391602,169.680282592773,344.578186035156,4
93,77,75.4285736083984,0.0,103.283653259277,297.346282958984,4
75,104,198.0,241.607147216797,0.0,135.254989624023,4
83,62,93.1071395874023,0.0,196.730773925781,275.877227783203,4
101,87,50.6785697937012,0.0,206.567306518555,297.346282958984,4
98,32,73.0714263916016,166.178573608398,0.0,124.520462036133,4
191,123,110.785713195801,0.0,177.057693481445,333.843658447266,4
243,143,50.6785697937012,163.821426391602,222.551681518555,169.605453491211,4
185,58,0.0,150.857147216797,254.520431518555,138.475341796875,4
83,182,0.0,198.0,0.0,12.8814268112183,4
60,69,0.0,0.0,9.83653831481934,286.611755371094,4
219,143,102.535713195801,440.785705566406,676.262023925781,673.054565429688,3
222,221,153.214279174805,273.428558349609,141.400238037109,283.391387939453,4
198,90,64.8214263916016,196.821426391602,0.0,317.741882324219,4
136,22,68.3571395874023,0.0,132.793273925781,296.272827148438,4
113,56,0.0,174.428573608398,226.240386962891,193.221405029297,4
247,80,76.6071395874023,165.0,157.384613037109,127.740821838379,4
204,118,36.5357131958008,57.75,0.0,289.832122802734,4
115,183,0.0,5.89285707473755,0.0,269.4365234375,4
192,151,110.785713195801,233.357147216797,98.3653869628906,19.3221397399902,4
190,104,116.678573608398,35.3571434020996,173.368988037109,119.153198242188,4
313,143,163.821426391602,157.928573608398,0.0,285.538299560547,4
312,106,109.607139587402,43.6071434020996,161.073318481445,207.176284790039,4
311,134,86.0357131958008,55.3928565979004,227.469955444336,345.651611328125,4
303,109,139.071426391602,585.75,689.787231445312,649.438598632812,3
136,79,16.5,432.535705566406,571.748779296875,631.18994140625,3
226,75,140.25,538.607116699219,571.748779296875,595.765991210938,3
107,39,50.6785697937012,0.0,0.0,168.531997680664,4
340,83,575.142883300781,41.25,650.441101074219,214.690444946289,1
209,81,127.285713195801,74.25,132.793273925781,193.221405029297,4
211,127,0.0,134.357147216797,154.925476074219,227.571884155273,4
389,86,135.535720825195,618.75,534.861755371094,768.591796875,3
110,115,1.17857146263123,0.0,0.0,194.294860839844,4
100,52,0.0,0.0,97.1358184814453,247.967468261719,4
287,137,57.75,0.0,111.890625,101.977966308594,4
242,90,9.4285717010498,635.25,602.487976074219,682.715637207031,3
323,68,466.714294433594,100.178573608398,552.075744628906,239.379852294922,1
125,100,116.678573608398,73.0714263916016,211.485580444336,318.815307617188,4
119,76,469.071441650391,111.964286804199,659.048095703125,299.493194580078,1
107,44,0.0,115.5,28.2800483703613,0.0,4
122,72,108.428573608398,113.142860412598,72.5444717407227,296.272827148438,4
284,77,82.5,216.857147216797,148.777648925781,243.67366027832,4
180,120,261.642852783203,295.821441650391,320.917053222656,269.4365234375,2
176,73,70.7142868041992,0.0,150.007217407227,238.306396484375,4
290,72,82.5,17.6785717010498,79.921875,191.074508666992,4
242,106,0.0,174.428573608398,178.287261962891,217.91081237793,4
164,80,44.7857131958008,0.0,93.4471130371094,165.311645507812,4
235,74,163.821426391602,140.25,189.353363037109,326.329498291016,4
67,87,0.0,58.9285697937012,184.435089111328,111.639038085938,4
159,74,56.5714302062988,78.9642868041992,140.170669555664,210.396636962891,4
187,94,64.8214263916016,500.892852783203,700.853393554688,585.031494140625,3
280,158,133.178573608398,35.3571434020996,136.481964111328,225.42497253418,4
365,180,35.3571434020996,242.785720825195,66.3966369628906,215.763900756836,4
141,77,128.464279174805,262.821441650391,122.956733703613,312.374603271484,4
180,285,177.964279174805,361.821441650391,195.501205444336,363.900329589844,4
130,51,0.0,0.0,92.217544555664,0.0,4
131,255,260.464294433594,342.964294433594,164.762023925781,359.606506347656,2
510,134,629.357116699219,48.3214302062988,506.581726074219,27.9097595214844,1
402,136,67.1785736083984,291.107147216797,63.9375,328.476379394531,4
447,92,239.25,56.5714302062988,137.711532592773,307.007354736328,2
288,65,62.4642868041992,644.678588867188,493.056488037109,720.286437988281,3
78,18,0.0,0.0,86.069709777832,194.294860839844,4
179,131,113.142860412598,0.0,221.322113037109,224.351516723633,4
62,99,9.4285717010498,115.5,68.8557662963867,289.832122802734,4
245,76,535.071411132812,0.0,577.896606445312,99.8310623168945,1
169,105,1.17857146263123,91.9285736083984,14.754807472229,313.448059082031,4
62,13,35.3571434020996,0.0,0.0,241.526763916016,4
129,68,0.0,188.571426391602,174.598556518555,287.685211181641,4
93,41,0.0,135.535720825195,168.450714111328,275.877227783203,4
150,154,140.25,251.035720825195,120.497596740723,334.917114257812,4
467,305,309.964294433594,347.678558349609,213.944717407227,361.75341796875,2
179,178,228.642852783203,332.357147216797,159.84375,352.092346191406,2
165,57,0.0,136.714279174805,95.90625,103.051414489746,4
64,167,96.6428604125977,0.0,28.2800483703613,0.0,4
141,152,60.1071434020996,188.571426391602,222.551681518555,0.0,4
249,117,551.571411132812,132.0,726.674255371094,258.701995849609,1
401,139,0.0,113.142860412598,175.828125,169.605453491211,4
209,127,0.0,223.928573608398,57.789665222168,82.6558227539062,4
226,245,265.178558349609,338.25,209.026443481445,384.2958984375,2
243,108,67.1785736083984,201.535720825195,140.170669555664,285.538299560547,4
186,86,537.428588867188,37.7142868041992,659.048095703125,0.0,1
103,42,0.0,0.0,114.349761962891,185.707244873047,4
85,51,87.2142868041992,210.964279174805,0.0,223.278076171875,4
145,110,82.5,182.678573608398,169.680282592773,366.047210693359,4
284,121,108.428573608398,0.0,47.953125,285.538299560547,4
107,51,0.0,82.5,147.548080444336,79.4354705810547,4
146,127,91.9285736083984,0.0,158.614181518555,86.9496307373047,4
110,137,0.0,28.2857151031494,95.90625,0.0,4
233,184,639.964294433594,102.535713195801,617.242797851562,268.363067626953,1
89,30,0.0,27.1071434020996,0.0,61.1867790222168,4
318,140,132.0,9.4285717010498,0.0,290.905548095703,4
234,107,58.9285697937012,192.107147216797,221.322113037109,174.972717285156,4
168,90,58.9285697937012,0.0,61.4783668518066,357.459594726562,4
212,62,53.0357131958008,179.142852783203,186.894226074219,243.67366027832,4
160,78,503.25,106.071426391602,548.387023925781,317.741882324219,1
68,35,88.3928604125977,0.0,0.0,211.470092773438,4
371,75,74.25,111.964286804199,143.859375,155.650573730469,4
431,167,96.6428604125977,156.75,164.762023925781,266.216156005859,4
168,37,107.25,173.25,179.516830444336,112.71248626709,4
186,132,53.0357131958008,69.5357131958008,0.0,198.588668823242,4
218,96,133.178573608398,126.107139587402,271.734375,237.232955932617,4
156,93,0.0,168.535720825195,209.026443481445,120.226654052734,4
100,79,0.0,73.0714263916016,61.4783668518066,298.419738769531,4
224,139,154.392852783203,212.142852783203,184.435089111328,297.346282958984,4
197,137,100.178573608398,161.464279174805,0.0,264.069244384766,4
89,92,97.8214263916016,177.964279174805,0.0,182.486877441406,4
383,156,57.75,186.214279174805,282.800476074219,199.662124633789,4
290,202,0.0,0.0,147.548080444336,235.086044311523,4
180,221,259.285705566406,339.428558349609,218.862976074219,291.97900390625,2
272,97,0.0,597.535705566406,638.145446777344,671.981140136719,3
76,29,0.0,0.0,0.0,165.311645507812,4
71,111,71.8928604125977,56.5714302062988,0.0,172.825805664062,4
420,133,93.1071395874023,195.642852783203,81.1514434814453,52.5991592407227,4
408,86,588.107116699219,101.357139587402,687.328125,21.4690456390381,1
327,103,48.3214302062988,0.0,253.290863037109,0.0,4
176,85,33.0,240.428573608398,186.894226074219,67.6274948120117,4
186,73,91.9285736083984,106.071426391602,185.664657592773,86.9496307373047,4
65,13,0.0,0.0,127.875,111.639038085938,4
95,90,41.25,0.0,132.793273925781,191.074508666992,4
113,109,489.107147216797,130.821426391602,708.230773925781,187.854141235352,1
231,172,7.07142877578735,192.107147216797,189.353363037109,226.498428344727,4
111,74,27.1071434020996,159.107147216797,0.0,255.481643676758,4
345,218,119.035713195801,136.714279174805,0.0,307.007354736328,4
231,133,86.0357131958008,0.0,199.189910888672,298.419738769531,4
328,172,591.642883300781,176.785720825195,671.34375,0.0,1
189,103,61.2857131958008,188.571426391602,217.633407592773,199.662124633789,4
333,103,57.75,227.464279174805,201.649032592773,185.707244873047,4
112,41,12.9642858505249,115.5,66.3966369628906,158.870941162109,4
91,40,0.0,222.75,0.0,242.600204467773,4
112,144,273.428558349609,308.785705566406,252.061294555664,285.538299560547,2
192,140,589.285705566406,100.178573608398,705.771606445312,238.306396484375,1
141,185,163.821426391602,259.285705566406,134.022842407227,364.973754882812,4
213,99,54.2142868041992,192.107147216797,50.4122581481934,308.080810546875,4
207,121,0.0,104.892860412598,39.3461532592773,307.007354736328,4
77,53,36.5357131958008,155.571426391602,82.3810119628906,223.278076171875,4
60,17,0.0,16.5,94.6766815185547,230.792236328125,4
299,95,543.321411132812,0.0,665.195922851562,208.249740600586,1
351,56,0.0,50.6785697937012,4.91826915740967,330.623291015625,4
74,51,35.3571434020996,0.0,59.019229888916,323.109130859375,4
204,114,81.3214263916016,183.857147216797,118.038459777832,338.137451171875,4
64,114,114.321426391602,0.0,0.0,215.763900756836,4
157,91,569.25,129.642852783203,730.362976074219,372.487945556641,1
358,117,140.25,129.642852783203,31.96875,359.606506347656,4
136,99,91.9285736083984,63.6428565979004,0.0,315.594970703125,4
102,34,111.964286804199,127.285713195801,238.536056518555,308.080810546875,4
287,100,113.142860412598,207.428573608398,0.0,238.306396484375,4
86,62,0.0,88.3928604125977,173.368988037109,313.448059082031,4
312,163,134.357147216797,215.678573608398,106.972358703613,288.758666992188,4
308,265,262.821441650391,361.821441650391,306.162261962891,360.679962158203,2
220,114,56.5714302062988,278.142852783203,237.306488037109,42.9380912780762,4
192,73,109.607139587402,141.428573608398,90.9879837036133,234.012588500977,4
571,201,141.428573608398,153.214279174805,142.629806518555,0.0,4
298,154,106.071426391602,300.535705566406,261.897827148438,294.125915527344,4
232,97,562.178588867188,28.2857151031494,663.966369628906,138.475341796875,1
188,95,41.25,175.607147216797,0.0,295.199371337891,4
200,118,546.857116699219,0.0,676.262023925781,297.346282958984,1
110,53,0.0,70.7142868041992,215.174285888672,243.67366027832,4
293,121,137.892852783203,89.5714263916016,279.111785888672,297.346282958984,4
411,98,631.714294433594,234.535720825195,612.324523925781,54.7460632324219,1
94,344,0.0,90.75,196.730773925781,234.012588500977,4
447,155,143.785720825195,691.821411132812,532.402648925781,767.518371582031,3
80,76,0.0,54.2142868041992,73.774040222168,269.4365234375,4
281,287,68.3571395874023,254.571426391602,185.664657592773,0.0,4
64,44,0.0,0.0,0.0,64.4071350097656,4
62,75,49.5,183.857147216797,287.71875,151.35676574707,4
262,112,84.8571395874023,90.75,220.092544555664,181.413436889648,4
131,107,484.392852783203,175.607147216797,720.526428222656,0.0,1
415,209,189.75,183.857147216797,244.683898925781,188.927597045898,4
140,96,0.0,149.678573608398,175.828125,314.521514892578,4
105,77,520.928588867188,0.0,746.347351074219,235.086044311523,1
250,255,154.392852783203,365.357147216797,217.633407592773,344.578186035156,4
76,366,0.0,0.0,86.069709777832,303.786987304688,4
126,76,0.0,196.821426391602,47.953125,161.017837524414,4
72,58,0.0,150.857147216797,19.6730766296387,305.933898925781,4
233,90,0.0,0.0,252.061294555664,312.374603271484,4
237,103,569.25,168.535720825195,625.849731445312,212.543548583984,1
257,171,89.5714263916016,67.1785736083984,136.481964111328,374.634826660156,4
258,124,160.285720825195,107.25,19.6730766296387,285.538299560547,4
94,127,0.0,210.964279174805,0.0,320.962219238281,4
70,59,21.2142848968506,231.0,99.594955444336,327.402923583984,4
111,87,0.0,0.0,0.0,0.0,4
234,95,0.0,552.75,628.308898925781,636.557189941406,3
95,36,0.0,201.535720825195,186.894226074219,165.311645507812,4
454,136,113.142860412598,596.357116699219,525.025268554688,764.298034667969,3
74,159,69.5357131958008,0.0,175.828125,236.15950012207,4
280,89,117.857139587402,282.857147216797,0.0,159.944381713867,4
307,70,1.17857146263123,209.785720825195,12.2956733703613,257.628540039062,4
72,52,0.0,41.25,223.78125,0.0,4
434,102,56.5714302062988,150.857147216797,90.9879837036133,181.413436889648,4
166,98,55.3928565979004,99.0,98.3653869628906,335.990570068359,4
260,144,130.821426391602,100.178573608398,23.3617782592773,276.95068359375,4
371,82,60.1071434020996,16.5,97.1358184814453,266.216156005859,4
351,232,127.285713195801,196.821426391602,19.6730766296387,214.690444946289,4
191,40,14.1428575515747,66.0,19.6730766296387,213.617004394531,4
469,119,0.0,57.75,0.0,339.210906982422,4
79,165,0.0,0.0,81.1514434814453,270.509979248047,4
400,93,581.035705566406,0.0,552.075744628906,60.1133270263672,1
181,119,192.107147216797,130.821426391602,269.275238037109,252.261276245117,4
306,188,83.6785736083984,77.7857131958008,94.6766815185547,224.351516723633,4
301,73,590.464294433594,159.107147216797,532.402648925781,0.0,1
433,114,45.9642868041992,140.25,45.4939918518066,232.93913269043,4
208,89,80.1428604125977,86.0357131958008,28.2800483703613,124.520462036133,4
62,71,0.0,0.0,0.0,303.786987304688,4
305,143,43.6071434020996,239.25,247.143035888672,161.017837524414,4
432,103,614.035705566406,0.0,619.701904296875,244.747116088867,1
321,170,553.928588867188,386.571441650391,707.001220703125,407.911865234375,1
75,37,0.0,205.071426391602,120.497596740723,276.95068359375,4
386,75,536.25,126.107139587402,580.355773925781,176.046173095703,1
338,136,11.7857141494751,271.071441650391,202.878601074219,318.815307617188,4
105,23,0.0,0.0,62.7079315185547,158.870941162109,4
203,115,10.6071424484253,161.464279174805,146.318511962891,198.588668823242,4
66,61,110.785713195801,0.0,145.088943481445,117.006294250488,4
342,151,89.5714263916016,183.857147216797,106.972358703613,254.408187866211,4
91,60,0.0,63.6428565979004,0.0,0.0,4
82,61,0.0,117.857139587402,0.0,312.374603271484,4
104,43,165.0,0.0,188.123794555664,293.052459716797,4
130,87,97.8214263916016,0.0,6.14783668518066,180.339981079102,4
244,119,198.0,509.142852783203,604.947143554688,655.879333496094,3
253,106,67.1785736083984,43.6071434020996,140.170669555664,133.10807800293,4
206,198,202.714279174805,313.5,242.224761962891,300.566619873047,4
200,258,282.857147216797,317.035705566406,126.645431518555,346.725067138672,2
312,148,142.607147216797,114.321426391602,147.548080444336,225.42497253418,4
60,37,0.0,132.0,94.6766815185547,134.181533813477,4
323,192,182.678573608398,307.607147216797,148.777648925781,281.244476318359,4
86,26,103.714286804199,0.0,0.0,61.1867790222168,4
133,243,502.071441650391,288.75,600.028869628906,249.040924072266,1
192,82,0.0,539.785705566406,663.966369628906,659.099670410156,3
62,24,22.3928565979004,176.785720825195,35.6574516296387,187.854141235352,4
198,102,0.0,162.642852783203,178.287261962891,0.0,4
281,79,69.5357131958008,510.321441650391,561.912231445312,678.421813964844,3
374,64,555.107116699219,68.3571395874023,670.114196777344,231.865692138672,1
172,91,571.607116699219,170.892852783203,804.137023925781,207.176284790039,1
157,123,166.178573608398,0.0,221.322113037109,238.306396484375,4
96,55,0.0,56.5714302062988,0.0,0.0,4
162,484,0.0,139.071426391602,156.155044555664,281.244476318359,4
158,31,122.571426391602,0.0,114.349761962891,30.0566635131836,4
189,69,498.535705566406,0.0,593.880981445312,97.6841583251953,1
277,147,140.25,49.5,172.139419555664,255.481643676758,4
171,110,551.571411132812,236.892852783203,753.724731445312,0.0,1
189,249,299.357147216797,334.714294433594,98.3653869628906,296.272827148438,2
92,142,0.0,0.0,206.567306518555,224.351516723633,4
94,64,31.8214282989502,0.0,0.0,308.080810546875,4
236,143,179.142852783203,64.8214263916016,109.431488037109,130.961181640625,4
103,110,104.892860412598,0.0,70.085334777832,312.374603271484,4
191,130,96.6428604125977,84.8571395874023,207.796875,245.820571899414,4
256,122,83.6785736083984,609.321411132812,738.969970703125,694.523620605469,3
292,89,120.214286804199,551.571411132812,584.044494628906,625.822692871094,3
223,93,34.1785697937012,102.535713195801,266.816101074219,140.62223815918,4
156,28,82.5,104.892860412598,0.0,182.486877441406,4
158,86,161.464279174805,120.214286804199,19.6730766296387,121.300102233887,4
165,273,319.392852783203,419.571441650391,285.259613037109,424.013641357422,2
158,124,97.8214263916016,218.035720825195,154.925476074219,266.216156005859,4
226,90,544.5,194.464279174805,623.390625,241.526763916016,1
60,19,116.678573608398,169.714279174805,0.0,186.780685424805,4
322,166,267.535705566406,302.892852783203,281.570922851562,268.363067626953,2
244,120,87.2142868041992,0.0,256.979553222656,22.5424976348877,4
237,129,571.607116699219,33.0,719.296875,256.555084228516,1
140,37,155.571426391602,0.0,22.1322116851807,301.640075683594,4
457,104,163.821426391602,49.5,240.995193481445,184.6337890625,4
159,227,176.785720825195,142.607147216797,114.349761962891,253.334732055664,4
149,59,0.0,15.3214282989502,134.022842407227,312.374603271484,4
107,194,99.0,0.0,70.085334777832,0.0,4
164,83,309.964294433594,119.035713195801,564.371398925781,252.261276245117,2
151,189,166.178573608398,293.464294433594,227.469955444336,309.154235839844,4
183,85,513.857116699219,0.0,552.075744628906,156.724029541016,1
120,101,0.0,0.0,656.588928222656,305.933898925781,4
208,86,0.0,0.0,118.038459777832,217.91081237793,4
298,105,585.75,93.1071395874023,414.364196777344,210.396636962891,1
101,56,0.0,15.3214282989502,61.4783668518066,195.368316650391,4
280,165,148.5,193.285720825195,164.762023925781,349.945434570312,4
177,90,56.5714302062988,143.785720825195,184.435089111328,247.967468261719,4
65,14,73.0714263916016,199.178573608398,0.0,285.538299560547,4
398,131,619.928588867188,227.464279174805,547.157470703125,145.989501953125,1
154,86,40.0714302062988,41.25,218.862976074219,284.46484375,4
290,126,38.8928565979004,120.214286804199,90.9879837036133,238.306396484375,4
78,226,0.0,0.0,0.0,0.0,4
122,304,141.428573608398,103.714286804199,120.497596740723,221.131164550781,4
419,192,176.785720825195,308.785705566406,539.780029296875,589.325317382812,3
71,44,0.0,120.214286804199,82.3810119628906,257.628540039062,4
232,101,81.3214263916016,252.214279174805,0.0,197.515213012695,4
226,367,245.142852783203,216.857147216797,129.104568481445,244.747116088867,2
453,99,623.464294433594,0.0,620.931518554688,0.0,1
71,85,0.0,0.0,0.0,142.769149780273,4
274,315,255.75,357.107147216797,201.649032592773,362.826873779297,2
408,114,73.0714263916016,104.892860412598,145.088943481445,317.741882324219,4
96,58,0.0,180.321426391602,20.902645111084,0.0,4
308,129,0.0,50.6785697937012,218.862976074219,305.933898925781,4
62,67,0.0,0.0,0.0,294.125915527344,4
80,187,0.0,20.0357151031494,93.4471130371094,298.419738769531,4
68,78,0.0,166.178573608398,17.2139415740967,303.786987304688,4
72,61,87.2142868041992,187.392852783203,142.629806518555,258.701995849609,4
415,70,565.714294433594,0.0,692.246398925781,258.701995849609,1
85,36,0.0,0.0,0.0,214.690444946289,4
260,151,71.8928604125977,214.5,0.0,307.007354736328,4
199,91,106.071426391602,157.928573608398,157.384613037109,261.92236328125,4
150,71,535.071411132812,247.5,630.768005371094,108.418678283691,1
352,86,609.321411132812,275.785705566406,683.639404296875,0.0,1
348,80,0.0,220.392852783203,36.887020111084,325.256042480469,4
79,46,0.0,83.6785736083984,43.034854888916,223.278076171875,4
187,107,579.857116699219,261.642852783203,702.082946777344,282.317932128906,1
159,39,1.17857146263123,119.035713195801,193.042068481445,245.820571899414,4
76,67,58.9285697937012,0.0,0.0,0.0,4
83,173,142.607147216797,160.285720825195,184.435089111328,79.4354705810547,4
286,85,526.821411132812,186.214279174805,571.748779296875,0.0,1
297,91,157.928573608398,238.071426391602,223.78125,332.770202636719,4
223,125,15.3214282989502,262.821441650391,694.705505371094,688.082885742188,3
261,209,152.035720825195,484.392852783203,536.091369628906,601.133239746094,3
65,117,0.0,0.0,11.0661058425903,0.0,4
185,100,186.214279174805,0.0,225.010818481445,258.701995849609,4
166,90,8.25,584.571411132812,631.997619628906,650.512084960938,3
153,97,122.571426391602,0.0,31.96875,301.640075683594,4
414,166,127.285713195801,500.892852783203,705.771606445312,622.602294921875,3
356,124,156.75,370.071441650391,541.009643554688,780.399780273438,3
116,171,0.0,183.857147216797,200.419464111328,161.017837524414,4
308,120,86.0357131958008,598.714294433594,565.600952148438,660.173156738281,3
306,65,582.214294433594,214.5,640.604553222656,243.67366027832,1
348,210,160.285720825195,213.321426391602,102.054084777832,207.176284790039,4
80,62,73.0714263916016,96.6428604125977,9.83653831481934,157.797485351562,4
124,147,0.0,153.214279174805,234.847351074219,260.848907470703,4
367,182,324.107147216797,354.75,277.882202148438,362.826873779297,2
168,98,31.8214282989502,113.142860412598,145.088943481445,369.267578125,4
200,106,33.0,160.285720825195,180.746398925781,245.820571899414,4
124,124,0.0,246.321426391602,173.368988037109,280.171051025391,4
123,90,174.428573608398,67.1785736083984,200.419464111328,142.769149780273,4
185,51,96.6428604125977,165.0,164.762023925781,317.741882324219,4
68,46,0.0,0.0,6.14783668518066,176.046173095703,4
166,87,12.9642858505249,241.607147216797,167.221160888672,176.046173095703,4
142,93,0.0,70.7142868041992,115.579330444336,229.718780517578,4
97,78,0.0,0.0,0.0,117.006294250488,4
418,195,240.428573608398,239.25,240.995193481445,295.199371337891,2
137,86,0.0,192.107147216797,0.0,68.700942993164,4
175,90,582.214294433594,0.0,635.686279296875,0.0,1
105,192,161.464279174805,269.892852783203,178.287261962891,354.2392578125,4
178,102,87.2142868041992,200.357147216797,65.1670684814453,279.097595214844,4
61,33,0.0,130.821426391602,0.0,0.0,4
78,129,0.0,173.25,18.443510055542,166.385101318359,4
115,22,0.0,0.0,0.0,0.0,4
67,16,0.0,0.0,0.0,0.0,4
220,140,96.6428604125977,0.0,55.3305282592773,296.272827148438,4
177,96,555.107116699219,0.0,718.067321777344,120.226654052734,1
82,35,0.0,100.178573608398,75.0036087036133,0.0,4
168,71,165.0,74.25,83.610580444336,285.538299560547,4
149,73,25.9285717010498,0.0,22.1322116851807,0.0,4
245,120,535.071411132812,0.0,579.126220703125,222.204620361328,1
155,111,594.0,37.7142868041992,766.020446777344,201.809020996094,1
64,110,21.2142848968506,0.0,34.4278831481934,249.040924072266,4
97,52,74.25,150.857147216797,143.859375,124.520462036133,4
161,124,163.821426391602,239.25,238.536056518555,163.164749145508,4
435,125,100.178573608398,97.8214263916016,210.256011962891,299.493194580078,4
391,95,31.8214282989502,694.178588867188,616.013244628906,761.07763671875,3
221,109,127.285713195801,254.571426391602,211.485580444336,247.967468261719,4
291,314,375.964294433594,394.821441650391,135.252410888672,375.708282470703,2
261,84,579.857116699219,0.0,779.545654296875,0.0,1
174,199,286.392852783203,367.714294433594,227.469955444336,275.877227783203,2
70,17,0.0,189.75,131.563705444336,268.363067626953,4
135,66,462.0,146.142852783203,619.701904296875,0.0,1
139,40,157.928573608398,128.464279174805,50.4122581481934,0.0,4
288,161,0.0,233.357147216797,178.287261962891,267.289611816406,4
92,24,80.1428604125977,43.6071434020996,0.0,111.639038085938,4
195,213,126.107139587402,181.5,272.963928222656,240.453308105469,4
108,107,561.0,9.4285717010498,677.491577148438,156.724029541016,1
189,100,54.2142868041992,665.892883300781,666.425476074219,663.393493652344,3
92,40,81.3214263916016,81.3214263916016,0.0,193.221405029297,4
66,239,0.0,11.7857141494751,0.0,101.977966308594,4
170,86,0.0,0.0,231.158660888672,147.062957763672,4
259,121,16.5,709.5,694.705505371094,679.495300292969,3
162,41,68.3571395874023,188.571426391602,45.4939918518066,255.481643676758,4
332,130,62.4642868041992,121.392860412598,161.073318481445,241.526763916016,4
224,83,573.964294433594,150.857147216797,631.997619628906,313.448059082031,1
153,447,29.4642848968506,214.5,190.582931518555,249.040924072266,4
188,68,586.928588867188,0.0,748.806518554688,289.832122802734,1
207,106,49.5,215.678573608398,49.1826934814453,271.583435058594,4
214,82,194.464279174805,84.8571395874023,196.730773925781,38.6442794799805,4
148,91,123.75,232.178573608398,145.088943481445,309.154235839844,4
308,150,193.285720825195,294.642852783203,223.78125,310.227691650391,4
436,129,116.678573608398,106.071426391602,23.3617782592773,112.71248626709,4
95,45,0.0,199.178573608398,0.0,225.42497253418,4
414,305,259.285705566406,350.035705566406,252.061294555664,356.386138916016,2
264,90,93.1071395874023,199.178573608398,247.143035888672,201.809020996094,4
465,210,0.0,232.178573608398,99.594955444336,139.548797607422,4
296,86,173.25,16.5,41.805290222168,235.086044311523,4
159,84,57.75,93.1071395874023,0.0,281.244476318359,4
518,89,107.25,661.178588867188,588.962768554688,740.682067871094,3
458,185,235.714279174805,183.857147216797,186.894226074219,229.718780517578,2
260,317,370.071441650391,392.464294433594,261.897827148438,412.205657958984,2
93,63,0.0,0.0,105.742790222168,92.31689453125,4
111,36,0.0,0.0,190.582931518555,245.820571899414,4
132,124,110.785713195801,153.214279174805,0.0,107.345222473145,4
298,98,577.5,0.0,715.608154296875,301.640075683594,1
356,82,603.428588867188,0.0,639.375,0.0,1
317,177,194.464279174805,0.0,77.4627380371094,227.571884155273,4
95,41,0.0,134.357147216797,0.0,0.0,4
224,100,70.7142868041992,48.3214302062988,138.941101074219,341.357818603516,4
284,55,546.857116699219,21.2142848968506,678.721130371094,267.289611816406,1
130,77,0.0,0.0,39.3461532592773,178.193069458008,4
153,94,0.0,54.2142868041992,169.680282592773,210.396636962891,4
380,81,598.714294433594,22.3928565979004,659.048095703125,128.814270019531,1
130,51,493.821441650391,0.0,645.522827148438,115.932846069336,1
91,92,0.0,0.0,0.0,230.792236328125,4
156,65,127.285713195801,155.571426391602,743.888244628906,287.685211181641,4
265,131,180.321426391602,148.5,45.4939918518066,229.718780517578,4
166,67,77.7857131958008,0.0,20.902645111084,0.0,4
206,124,40.0714302062988,218.035720825195,114.349761962891,313.448059082031,4
282,108,44.7857131958008,302.892852783203,127.875,0.0,4
88,50,30.6428565979004,23.5714282989502,184.435089111328,38.6442794799805,4
515,124,222.75,747.214294433594,561.912231445312,791.134338378906,3
221,116,148.5,152.035720825195,223.78125,200.735565185547,4
349,57,550.392883300781,77.7857131958008,625.849731445312,217.91081237793,1
259,100,506.785705566406,261.642852783203,745.117797851562,119.153198242188,1
316,182,166.178573608398,104.892860412598,0.0,85.8761825561523,4
310,73,70.7142868041992,160.285720825195,132.793273925781,228.645324707031,4
196,97,0.0,124.928573608398,170.909851074219,238.306396484375,4
186,104,115.5,140.25,147.548080444336,331.696746826172,4
539,149,80.1428604125977,141.428573608398,0.0,310.227691650391,4
82,38,77.7857131958008,0.0,47.953125,153.503677368164,4
84,39,0.0,0.0,59.019229888916,239.379852294922,4
197,95,88.3928604125977,539.785705566406,570.519226074219,634.410278320312,3
86,61,28.2857151031494,0.0,0.0,0.0,4
100,109,0.0,0.0,12.2956733703613,108.418678283691,4
197,125,583.392883300781,0.0,684.869018554688,224.351516723633,1
429,92,149.678573608398,80.1428604125977,0.0,259.775451660156,4
168,91,97.8214263916016,511.5,698.394226074219,605.427062988281,3
175,77,503.25,189.75,714.378601074219,180.339981079102,1
316,193,133.178573608398,225.107147216797,281.570922851562,335.990570068359,4
168,70,544.5,231.0,623.390625,275.877227783203,1
80,143,0.0,122.571426391602,129.104568481445,51.525707244873,4
204,119,146.142852783203,223.928573608398,136.481964111328,315.594970703125,4
249,130,132.0,195.642852783203,201.649032592773,227.571884155273,4
442,107,622.285705566406,21.2142848968506,691.016845703125,154.577117919922,1
187,173,282.857147216797,267.535705566406,253.290863037109,242.600204467773,2
65,85,0.0,17.6785717010498,0.0,179.266525268555,4
333,147,0.0,149.678573608398,242.224761962891,291.97900390625,4
70,60,37.7142868041992,0.0,92.217544555664,169.605453491211,4
191,100,167.357147216797,96.6428604125977,92.217544555664,310.227691650391,4
176,104,89.5714263916016,167.357147216797,0.0,333.843658447266,4
257,52,0.0,0.0,164.762023925781,290.905548095703,4
96,47,0.0,90.75,0.0,229.718780517578,4
203,85,121.392860412598,130.821426391602,45.4939918518066,45.0849952697754,4
438,213,500.892852783203,268.714294433594,677.491577148438,401.471130371094,1
132,313,0.0,0.0,19.6730766296387,271.583435058594,4
154,123,0.0,167.357147216797,0.0,222.204620361328,4
161,59,539.785705566406,189.75,630.768005371094,280.171051025391,1
196,111,56.5714302062988,524.464294433594,679.950744628906,708.478515625,3
182,79,175.607147216797,0.0,193.042068481445,320.962219238281,4
464,142,621.107116699219,162.642852783203,672.573303222656,283.391387939453,1
198,95,17.6785717010498,199.178573608398,0.0,167.458557128906,4
76,16,67.1785736083984,96.6428604125977,94.6766815185547,190.001052856445,4
201,101,63.6428565979004,168.535720825195,146.318511962891,173.899261474609,4
342,74,45.9642868041992,123.75,36.887020111084,300.566619873047,4
82,47,142.607147216797,170.892852783203,150.007217407227,173.899261474609,4
258,98,11.7857141494751,253.392852783203,0.0,268.363067626953,4
120,401,57.75,194.464279174805,260.668273925781,316.668426513672,4
170,92,5.89285707473755,569.25,691.016845703125,622.602294921875,3
348,170,38.8928565979004,223.928573608398,7.3774037361145,293.052459716797,4
317,283,265.178558349609,366.535705566406,189.353363037109,267.289611816406,2
110,95,0.0,61.2857131958008,168.450714111328,210.396636962891,4
232,151,49.5,0.0,291.407440185547,348.871978759766,4
381,78,594.0,0.0,619.701904296875,0.0,1
245,123,451.392852783203,175.607147216797,663.966369628906,315.594970703125,1
92,83,0.0,11.7857141494751,108.201919555664,40.791187286377,4
86,396,0.0,113.142860412598,34.4278831481934,64.4071350097656,4
245,101,115.5,477.321441650391,579.126220703125,621.528869628906,3
89,49,3.53571438789368,0.0,97.1358184814453,256.555084228516,4
203,87,477.321441650391,135.535720825195,590.192321777344,118.079750061035,1
90,52,0.0,30.6428565979004,0.0,0.0,4
257,136,165.0,63.6428565979004,14.754807472229,185.707244873047,4
278,210,146.142852783203,0.0,119.268028259277,237.232955932617,4
316,65,0.0,187.392852783203,121.727165222168,158.870941162109,4
290,85,62.4642868041992,56.5714302062988,6.14783668518066,63.333683013916,4
321,181,595.178588867188,0.0,687.328125,83.7292785644531,1
248,119,71.8928604125977,713.035705566406,676.262023925781,756.783813476562,3
135,63,109.607139587402,538.607116699219,548.387023925781,595.765991210938,3
228,117,161.464279174805,0.0,677.491577148438,251.18782043457,4
159,135,602.25,124.928573608398,643.063720703125,183.560333251953,1
120,60,0.0,101.357139587402,23.3617782592773,258.701995849609,4
138,90,33.0,133.178573608398,150.007217407227,309.154235839844,4
348,114,0.0,10.6071424484253,210.256011962891,258.701995849609,4
91,179,0.0,0.0,0.0,314.521514892578,4
378,100,631.714294433594,103.714286804199,683.639404296875,68.700942993164,1
271,127,93.1071395874023,182.678573608398,135.252410888672,301.640075683594,4
101,248,154.392852783203,234.535720825195,158.614181518555,213.617004394531,4
464,136,663.535705566406,15.3214282989502,591.421875,256.555084228516,1
73,71,0.0,139.071426391602,0.0,0.0,4
60,226,0.0,23.5714282989502,0.0,0.0,4
387,222,391.285705566406,330.0,373.788452148438,346.725067138672,2
407,129,132.0,784.928588867188,627.079345703125,782.546691894531,3
301,247,325.285705566406,346.5,165.991592407227,380.002105712891,2
136,90,0.0,0.0,0.0,127.740821838379,4
62,18,0.0,16.5,68.8557662963867,0.0,4
131,128,0.0,0.0,197.960342407227,0.0,4
204,73,292.285705566406,419.571441650391,393.461547851562,206.102828979492,2
244,146,568.071411132812,0.0,702.082946777344,0.0,1
80,187,0.0,0.0,82.3810119628906,135.254989624023,4
221,101,103.714286804199,198.0,108.201919555664,201.809020996094,4
479,121,615.214294433594,0.0,677.491577148438,129.887725830078,1
201,116,38.8928565979004,744.857116699219,731.592529296875,665.540405273438,3
95,72,124.928573608398,153.214279174805,60.2487983703613,202.882476806641,4
242,125,147.321426391602,28.2857151031494,217.633407592773,254.408187866211,4
272,286,342.964294433594,371.25,185.664657592773,399.324249267578,2
240,637,120.214286804199,0.0,285.259613037109,158.870941162109,4
99,77,486.75,9.4285717010498,629.538452148438,251.18782043457,1
189,206,127.285713195801,245.142852783203,115.579330444336,289.832122802734,4
247,111,58.9285697937012,183.857147216797,77.4627380371094,320.962219238281,4
63,64,74.25,213.321426391602,0.0,105.198318481445,4
191,87,115.5,259.285705566406,242.224761962891,333.843658447266,4
381,100,146.142852783203,186.214279174805,231.158660888672,257.628540039062,4
60,224,0.0,0.0,97.1358184814453,298.419738769531,4
279,147,243.964279174805,637.607116699219,715.608154296875,696.670532226562,3
95,65,96.6428604125977,292.285705566406,190.582931518555,180.339981079102,4
183,85,95.4642868041992,553.928588867188,633.227172851562,667.687316894531,3
92,178,82.5,123.75,98.3653869628906,270.509979248047,4
218,90,518.571411132812,241.607147216797,770.938720703125,0.0,1
115,53,0.0,153.214279174805,0.0,71.9213027954102,4
258,274,269.892852783203,272.25,276.652648925781,378.928649902344,2
148,68,29.4642848968506,615.214294433594,624.620178222656,677.348388671875,3
253,147,0.0,170.892852783203,77.4627380371094,235.086044311523,4
505,177,78.9642868041992,24.75,350.426696777344,283.391387939453,4
705,373,644.678588867188,355.928558349609,720.526428222656,278.024139404297,1
80,33,0.0,0.0,28.2800483703613,151.35676574707,4
89,303,0.0,87.2142868041992,0.0,0.0,4
166,160,24.75,104.892860412598,145.088943481445,0.0,4
159,98,0.0,182.678573608398,70.085334777832,186.780685424805,4
128,146,473.785705566406,288.75,518.877380371094,347.798522949219,1
295,65,74.25,0.0,0.0,287.685211181641,4
204,89,57.75,27.1071434020996,243.454330444336,312.374603271484,4
371,92,135.535720825195,214.5,0.0,333.843658447266,4
139,81,0.0,48.3214302062988,100.824516296387,268.363067626953,4
268,205,203.892852783203,307.607147216797,212.715148925781,65.4805908203125,4
255,53,132.0,0.0,189.353363037109,241.526763916016,4
124,85,0.0,107.25,86.069709777832,322.035675048828,4
168,84,147.321426391602,113.142860412598,282.800476074219,210.396636962891,4
205,113,81.3214263916016,133.178573608398,126.645431518555,289.832122802734,4
127,42,0.0,214.5,0.0,221.131164550781,4
156,36,63.6428565979004,135.535720825195,0.0,333.843658447266,4
161,76,513.857116699219,57.75,640.604553222656,253.334732055664,1
279,184,169.714279174805,210.964279174805,145.088943481445,290.905548095703,4
242,63,124.928573608398,242.785720825195,309.850952148438,217.91081237793,4
463,105,147.321426391602,201.535720825195,71.3149032592773,308.080810546875,4
70,48,0.0,27.1071434020996,0.0,177.11962890625,4
272,50,68.3571395874023,0.0,151.236785888672,136.328430175781,4
201,131,115.5,233.357147216797,86.069709777832,259.775451660156,4
455,105,57.75,240.428573608398,218.862976074219,279.097595214844,4
106,157,293.464294433594,380.678558349609,0.0,313.448059082031,2
222,112,383.035705566406,287.571441650391,501.663452148438,376.78173828125,2
92,144,23.5714282989502,0.0,67.626205444336,224.351516723633,4
69,123,0.0,140.25,0.0,289.832122802734,4
74,80,101.357139587402,254.571426391602,63.9375,294.125915527344,4
242,132,63.6428565979004,507.964294433594,660.277648925781,712.772277832031,3
213,60,0.0,88.3928604125977,132.793273925781,162.091293334961,4
102,165,253.392852783203,289.928558349609,178.287261962891,324.182586669922,2
215,113,149.678573608398,143.785720825195,46.7235565185547,302.713531494141,4
113,97,0.0,10.6071424484253,55.3305282592773,141.695693969727,4
162,78,96.6428604125977,429.0,569.289672851562,580.737670898438,3
94,24,0.0,0.0,0.0,272.656860351562,4
369,203,194.464279174805,308.785705566406,102.054084777832,275.877227783203,4
325,136,0.0,0.0,150.007217407227,346.725067138672,4
219,119,119.035713195801,0.0,146.318511962891,294.125915527344,4
65,223,0.0,0.0,127.875,0.0,4
260,147,101.357139587402,51.8571434020996,122.956733703613,228.645324707031,4
102,156,50.6785697937012,0.0,0.0,230.792236328125,4
82,221,80.1428604125977,66.0,7.3774037361145,166.385101318359,4
211,194,293.464294433594,306.428558349609,274.193511962891,360.679962158203,2
258,189,57.75,212.142852783203,138.941101074219,320.962219238281,4
63,281,64.8214263916016,225.107147216797,282.800476074219,290.905548095703,4
251,76,147.321426391602,0.0,163.532455444336,249.040924072266,4
108,54,102.535713195801,156.75,44.2644233703613,265.142700195312,4
300,114,0.0,528.0,588.962768554688,632.263366699219,3
276,123,0.0,168.535720825195,687.328125,45.0849952697754,4
74,35,0.0,161.464279174805,151.236785888672,0.0,4
277,66,133.178573608398,672.964294433594,603.717529296875,676.27490234375,3
309,165,91.9285736083984,7.07142877578735,120.497596740723,366.047210693359,4
97,51,0.0,234.535720825195,61.4783668518066,172.825805664062,4
101,19,40.0714302062988,3.53571438789368,0.0,174.972717285156,4
438,121,108.428573608398,154.392852783203,220.092544555664,0.0,4
154,131,58.9285697937012,56.5714302062988,115.579330444336,193.221405029297,4
188,100,0.0,155.571426391602,131.563705444336,257.628540039062,4
263,49,0.0,185.035720825195,70.085334777832,242.600204467773,4
81,139,15.3214282989502,0.0,38.116584777832,111.639038085938,4
425,106,168.535720825195,0.0,33.1983184814453,245.820571899414,4
138,28,114.321426391602,0.0,152.466339111328,187.854141235352,4
115,47,0.0,167.357147216797,0.0,167.458557128906,4
69,11,7.07142877578735,0.0,0.0,126.667366027832,4
135,72,0.0,87.2142868041992,0.0,0.0,4
357,64,526.821411132812,0.0,640.604553222656,271.583435058594,1
157,79,0.0,0.0,159.84375,314.521514892578,4
247,119,3.53571438789368,185.035720825195,162.302886962891,207.176284790039,4
81,48,0.0,0.0,0.0,229.718780517578,4
229,101,64.8214263916016,697.714294433594,683.639404296875,691.30322265625,3
468,150,630.535705566406,150.857147216797,700.853393554688,247.967468261719,1
82,61,0.0,246.321426391602,150.007217407227,297.346282958984,4
439,149,586.928588867188,90.75,645.522827148438,203.955932617188,1
224,98,70.7142868041992,167.357147216797,167.221160888672,207.176284790039,4
348,76,35.3571434020996,425.464294433594,565.600952148438,660.173156738281,3
62,37,96.6428604125977,35.3571434020996,222.551681518555,242.600204467773,4
225,117,585.75,179.142852783203,731.592529296875,225.42497253418,1
230,120,126.107139587402,95.4642868041992,23.3617782592773,324.182586669922,4
251,134,23.5714282989502,218.035720825195,218.862976074219,235.086044311523,4
304,79,8.25,222.75,0.0,298.419738769531,4
99,243,136.714279174805,74.25,0.0,185.707244873047,4
487,125,609.321411132812,161.464279174805,624.620178222656,210.396636962891,1
245,109,47.1428565979004,558.642883300781,601.258422851562,646.21826171875,3
275,68,124.928573608398,157.928573608398,0.0,78.3620147705078,4
213,83,88.3928604125977,55.3928565979004,129.104568481445,158.870941162109,4
295,51,44.7857131958008,149.678573608398,30.7391834259033,178.193069458008,4
228,121,161.464279174805,215.678573608398,169.680282592773,256.555084228516,4
92,42,61.2857131958008,58.9285697937012,0.0,267.289611816406,4
239,102,66.0,460.821441650391,584.044494628906,679.495300292969,3
262,120,137.892852783203,248.678573608398,138.941101074219,268.363067626953,4
205,100,528.0,102.535713195801,665.195922851562,182.486877441406,1
85,101,0.0,150.857147216797,63.9375,142.769149780273,4
209,95,139.071426391602,128.464279174805,275.423065185547,296.272827148438,4
108,56,518.571411132812,108.428573608398,715.608154296875,250.114379882812,1
275,125,137.892852783203,35.3571434020996,229.929092407227,316.668426513672,4
477,119,7.07142877578735,0.0,200.419464111328,209.323196411133,4
133,266,97.8214263916016,264.0,237.306488037109,291.97900390625,4
437,118,103.714286804199,3.53571438789368,0.0,133.10807800293,4
176,420,89.5714263916016,167.357147216797,260.668273925781,279.097595214844,4
135,43,67.1785736083984,0.0,113.120193481445,100.904510498047,4
336,190,155.571426391602,97.8214263916016,148.777648925781,294.125915527344,4
324,168,141.428573608398,187.392852783203,211.485580444336,360.679962158203,4
99,345,38.8928565979004,213.321426391602,110.661056518555,340.284362792969,4
140,172,196.821426391602,319.392852783203,66.3966369628906,353.165802001953,4
225,234,189.75,312.321441650391,194.271636962891,320.962219238281,4
218,120,602.25,91.9285736083984,762.331726074219,274.803771972656,1
428,103,150.857147216797,702.428588867188,575.4375,761.07763671875,3
164,55,96.6428604125977,148.5,175.828125,302.713531494141,4
150,66,532.714294433594,239.25,778.316101074219,246.894012451172,1
237,120,173.25,0.0,255.75,258.701995849609,4
91,55,0.0,165.0,0.0,286.611755371094,4
190,109,141.428573608398,222.75,205.337738037109,0.0,4
125,147,36.5357131958008,34.1785697937012,119.268028259277,247.967468261719,4
349,66,511.5,0.0,616.013244628906,215.763900756836,1
64,26,0.0,90.75,14.754807472229,318.815307617188,4
323,103,592.821411132812,99.0,662.736755371094,0.0,1
240,162,272.25,242.785720825195,181.975967407227,267.289611816406,2
277,124,564.535705566406,100.178573608398,580.355773925781,267.289611816406,1
118,56,0.0,142.607147216797,276.652648925781,293.052459716797,4
205,99,83.6785736083984,162.642852783203,0.0,84.8027267456055,4
407,77,546.857116699219,1.17857146263123,603.717529296875,0.0,1
68,72,18.8571434020996,115.5,0.0,117.006294250488,4
271,139,31.8214282989502,136.714279174805,211.485580444336,199.662124633789,4
172,67,524.464294433594,198.0,705.771606445312,100.904510498047,1
141,117,74.25,97.8214263916016,2.45913457870483,234.012588500977,4
274,93,0.0,160.285720825195,159.84375,137.401885986328,4
204,129,44.7857131958008,143.785720825195,22.1322116851807,289.832122802734,4
379,85,595.178588867188,47.1428565979004,522.566101074219,247.967468261719,1
200,211,136.714279174805,306.428558349609,206.567306518555,265.142700195312,4
107,196,170.892852783203,269.892852783203,217.633407592773,234.012588500977,4
75,92,146.142852783203,96.6428604125977,195.501205444336,206.102828979492,4
158,59,94.2857131958008,117.857139587402,222.551681518555,322.035675048828,4
70,79,84.8571395874023,2.35714292526245,132.793273925781,0.0,4
452,106,61.2857131958008,0.0,612.324523925781,293.052459716797,4
87,78,55.3928565979004,0.0,0.0,202.882476806641,4
225,100,160.285720825195,140.25,225.010818481445,304.860443115234,4
178,87,139.071426391602,491.464294433594,655.359375,620.455383300781,3
201,133,0.0,203.892852783203,202.878601074219,283.391387939453,4
68,14,64.8214263916016,0.0,22.1322116851807,246.894012451172,4
81,21,49.5,33.0,93.4471130371094,0.0,4
408,76,477.321441650391,202.714279174805,593.880981445312,0.0,1
175,94,140.25,117.857139587402,215.174285888672,153.503677368164,4
373,71,611.678588867188,108.428573608398,645.522827148438,128.814270019531,1
190,146,120.214286804199,193.285720825195,0.0,290.905548095703,4
75,73,0.0,0.0,0.0,163.164749145508,4
920,415,602.25,315.857147216797,575.4375,281.244476318359,1
393,174,5.89285707473755,219.214279174805,0.0,166.385101318359,4
412,125,592.821411132812,238.071426391602,702.082946777344,198.588668823242,1
210,105,115.5,90.75,683.639404296875,234.012588500977,4
165,101,113.142860412598,111.964286804199,50.4122581481934,294.125915527344,4
226,80,617.571411132812,262.821441650391,663.966369628906,226.498428344727,1
61,79,8.25,43.6071434020996,0.0,151.35676574707,4
76,63,0.0,0.0,0.0,338.137451171875,4
392,81,595.178588867188,0.0,726.674255371094,252.261276245117,1
105,205,0.0,3.53571438789368,154.925476074219,259.775451660156,4
208,98,40.0714302062988,116.678573608398,0.0,344.578186035156,4
330,113,45.9642868041992,60.1071434020996,184.435089111328,653.732421875,3
140,47,75.4285736083984,30.6428565979004,0.0,203.955932617188,4
186,109,0.0,86.0357131958008,202.878601074219,195.368316650391,4
379,92,555.107116699219,150.857147216797,575.4375,172.825805664062,1
118,56,113.142860412598,0.0,127.875,268.363067626953,4
185,107,550.392883300781,245.142852783203,695.935119628906,180.339981079102,1
233,138,317.035705566406,186.214279174805,221.322113037109,325.256042480469,2
154,214,306.428558349609,175.607147216797,215.174285888672,258.701995849609,2
153,74,538.607116699219,89.5714263916016,572.978393554688,270.509979248047,1
243,144,37.7142868041992,176.785720825195,280.341339111328,225.42497253418,4
109,237,280.5,375.964294433594,280.341339111328,373.561370849609,2
367,188,170.892852783203,168.535720825195,131.563705444336,216.837356567383,4
136,45,35.3571434020996,111.964286804199,152.466339111328,93.3903427124023,4
430,224,0.0,0.0,209.026443481445,77.288558959961,4
301,64,513.857116699219,0.0,569.289672851562,213.617004394531,1
80,39,0.0,91.9285736083984,25.8209133148193,181.413436889648,4
115,74,0.0,0.0,73.774040222168,198.588668823242,4
93,275,0.0,113.142860412598,215.174285888672,258.701995849609,4
192,107,552.75,94.2857131958008,738.969970703125,190.001052856445,1
174,85,0.0,0.0,210.256011962891,338.137451171875,4
181,56,507.964294433594,114.321426391602,616.013244628906,330.623291015625,1
273,170,67.1785736083984,180.321426391602,0.0,312.374603271484,4
68,68,0.0,51.8571434020996,138.941101074219,120.226654052734,4
276,216,239.25,297.0,0.0,200.735565185547,2
63,161,0.0,0.0,0.0,182.486877441406,4
111,44,84.8571395874023,9.4285717010498,95.90625,307.007354736328,4
320,85,578.678588867188,0.0,689.787231445312,279.097595214844,1
208,33,64.8214263916016,206.25,41.805290222168,260.848907470703,4
104,190,198.0,0.0,314.769226074219,254.408187866211,4
209,102,0.0,119.035713195801,245.913467407227,150.283309936523,4
178,104,130.821426391602,603.428588867188,652.900268554688,721.359924316406,3
321,173,50.6785697937012,11.7857141494751,110.661056518555,333.843658447266,4
344,123,87.2142868041992,193.285720825195,223.78125,202.882476806641,4
204,91,35.3571434020996,408.964294433594,641.834106445312,694.523620605469,3
436,89,643.5,165.0,673.802856445312,296.272827148438,1
188,51,78.9642868041992,121.392860412598,56.5600967407227,194.294860839844,4
243,147,186.214279174805,142.607147216797,268.045684814453,300.566619873047,4
197,134,190.928573608398,213.321426391602,210.256011962891,144.916061401367,4
85,60,0.0,149.678573608398,190.582931518555,241.526763916016,4
141,211,124.928573608398,371.25,62.7079315185547,329.549835205078,4
92,169,36.5357131958008,70.7142868041992,29.509614944458,238.306396484375,4
394,122,578.678588867188,143.785720825195,645.522827148438,188.927597045898,1
214,84,93.1071395874023,87.2142868041992,0.0,252.261276245117,4
520,174,58.9285697937012,183.857147216797,84.8401412963867,225.42497253418,4
379,77,530.357116699219,3.53571438789368,590.192321777344,216.837356567383,1
102,103,50.6785697937012,119.035713195801,28.2800483703613,230.792236328125,4
162,91,63.6428565979004,185.035720825195,108.201919555664,298.419738769531,4
166,82,130.821426391602,195.642852783203,25.8209133148193,343.504730224609,4
271,226,330.0,375.964294433594,291.407440185547,347.798522949219,2
256,163,124.928573608398,0.0,254.520431518555,137.401885986328,4
151,106,495.0,137.892852783203,604.947143554688,227.571884155273,1
401,103,94.2857131958008,675.321411132812,611.094970703125,727.800659179688,3
250,134,29.4642848968506,233.357147216797,0.0,155.650573730469,4
316,163,200.357147216797,245.142852783203,226.240386962891,314.521514892578,4
106,32,50.6785697937012,0.0,199.189910888672,107.345222473145,4
433,127,536.25,196.821426391602,691.016845703125,27.9097595214844,1
295,125,231.0,185.035720825195,325.835327148438,262.995788574219,2
484,125,170.892852783203,737.785705566406,636.915893554688,810.456481933594,3
216,127,555.107116699219,62.4642868041992,670.114196777344,84.8027267456055,1
77,135,0.0,0.0,210.256011962891,162.091293334961,4
340,61,30.6428565979004,41.25,154.925476074219,253.334732055664,4
65,49,36.5357131958008,0.0,190.582931518555,228.645324707031,4
354,74,584.571411132812,0.0,667.655029296875,296.272827148438,1
197,78,56.5714302062988,190.928573608398,687.328125,278.024139404297,4
308,71,0.0,0.0,45.4939918518066,259.775451660156,4
234,91,139.071426391602,159.107147216797,197.960342407227,309.154235839844,4
279,177,77.7857131958008,134.357147216797,205.337738037109,324.182586669922,4
102,25,30.6428565979004,255.75,66.3966369628906,267.289611816406,4
67,44,25.9285717010498,0.0,7.3774037361145,135.254989624023,4
319,346,280.5,416.035705566406,270.504821777344,355.312683105469,2
73,33,16.5,0.0,129.104568481445,254.408187866211,4
254,88,109.607139587402,196.821426391602,154.925476074219,0.0,4
97,157,0.0,202.714279174805,106.972358703613,147.062957763672,4
159,89,74.25,185.035720825195,0.0,283.391387939453,4
76,83,0.0,0.0,0.0,257.628540039062,4
290,152,114.321426391602,101.357139587402,156.155044555664,331.696746826172,4
255,117,143.785720825195,180.321426391602,132.793273925781,220.057708740234,4
262,73,480.857147216797,185.035720825195,668.884643554688,133.10807800293,1
194,92,0.0,0.0,147.548080444336,362.826873779297,4
226,91,14.1428575515747,71.8928604125977,115.579330444336,360.679962158203,4
188,139,0.0,0.0,50.4122581481934,133.10807800293,4
145,99,57.75,234.535720825195,138.941101074219,220.057708740234,4
405,81,84.8571395874023,557.464294433594,602.487976074219,684.862548828125,3
220,102,110.785713195801,222.75,111.890625,282.317932128906,4
152,68,543.321411132812,0.0,604.947143554688,241.526763916016,1
220,53,67.1785736083984,86.0357131958008,0.0,340.284362792969,4
166,121,63.6428565979004,121.392860412598,0.0,353.165802001953,4
88,96,87.2142868041992,0.0,0.0,63.333683013916,4
109,203,64.8214263916016,241.607147216797,154.925476074219,343.504730224609,4
134,172,0.0,301.714294433594,0.0,276.95068359375,4
344,63,507.964294433594,0.0,687.328125,259.775451660156,1
154,71,0.0,209.785720825195,25.8209133148193,265.142700195312,4
167,165,262.821441650391,337.071441650391,292.637023925781,302.713531494141,2
349,92,128.464279174805,220.392852783203,104.513221740723,163.164749145508,4
100,52,126.107139587402,187.392852783203,174.598556518555,76.2151107788086,4
306,136,71.8928604125977,94.2857131958008,93.4471130371094,74.0682067871094,4
443,101,63.6428565979004,146.142852783203,231.158660888672,310.227691650391,4
213,208,182.678573608398,135.535720825195,29.509614944458,367.120666503906,4
93,70,0.0,0.0,212.715148925781,261.92236328125,4
219,122,175.607147216797,172.071426391602,0.0,224.351516723633,4
465,170,37.7142868041992,200.357147216797,201.649032592773,220.057708740234,4
482,156,108.428573608398,123.75,319.6875,70.8478469848633,4
190,109,602.25,170.892852783203,689.787231445312,288.758666992188,1
65,41,37.7142868041992,0.0,0.0,223.278076171875,4
68,47,99.0,0.0,0.0,244.747116088867,4
373,112,610.5,0.0,698.394226074219,80.508918762207,1
269,90,77.7857131958008,0.0,0.0,54.7460632324219,4
255,74,0.0,136.714279174805,231.158660888672,108.418678283691,4
67,23,96.6428604125977,0.0,0.0,270.509979248047,4
171,116,0.0,167.357147216797,75.0036087036133,288.758666992188,4
319,107,591.642883300781,126.107139587402,628.308898925781,77.288558959961,1
313,73,110.785713195801,0.0,56.5600967407227,274.803771972656,4
467,132,623.464294433594,0.0,633.227172851562,300.566619873047,1
65,91,0.0,53.0357131958008,0.0,24.6894016265869,4
247,107,173.25,446.678558349609,628.308898925781,648.365173339844,3
128,31,0.0,0.0,0.0,296.272827148438,4
118,66,0.0,181.5,94.6766815185547,194.294860839844,4
137,142,312.321441650391,351.214294433594,127.875,441.188873291016,2
92,107,77.7857131958008,122.571426391602,47.953125,247.967468261719,4
465,118,88.3928604125977,637.607116699219,616.013244628906,722.433349609375,3
225,134,170.892852783203,233.357147216797,169.680282592773,110.565582275391,4
180,69,174.428573608398,180.321426391602,151.236785888672,358.533050537109,4
69,56,0.0,128.464279174805,0.0,280.171051025391,4
161,98,15.3214282989502,176.785720825195,13.525239944458,45.0849952697754,4
157,60,519.75,165.0,641.834106445312,148.136413574219,1
286,27,496.178558349609,121.392860412598,640.604553222656,217.91081237793,1
229,119,137.892852783203,70.7142868041992,20.902645111084,329.549835205078,4
90,87,27.1071434020996,0.0,138.941101074219,64.4071350097656,4
137,206,216.857147216797,372.428558349609,226.240386962891,414.352569580078,2
173,90,528.0,172.071426391602,649.211547851562,264.069244384766,1
75,55,119.035713195801,0.0,0.0,42.9380912780762,4
83,56,0.0,106.071426391602,8.60697078704834,178.193069458008,4
92,14,0.0,89.5714263916016,0.0,0.0,4
151,40,0.0,0.0,0.0,153.503677368164,4
232,52,507.964294433594,0.0,616.013244628906,78.3620147705078,1
369,108,95.4642868041992,1.17857146263123,17.2139415740967,241.526763916016,4
271,76,516.214294433594,0.0,618.472351074219,247.967468261719,1
83,40,0.0,0.0,0.0,243.67366027832,4
365,93,124.928573608398,438.428558349609,612.324523925781,634.410278320312,3
72,70,156.75,0.0,186.894226074219,279.097595214844,4
207,121,0.0,91.9285736083984,0.0,223.278076171875,4
189,123,0.0,89.5714263916016,236.076919555664,114.859390258789,4
279,207,121.392860412598,87.2142868041992,170.909851074219,244.747116088867,4
232,148,292.285705566406,202.714279174805,302.473571777344,201.809020996094,2
153,80,0.0,631.714294433594,670.114196777344,678.421813964844,3
67,62,0.0,0.0,148.777648925781,269.4365234375,4
85,91,0.0,148.5,110.661056518555,303.786987304688,4
282,123,97.8214263916016,58.9285697937012,194.271636962891,249.040924072266,4
65,116,0.0,147.321426391602,97.1358184814453,250.114379882812,4
117,197,0.0,165.0,81.1514434814453,137.401885986328,4
298,54,570.428588867188,143.785720825195,675.032470703125,215.763900756836,1
282,135,132.0,551.571411132812,702.082946777344,738.53515625,3
222,95,82.5,43.6071434020996,0.0,283.391387939453,4
223,83,126.107139587402,135.535720825195,158.614181518555,201.809020996094,4
219,110,77.7857131958008,127.285713195801,41.805290222168,192.14794921875,4
386,177,81.3214263916016,53.0357131958008,249.602157592773,0.0,4
306,150,135.535720825195,140.25,233.617782592773,347.798522949219,4
205,95,61.2857131958008,103.714286804199,163.532455444336,295.199371337891,4
517,133,170.892852783203,272.25,157.384613037109,303.786987304688,4
60,24,0.0,0.0,0.0,294.125915527344,4
264,63,423.107147216797,0.0,404.527648925781,72.9947509765625,1
296,95,7.07142877578735,2.35714292526245,90.9879837036133,265.142700195312,4
210,113,0.0,185.035720825195,217.633407592773,193.221405029297,4
64,45,0.0,200.357147216797,25.8209133148193,0.0,4
77,106,122.571426391602,9.4285717010498,100.824516296387,120.226654052734,4
181,68,522.107116699219,90.75,697.164672851562,207.176284790039,1
308,187,269.892852783203,357.107147216797,145.088943481445,384.2958984375,2
182,48,73.0714263916016,1.17857146263123,211.485580444336,170.678909301758,4
101,56,0.0,0.0,15.984375,0.0,4
120,80,61.2857131958008,0.0,38.116584777832,287.685211181641,4
328,145,155.571426391602,0.0,253.290863037109,209.323196411133,4
172,84,0.0,241.607147216797,137.711532592773,238.306396484375,4
124,28,30.6428565979004,128.464279174805,254.520431518555,324.182586669922,4
231,139,161.464279174805,254.571426391602,84.8401412963867,288.758666992188,4
310,104,49.5,137.892852783203,254.520431518555,198.588668823242,4
193,95,0.0,2.35714292526245,0.0,294.125915527344,4
72,58,0.0,0.0,0.0,220.057708740234,4
214,69,78.9642868041992,610.5,654.129821777344,690.229797363281,3
299,156,152.035720825195,103.714286804199,268.045684814453,295.199371337891,4
199,64,170.892852783203,101.357139587402,0.0,250.114379882812,4
127,63,49.5,64.8214263916016,147.548080444336,260.848907470703,4
223,57,42.4285697937012,350.035705566406,549.616577148438,564.635864257812,3
484,90,49.5,700.071411132812,611.094970703125,779.326354980469,3
192,123,162.642852783203,99.0,580.355773925781,241.526763916016,4
221,119,9.4285717010498,139.071426391602,114.349761962891,31.1301155090332,4
243,144,186.214279174805,420.75,629.538452148438,688.082885742188,3
288,87,80.1428604125977,190.928573608398,236.076919555664,220.057708740234,4
305,281,321.75,404.25,288.948303222656,403.618041992188,2
140,40,70.7142868041992,133.178573608398,0.0,0.0,4
130,46,21.2142848968506,155.571426391602,154.925476074219,118.079750061035,4
531,188,610.5,324.107147216797,526.254821777344,309.154235839844,1
284,133,107.25,111.964286804199,122.956733703613,99.8310623168945,4
261,98,68.3571395874023,17.6785717010498,147.548080444336,191.074508666992,4
198,205,0.0,210.964279174805,105.742790222168,24.6894016265869,4
184,164,123.75,192.107147216797,164.762023925781,130.961181640625,4
231,91,61.2857131958008,504.428558349609,678.721130371094,670.907653808594,3
374,135,591.642883300781,18.8571434020996,647.981994628906,213.617004394531,1
221,152,114.321426391602,166.178573608398,240.995193481445,0.0,4
127,88,198.0,594.0,643.063720703125,661.24658203125,3
263,61,152.035720825195,225.107147216797,269.275238037109,226.498428344727,4
405,89,141.428573608398,75.4285736083984,0.0,25.7628536224365,4
96,52,0.0,33.0,0.0,203.955932617188,4
286,85,87.2142868041992,0.0,0.0,226.498428344727,4
80,57,80.1428604125977,0.0,54.100959777832,42.9380912780762,4
163,243,71.8928604125977,36.5357131958008,161.073318481445,0.0,4
532,717,385.392852783203,467.892852783203,451.251190185547,416.499481201172,2
98,25,0.0,48.3214302062988,115.579330444336,0.0,4
77,35,135.535720825195,0.0,204.108169555664,50.4522552490234,4
286,73,102.535713195801,0.0,0.0,170.678909301758,4
325,137,10.6071424484253,110.785713195801,54.100959777832,266.216156005859,4
272,91,14.1428575515747,4.7142858505249,105.742790222168,200.735565185547,4
71,79,93.1071395874023,186.214279174805,132.793273925781,218.984252929688,4
163,75,530.357116699219,228.642852783203,682.409851074219,217.91081237793,1
509,182,104.892860412598,69.5357131958008,24.5913467407227,122.373558044434,4
77,128,31.8214282989502,0.0,205.337738037109,187.854141235352,4
482,140,144.964279174805,111.964286804199,15.984375,207.176284790039,4
85,33,0.0,246.321426391602,114.349761962891,45.0849952697754,4
81,32,0.0,130.821426391602,0.0,125.593910217285,4
258,164,89.5714263916016,156.75,0.0,370.341033935547,4
130,150,243.964279174805,148.5,147.548080444336,310.227691650391,2
133,230,28.2857151031494,174.428573608398,72.5444717407227,218.984252929688,4
79,240,97.8214263916016,233.357147216797,18.443510055542,96.6107025146484,4
80,216,2.35714292526245,0.0,0.0,113.785942077637,4
327,103,97.8214263916016,148.5,0.0,252.261276245117,4
203,142,139.071426391602,166.178573608398,170.909851074219,267.289611816406,4
159,242,37.7142868041992,302.892852783203,127.875,324.182586669922,4
231,54,0.0,167.357147216797,56.5600967407227,327.402923583984,4
168,83,0.0,14.1428575515747,114.349761962891,278.024139404297,4
379,99,91.9285736083984,0.0,108.201919555664,201.809020996094,4
206,90,0.0,449.035705566406,575.4375,565.709350585938,3
205,134,53.0357131958008,213.321426391602,173.368988037109,226.498428344727,4
361,133,0.0,48.3214302062988,0.0,319.888763427734,4
82,33,0.0,76.6071395874023,43.034854888916,319.888763427734,4
133,52,159.107147216797,0.0,109.431488037109,285.538299560547,4
200,139,3.53571438789368,103.714286804199,88.5288467407227,200.735565185547,4
189,60,523.285705566406,70.7142868041992,715.608154296875,200.735565185547,1
316,69,149.678573608398,0.0,0.0,0.0,4
309,90,97.8214263916016,201.535720825195,0.0,301.640075683594,4
317,160,160.285720825195,208.607147216797,0.0,307.007354736328,4
60,15,0.0,54.2142868041992,0.0,163.164749145508,4
386,100,53.0357131958008,645.857116699219,556.994018554688,708.478515625,3
100,56,42.4285697937012,0.0,0.0,291.97900390625,4
80,121,81.3214263916016,18.8571434020996,124.186294555664,202.882476806641,4
274,141,137.892852783203,117.857139587402,215.174285888672,361.75341796875,4
185,108,77.7857131958008,0.0,221.322113037109,138.475341796875,4
300,198,67.1785736083984,238.071426391602,172.139419555664,316.668426513672,4
272,180,7.07142877578735,241.607147216797,173.368988037109,267.289611816406,4
229,121,38.8928565979004,210.964279174805,229.929092407227,300.566619873047,4
81,41,0.0,0.0,163.532455444336,195.368316650391,4
179,122,75.4285736083984,0.0,70.085334777832,76.2151107788086,4
78,38,130.821426391602,0.0,0.0,150.283309936523,4
89,74,0.0,0.0,36.887020111084,125.593910217285,4
343,95,565.714294433594,139.071426391602,703.3125,226.498428344727,1
182,216,195.642852783203,242.785720825195,248.372589111328,309.154235839844,4
266,141,128.464279174805,119.035713195801,288.948303222656,242.600204467773,4
77,240,129.642852783203,254.571426391602,226.240386962891,261.92236328125,4
80,21,0.0,144.964279174805,137.711532592773,150.283309936523,4
192,125,231.0,220.392852783203,159.84375,213.617004394531,2
447,162,592.821411132812,302.892852783203,652.900268554688,93.3903427124023,1
186,139,97.8214263916016,168.535720825195,254.520431518555,303.786987304688,4
399,101,104.892860412598,676.5,555.764404296875,737.461669921875,3
111,73,0.0,144.964279174805,70.085334777832,110.565582275391,4
390,100,619.928588867188,124.928573608398,655.359375,225.42497253418,1
384,62,612.857116699219,99.0,545.927856445312,195.368316650391,1
313,150,113.142860412598,68.3571395874023,0.0,262.995788574219,4
173,54,0.0,0.0,0.0,296.272827148438,4
103,45,9.4285717010498,94.2857131958008,0.0,158.870941162109,4
232,106,119.035713195801,228.642852783203,199.189910888672,255.481643676758,4
312,76,89.5714263916016,0.0,29.509614944458,304.860443115234,4
105,40,0.0,30.6428565979004,81.1514434814453,185.707244873047,4
166,84,27.1071434020996,36.5357131958008,90.9879837036133,244.747116088867,4
207,166,83.6785736083984,185.035720825195,153.695907592773,256.555084228516,4
292,166,187.392852783203,150.857147216797,156.155044555664,166.385101318359,4
114,43,0.0,61.2857131958008,183.205535888672,324.182586669922,4
255,125,53.0357131958008,242.785720825195,27.050479888916,337.063995361328,4
100,47,0.0,166.178573608398,12.2956733703613,262.995788574219,4
227,118,538.607116699219,121.392860412598,695.935119628906,1.07345223426819,1
93,62,0.0,0.0,201.649032592773,332.770202636719,4
158,271,172.071426391602,149.678573608398,0.0,275.877227783203,4
128,40,548.035705566406,0.0,752.495178222656,0.0,1
60,111,0.0,133.178573608398,127.875,179.266525268555,4
166,110,95.4642868041992,117.857139587402,116.808891296387,355.312683105469,4
278,155,135.535720825195,225.107147216797,183.205535888672,359.606506347656,4
376,150,598.714294433594,119.035713195801,703.3125,82.6558227539062,1
253,99,172.071426391602,11.7857141494751,6.14783668518066,276.95068359375,4
214,82,610.5,156.75,718.067321777344,295.199371337891,1
140,48,538.607116699219,179.142852783203,700.853393554688,217.91081237793,1
392,85,10.6071424484253,215.678573608398,105.742790222168,218.984252929688,4
186,108,147.321426391602,34.1785697937012,61.4783668518066,320.962219238281,4
345,102,632.892883300781,182.678573608398,629.538452148438,242.600204467773,1
229,147,81.3214263916016,142.607147216797,168.450714111328,172.825805664062,4
110,29,181.5,99.0,11.0661058425903,91.2434387207031,4
223,134,0.0,200.357147216797,71.3149032592773,254.408187866211,4
240,127,611.678588867188,12.9642858505249,778.316101074219,259.775451660156,1
379,191,120.214286804199,106.071426391602,0.0,176.046173095703,4
215,118,146.142852783203,462.0,692.246398925781,590.398742675781,3
283,129,147.321426391602,166.178573608398,73.774040222168,271.583435058594,4
211,111,104.892860412598,159.107147216797,0.0,250.114379882812,4
86,44,53.0357131958008,18.8571434020996,116.808891296387,257.628540039062,4
194,267,318.214294433594,413.678558349609,216.403839111328,406.838409423828,2
164,216,232.178573608398,266.357147216797,206.567306518555,368.194122314453,2
207,117,89.5714263916016,0.0,83.610580444336,341.357818603516,4
70,153,0.0,86.0357131958008,51.6418266296387,318.815307617188,4
159,65,89.5714263916016,209.785720825195,135.252410888672,297.346282958984,4
115,81,0.0,551.571411132812,554.534851074219,589.325317382812,3
187,127,84.8571395874023,166.178573608398,210.256011962891,345.651611328125,4
208,76,550.392883300781,208.607147216797,705.771606445312,167.458557128906,1
62,196,0.0,0.0,65.1670684814453,53.6726112365723,4
171,164,0.0,116.678573608398,207.796875,0.0,4
298,67,599.892883300781,279.321441650391,676.262023925781,191.074508666992,1
197,46,106.071426391602,0.0,115.579330444336,236.15950012207,4
229,97,28.2857151031494,169.714279174805,265.586547851562,259.775451660156,4
187,81,180.321426391602,189.75,129.104568481445,289.832122802734,4
235,91,0.0,202.714279174805,141.400238037109,273.730316162109,4
125,17,87.2142868041992,129.642852783203,238.536056518555,0.0,4
78,27,0.0,4.7142858505249,0.0,75.1416549682617,4
346,64,141.428573608398,511.5,549.616577148438,586.104919433594,3
68,34,0.0,23.5714282989502,0.0,196.441757202148,4
130,64,21.2142848968506,82.5,0.0,275.877227783203,4
86,55,93.1071395874023,34.1785697937012,51.6418266296387,266.216156005859,4
218,101,23.5714282989502,195.642852783203,47.953125,238.306396484375,4
210,91,155.571426391602,129.642852783203,13.525239944458,299.493194580078,4
225,119,94.2857131958008,95.4642868041992,84.8401412963867,304.860443115234,4
129,109,16.5,0.0,20.902645111084,369.267578125,4
229,76,107.25,14.1428575515747,151.236785888672,148.136413574219,4
267,116,73.0714263916016,628.178588867188,541.009643554688,696.670532226562,3
363,84,602.25,95.4642868041992,663.966369628906,0.0,1
278,161,96.6428604125977,185.035720825195,120.497596740723,323.109130859375,4
82,20,115.5,0.0,127.875,0.0,4
337,101,81.3214263916016,63.6428565979004,181.975967407227,313.448059082031,4
198,37,1.17857146263123,176.785720825195,0.0,284.46484375,4
214,144,570.428588867188,162.642852783203,778.316101074219,257.628540039062,1
126,192,285.214294433594,328.821441650391,75.0036087036133,330.623291015625,2
83,192,0.0,199.178573608398,49.1826934814453,209.323196411133,4
91,34,21.2142848968506,8.25,212.715148925781,65.4805908203125,4
146,93,0.0,262.821441650391,122.956733703613,323.109130859375,4
277,123,0.0,249.857147216797,168.450714111328,40.791187286377,4
131,99,108.428573608398,172.071426391602,61.4783668518066,250.114379882812,4
83,128,0.0,0.0,61.4783668518066,0.0,4
251,134,198.0,451.392852783203,640.604553222656,671.981140136719,3
262,148,109.607139587402,293.464294433594,0.0,347.798522949219,4
90,134,27.1071434020996,0.0,158.614181518555,184.6337890625,4
265,127,205.071426391602,0.0,260.668273925781,0.0,4
364,78,0.0,194.464279174805,0.0,314.521514892578,4
242,128,42.4285697937012,153.214279174805,54.100959777832,301.640075683594,4
237,115,166.178573608398,540.964294433594,585.274047851562,642.997924804688,3
279,72,561.0,57.75,563.141845703125,250.114379882812,1
524,79,24.75,130.821426391602,127.875,135.254989624023,4
326,142,573.964294433594,47.1428565979004,672.573303222656,319.888763427734,1
68,27,193.285720825195,0.0,0.0,240.453308105469,4
301,132,133.178573608398,453.75,536.091369628906,605.427062988281,3
313,137,123.75,436.071441650391,645.522827148438,638.7041015625,3
61,46,0.0,61.2857131958008,22.1322116851807,257.628540039062,4
87,56,56.5714302062988,0.0,4.91826915740967,0.0,4
284,111,81.3214263916016,363.0,611.094970703125,706.331604003906,3
101,29,119.035713195801,71.8928604125977,237.306488037109,0.0,4
219,111,129.642852783203,146.142852783203,90.9879837036133,0.0,4
68,146,100.178573608398,0.0,18.443510055542,269.4365234375,4
84,26,34.1785697937012,0.0,109.431488037109,265.142700195312,4
106,64,67.1785736083984,0.0,201.649032592773,286.611755371094,4
398,174,617.571411132812,0.0,618.472351074219,0.0,1
88,90,14.1428575515747,0.0,194.271636962891,156.724029541016,4
378,87,201.535720825195,559.821411132812,518.877380371094,670.907653808594,3
119,144,0.0,130.821426391602,0.0,329.549835205078,4
204,105,168.535720825195,71.8928604125977,253.290863037109,300.566619873047,4
275,131,78.9642868041992,584.571411132812,554.534851074219,699.890869140625,3
302,72,51.8571434020996,506.785705566406,675.032470703125,616.16162109375,3
270,94,30.6428565979004,227.464279174805,213.944717407227,122.373558044434,4
115,563,49.5,124.928573608398,77.4627380371094,314.521514892578,4
285,203,63.6428565979004,50.6785697937012,27.050479888916,30.0566635131836,4
419,96,93.1071395874023,133.178573608398,168.450714111328,286.611755371094,4
95,163,0.0,38.8928565979004,105.742790222168,307.007354736328,4
79,52,133.178573608398,0.0,84.8401412963867,215.763900756836,4
342,66,29.4642848968506,0.0,212.715148925781,111.639038085938,4
253,102,523.285705566406,142.607147216797,622.161071777344,254.408187866211,1
574,147,610.5,175.607147216797,660.277648925781,260.848907470703,1
121,112,0.0,0.0,52.871395111084,221.131164550781,4
217,106,0.0,182.678573608398,46.7235565185547,260.848907470703,4
127,46,0.0,159.107147216797,127.875,195.368316650391,4
65,132,94.2857131958008,190.928573608398,52.871395111084,284.46484375,4
147,64,540.964294433594,31.8214282989502,691.016845703125,276.95068359375,1
72,8,0.0,0.0,71.3149032592773,303.786987304688,4
506,122,642.321411132812,3.53571438789368,719.296875,75.1416549682617,1
61,92,4.7142858505249,156.75,130.334136962891,166.385101318359,4
95,37,107.25,86.0357131958008,61.4783668518066,205.029388427734,4
189,78,495.0,0.0,652.900268554688,198.588668823242,1
247,131,585.75,243.964279174805,651.670654296875,253.334732055664,1
138,462,73.0714263916016,102.535713195801,124.186294555664,231.865692138672,4
106,54,0.0,37.7142868041992,0.0,191.074508666992,4
136,193,126.107139587402,0.0,49.1826934814453,209.323196411133,4
238,88,121.392860412598,533.892883300781,602.487976074219,610.794311523438,3
100,334,74.25,47.1428565979004,0.0,202.882476806641,4
60,11,84.8571395874023,0.0,218.862976074219,267.289611816406,4
419,147,9.4285717010498,0.0,93.4471130371094,0.0,4
316,78,565.714294433594,87.2142868041992,604.947143554688,0.0,1
188,84,0.0,487.928558349609,618.472351074219,658.026245117188,3
111,41,0.0,61.2857131958008,98.3653869628906,0.0,4
109,58,0.0,115.5,0.0,299.493194580078,4
133,94,0.0,142.607147216797,40.5757217407227,289.832122802734,4
333,141,183.857147216797,121.392860412598,249.602157592773,210.396636962891,4
124,118,0.0,212.142852783203,233.617782592773,129.887725830078,4
147,48,533.892883300781,3.53571438789368,691.016845703125,176.046173095703,1
166,94,115.5,162.642852783203,180.746398925781,230.792236328125,4
217,105,53.0357131958008,137.892852783203,157.384613037109,282.317932128906,4
143,68,69.5357131958008,155.571426391602,252.061294555664,283.391387939453,4
220,99,0.0,101.357139587402,207.796875,88.0230865478516,4
68,31,62.4642868041992,0.0,51.6418266296387,98.7576065063477,4
101,136,29.4642848968506,108.428573608398,73.774040222168,60.1133270263672,4
213,102,154.392852783203,209.785720825195,19.6730766296387,206.102828979492,4
331,100,563.357116699219,201.535720825195,539.780029296875,293.052459716797,1
136,69,0.0,0.0,28.2800483703613,228.645324707031,4
139,74,159.107147216797,292.285705566406,229.929092407227,148.136413574219,4
257,116,34.1785697937012,34.1785697937012,199.189910888672,232.93913269043,4
216,297,166.178573608398,153.214279174805,205.337738037109,79.4354705810547,4
112,39,179.142852783203,106.071426391602,51.6418266296387,119.153198242188,4
211,109,83.6785736083984,0.0,36.887020111084,265.142700195312,4
75,46,22.3928565979004,0.0,0.0,0.0,4
493,154,137.892852783203,214.5,0.0,266.216156005859,4
204,225,305.25,302.892852783203,164.762023925781,317.741882324219,2
110,62,0.0,102.535713195801,0.0,148.136413574219,4
136,43,119.035713195801,208.607147216797,6.14783668518066,243.67366027832,4
60,29,0.0,0.0,0.0,322.035675048828,4
62,72,129.642852783203,141.428573608398,140.170669555664,129.887725830078,4
557,203,123.75,766.071411132812,695.935119628906,811.529907226562,3
119,104,133.178573608398,0.0,31.96875,157.797485351562,4
454,95,0.0,3.53571438789368,207.796875,284.46484375,4
72,37,11.7857141494751,25.9285717010498,3.68870186805725,194.294860839844,4
308,141,97.8214263916016,163.821426391602,150.007217407227,278.024139404297,4
65,37,93.1071395874023,0.0,0.0,207.176284790039,4
413,117,644.678588867188,88.3928604125977,559.453125,229.718780517578,1
149,86,68.3571395874023,129.642852783203,150.007217407227,296.272827148438,4
165,78,114.321426391602,70.7142868041992,204.108169555664,212.543548583984,4
162,76,579.857116699219,136.714279174805,627.079345703125,239.379852294922,1
201,105,157.928573608398,86.0357131958008,737.740356445312,307.007354736328,4
241,116,189.75,615.214294433594,607.40625,678.421813964844,3
81,168,0.0,0.0,141.400238037109,0.0,4
100,38,67.1785736083984,0.0,0.0,174.972717285156,4
202,87,545.678588867188,242.785720825195,631.997619628906,127.740821838379,1
425,154,606.964294433594,187.392852783203,630.768005371094,284.46484375,1
128,73,513.857116699219,251.035720825195,700.853393554688,223.278076171875,1
178,109,135.535720825195,124.928573608398,200.419464111328,298.419738769531,4
123,40,0.0,193.285720825195,83.610580444336,232.93913269043,4
90,36,0.0,0.0,100.824516296387,168.531997680664,4
138,122,86.0357131958008,0.0,106.972358703613,252.261276245117,4
150,100,2.35714292526245,157.928573608398,202.878601074219,67.6274948120117,4
275,135,62.4642868041992,576.321411132812,630.768005371094,712.772277832031,3
69,31,0.0,0.0,0.0,207.176284790039,4
201,89,60.1071434020996,111.964286804199,222.551681518555,208.249740600586,4
69,42,56.5714302062988,96.6428604125977,0.0,220.057708740234,4
221,98,535.071411132812,27.1071434020996,697.164672851562,91.2434387207031,1
98,94,201.535720825195,388.928558349609,309.850952148438,372.487945556641,4
295,195,302.892852783203,407.785705566406,210.256011962891,326.329498291016,2
212,109,102.535713195801,60.1071434020996,173.368988037109,369.267578125,4
145,140,30.6428565979004,0.0,0.0,349.945434570312,4
274,75,30.6428565979004,149.678573608398,0.0,315.594970703125,4
233,115,569.25,71.8928604125977,720.526428222656,279.097595214844,1
127,76,0.0,0.0,66.3966369628906,281.244476318359,4
135,53,3.53571438789368,190.928573608398,99.594955444336,247.967468261719,4
125,63,77.7857131958008,406.607147216797,634.456726074219,567.856262207031,3
379,219,311.142852783203,352.392852783203,248.372589111328,275.877227783203,2
213,97,146.142852783203,243.964279174805,23.3617782592773,174.972717285156,4
214,114,64.8214263916016,94.2857131958008,193.042068481445,334.917114257812,4
169,106,80.1428604125977,207.428573608398,97.1358184814453,341.357818603516,4
84,40,0.0,5.89285707473755,54.100959777832,185.707244873047,4
318,108,176.785720825195,192.107147216797,108.201919555664,0.0,4
249,103,40.0714302062988,218.035720825195,158.614181518555,352.092346191406,4
101,44,34.1785697937012,0.0,174.598556518555,166.385101318359,4
67,48,60.1071434020996,0.0,0.0,156.724029541016,4
73,51,0.0,152.035720825195,0.0,260.848907470703,4
460,121,155.571426391602,44.7857131958008,0.0,115.932846069336,4
287,160,189.75,140.25,275.423065185547,332.770202636719,4
194,84,163.821426391602,221.571426391602,38.116584777832,200.735565185547,4
344,84,113.142860412598,167.357147216797,75.0036087036133,286.611755371094,4
89,80,440.785705566406,43.6071434020996,592.651428222656,266.216156005859,1
136,100,64.8214263916016,0.0,120.497596740723,112.71248626709,4
347,190,195.642852783203,312.321441650391,61.4783668518066,239.379852294922,4
336,126,185.035720825195,179.142852783203,645.522827148438,282.317932128906,4
64,33,0.0,0.0,0.0,169.605453491211,4
127,85,492.642852783203,0.0,672.573303222656,51.525707244873,1
142,82,0.0,0.0,140.170669555664,214.690444946289,4
547,112,27.1071434020996,702.428588867188,561.912231445312,776.10595703125,3
213,115,0.0,174.428573608398,0.0,300.566619873047,4
70,42,0.0,69.5357131958008,115.579330444336,230.792236328125,4
82,54,48.3214302062988,0.0,159.84375,57.966423034668,4
110,64,93.1071395874023,9.4285717010498,0.0,256.555084228516,4
69,137,222.75,247.5,213.944717407227,301.640075683594,2
62,98,132.0,177.964279174805,0.0,329.549835205078,4
197,102,0.0,569.25,699.623779296875,652.658996582031,3
381,215,0.0,139.071426391602,118.038459777832,253.334732055664,4
94,67,69.5357131958008,207.428573608398,0.0,290.905548095703,4
175,118,83.6785736083984,63.6428565979004,188.123794555664,234.012588500977,4
219,120,120.214286804199,3.53571438789368,253.290863037109,223.278076171875,4
335,147,78.9642868041992,282.857147216797,0.0,291.97900390625,4
199,97,21.2142848968506,206.25,38.116584777832,291.97900390625,4
97,28,0.0,91.9285736083984,134.022842407227,249.040924072266,4
358,114,73.0714263916016,14.1428575515747,106.972358703613,256.555084228516,4
303,253,308.785705566406,307.607147216797,248.372589111328,322.035675048828,2
176,101,505.607147216797,193.285720825195,616.013244628906,33.2770195007324,1
128,51,128.464279174805,133.178573608398,129.104568481445,195.368316650391,4
89,83,95.4642868041992,44.7857131958008,20.902645111084,302.713531494141,4
122,51,0.0,0.0,6.14783668518066,272.656860351562,4
311,133,0.0,28.2857151031494,136.481964111328,165.311645507812,4
197,117,20.0357151031494,17.6785717010498,94.6766815185547,223.278076171875,4
448,161,53.0357131958008,218.035720825195,292.637023925781,97.6841583251953,4
192,96,47.1428565979004,95.4642868041992,156.155044555664,190.001052856445,4
244,70,522.107116699219,227.464279174805,611.094970703125,0.0,1
123,63,0.0,573.964294433594,655.359375,632.263366699219,3
426,98,625.821411132812,0.0,597.569702148438,49.3788032531738,1
296,73,119.035713195801,7.07142877578735,108.201919555664,111.639038085938,4
282,84,134.357147216797,0.0,124.186294555664,205.029388427734,4
91,39,150.857147216797,0.0,150.007217407227,227.571884155273,4
433,100,0.0,398.357147216797,566.830505371094,641.924438476562,3
70,75,122.571426391602,133.178573608398,50.4122581481934,191.074508666992,4
129,92,0.0,0.0,218.862976074219,0.0,4
218,80,101.357139587402,564.535705566406,598.799255371094,662.320068359375,3
171,91,82.5,150.857147216797,200.419464111328,213.617004394531,4
258,64,63.6428565979004,134.357147216797,0.0,317.741882324219,4
461,79,598.714294433594,241.607147216797,668.884643554688,145.989501953125,1
313,70,68.3571395874023,149.678573608398,121.727165222168,310.227691650391,4
162,180,246.321426391602,227.464279174805,0.0,293.052459716797,2
98,26,0.0,126.107139587402,254.520431518555,132.034622192383,4
391,92,582.214294433594,0.0,521.336547851562,271.583435058594,1
66,37,0.0,173.25,14.754807472229,159.944381713867,4
201,104,0.0,3.53571438789368,140.170669555664,0.0,4
156,62,545.678588867188,206.25,719.296875,217.91081237793,1
155,113,0.0,97.8214263916016,131.563705444336,334.917114257812,4
99,108,188.571426391602,251.035720825195,170.909851074219,291.97900390625,4
349,218,83.6785736083984,55.3928565979004,0.0,283.391387939453,4
334,60,109.607139587402,139.071426391602,0.0,245.820571899414,4
275,97,56.5714302062988,149.678573608398,226.240386962891,173.899261474609,4
496,366,286.392852783203,396.0,143.859375,253.334732055664,2
122,70,0.0,155.571426391602,0.0,0.0,4
266,140,100.178573608398,647.035705566406,697.164672851562,734.241333007812,3
98,29,0.0,0.0,51.6418266296387,64.4071350097656,4
176,102,181.5,226.285720825195,0.0,267.289611816406,4
260,44,517.392883300781,175.607147216797,649.211547851562,237.232955932617,1
445,109,564.535705566406,0.0,714.378601074219,260.848907470703,1
245,115,611.678588867188,0.0,657.818481445312,210.396636962891,1
86,259,0.0,183.857147216797,193.042068481445,253.334732055664,4
80,55,0.0,0.0,82.3810119628906,0.0,4
175,197,82.5,318.214294433594,232.388214111328,313.448059082031,4
134,49,0.0,55.3928565979004,28.2800483703613,176.046173095703,4
73,32,12.9642858505249,0.0,49.1826934814453,290.905548095703,4
176,69,146.142852783203,0.0,104.513221740723,110.565582275391,4
417,76,157.928573608398,153.214279174805,102.054084777832,153.503677368164,4
230,154,63.6428565979004,5.89285707473755,186.894226074219,278.024139404297,4
245,146,553.928588867188,235.714279174805,697.164672851562,262.995788574219,1
145,92,0.0,0.0,180.746398925781,217.91081237793,4
116,41,0.0,186.214279174805,0.0,100.904510498047,4
66,30,70.7142868041992,0.0,0.0,320.962219238281,4
108,419,41.25,0.0,119.268028259277,223.278076171875,4
256,139,0.0,243.964279174805,170.909851074219,330.623291015625,4
266,120,173.25,95.4642868041992,174.598556518555,296.272827148438,4
106,71,0.0,9.4285717010498,177.057693481445,278.024139404297,4
173,101,121.392860412598,215.678573608398,168.450714111328,287.685211181641,4
160,88,15.3214282989502,238.071426391602,77.4627380371094,214.690444946289,4
181,86,563.357116699219,99.0,726.674255371094,117.006294250488,1
178,78,571.607116699219,208.607147216797,645.522827148438,88.0230865478516,1
95,44,45.9642868041992,89.5714263916016,93.4471130371094,38.6442794799805,4
70,20,4.7142858505249,202.714279174805,0.0,0.0,4
76,215,63.6428565979004,147.321426391602,0.0,327.402923583984,4
78,42,0.0,135.535720825195,0.0,0.0,4
211,114,80.1428604125977,649.392883300781,719.296875,687.009460449219,3
437,133,602.25,120.214286804199,649.211547851562,208.249740600586,1
165,122,159.107147216797,205.071426391602,306.162261962891,139.548797607422,4
123,27,133.178573608398,122.571426391602,0.0,52.5991592407227,4
352,95,103.714286804199,201.535720825195,31.96875,105.198318481445,4
248,117,42.4285697937012,187.392852783203,127.875,224.351516723633,4
258,114,61.2857131958008,0.0,81.1514434814453,214.690444946289,4
158,96,77.7857131958008,127.285713195801,579.126220703125,669.834228515625,3
134,83,425.464294433594,147.321426391602,580.355773925781,30.0566635131836,1
179,127,140.25,0.0,61.4783668518066,0.0,4
193,98,81.3214263916016,21.2142848968506,165.991592407227,0.0,4
220,90,2.35714292526245,170.892852783203,102.054084777832,194.294860839844,4
303,80,599.892883300781,3.53571438789368,612.324523925781,0.0,1
72,20,0.0,0.0,36.887020111084,271.583435058594,4
261,107,612.857116699219,0.0,611.094970703125,327.402923583984,1
217,96,88.3928604125977,1.17857146263123,137.711532592773,163.164749145508,4
250,124,154.392852783203,9.4285717010498,86.069709777832,328.476379394531,4
175,37,114.321426391602,154.392852783203,131.563705444336,36.4973754882812,4
72,21,0.0,142.607147216797,0.0,249.040924072266,4
235,26,69.5357131958008,51.8571434020996,93.4471130371094,140.62223815918,4
214,103,3.53571438789368,669.428588867188,693.475952148438,739.608581542969,3
82,271,54.2142868041992,219.214279174805,20.902645111084,0.0,4
479,108,147.321426391602,685.928588867188,543.46875,792.207763671875,3
182,115,102.535713195801,162.642852783203,47.953125,0.0,4
105,153,0.0,162.642852783203,103.283653259277,256.555084228516,4
197,90,54.2142868041992,144.964279174805,38.116584777832,0.0,4
71,72,95.4642868041992,0.0,148.777648925781,0.0,4
360,191,161.464279174805,255.75,220.092544555664,351.018890380859,4
81,34,102.535713195801,206.25,20.902645111084,253.334732055664,4
427,107,603.428588867188,0.0,649.211547851562,268.363067626953,1
131,87,199.178573608398,221.571426391602,285.259613037109,0.0,4
113,231,0.0,322.928558349609,0.0,268.363067626953,4
177,111,95.4642868041992,0.0,111.890625,338.137451171875,4
249,139,0.0,95.4642868041992,99.594955444336,255.481643676758,4
165,89,120.214286804199,235.714279174805,209.026443481445,364.973754882812,4
81,47,148.5,14.1428575515747,11.0661058425903,0.0,4
305,146,51.8571434020996,141.428573608398,66.3966369628906,349.945434570312,4
113,69,0.0,73.0714263916016,78.6923065185547,247.967468261719,4
194,84,62.4642868041992,647.035705566406,682.409851074219,710.625366210938,3
179,108,38.8928565979004,24.75,61.4783668518066,246.894012451172,4
192,106,91.9285736083984,63.6428565979004,118.038459777832,222.204620361328,4
167,49,14.1428575515747,7.07142877578735,147.548080444336,0.0,4
243,46,469.071441650391,37.7142868041992,516.418273925781,313.448059082031,1
208,95,83.6785736083984,0.0,86.069709777832,339.210906982422,4
275,120,103.714286804199,202.714279174805,110.661056518555,261.92236328125,4
308,56,474.964294433594,179.142852783203,588.962768554688,269.4365234375,1
167,92,355.928558349609,11.7857141494751,608.635803222656,293.052459716797,2
118,42,31.8214282989502,135.535720825195,34.4278831481934,294.125915527344,4
259,227,179.142852783203,256.928558349609,174.598556518555,337.063995361328,4
358,97,210.964279174805,705.964294433594,617.242797851562,749.269653320312,3
145,82,0.0,113.142860412598,35.6574516296387,141.695693969727,4
132,72,0.0,102.535713195801,0.0,128.814270019531,4
106,31,31.8214282989502,0.0,40.5757217407227,0.0,4
175,82,100.178573608398,27.1071434020996,0.0,0.0,4
118,90,0.0,227.464279174805,100.824516296387,0.0,4
112,66,516.214294433594,41.25,613.554077148438,280.171051025391,1
126,315,31.8214282989502,117.857139587402,0.0,0.0,4
66,31,0.0,0.0,13.525239944458,195.368316650391,4
455,100,153.214279174805,702.428588867188,705.771606445312,737.461669921875,3
73,41,0.0,102.535713195801,0.0,217.91081237793,4
267,196,199.178573608398,227.464279174805,156.155044555664,123.447006225586,4
69,11,0.0,51.8571434020996,49.1826934814453,237.232955932617,4
264,120,68.3571395874023,183.857147216797,157.384613037109,269.4365234375,4
223,63,552.75,94.2857131958008,672.573303222656,166.385101318359,1
93,108,0.0,0.0,0.0,307.007354736328,4
62,96,0.0,0.0,0.0,15.0283317565918,4
400,101,629.357116699219,102.535713195801,607.40625,265.142700195312,1
237,85,36.5357131958008,520.928588867188,643.063720703125,624.749206542969,3
179,54,113.142860412598,200.357147216797,30.7391834259033,307.007354736328,4
198,251,235.714279174805,357.107147216797,247.143035888672,323.109130859375,2
152,81,522.107116699219,200.357147216797,686.098571777344,250.114379882812,1
171,80,0.0,0.0,93.4471130371094,310.227691650391,4
120,62,107.25,89.5714263916016,73.774040222168,284.46484375,4
466,155,658.821411132812,180.321426391602,651.670654296875,74.0682067871094,1
99,65,0.0,0.0,148.777648925781,218.984252929688,4
284,135,0.0,130.821426391602,234.847351074219,310.227691650391,4
60,13,0.0,0.0,191.8125,196.441757202148,4
209,162,321.75,284.035705566406,209.026443481445,311.301147460938,2
119,61,58.9285697937012,135.535720825195,247.143035888672,164.238189697266,4
187,95,162.642852783203,0.0,111.890625,36.4973754882812,4
118,18,0.0,0.0,159.84375,287.685211181641,4
236,109,62.4642868041992,157.928573608398,200.419464111328,238.306396484375,4
313,119,586.928588867188,170.892852783203,698.394226074219,97.6841583251953,1
153,117,141.428573608398,119.035713195801,103.283653259277,26.8363056182861,4
236,119,91.9285736083984,186.214279174805,0.0,148.136413574219,4
61,91,121.392860412598,128.464279174805,261.897827148438,79.4354705810547,4
317,163,80.1428604125977,621.107116699219,622.161071777344,733.167907714844,3
207,80,149.678573608398,16.5,57.789665222168,268.363067626953,4
159,193,227.464279174805,231.0,86.069709777832,269.4365234375,2
259,144,551.571411132812,168.535720825195,628.308898925781,334.917114257812,1
77,139,0.0,4.7142858505249,0.0,250.114379882812,4
163,82,578.678588867188,115.5,766.020446777344,258.701995849609,1
77,101,0.0,195.642852783203,0.0,333.843658447266,4
268,53,496.178558349609,94.2857131958008,579.126220703125,212.543548583984,1
422,145,133.178573608398,156.75,95.90625,187.854141235352,4
144,118,0.0,141.428573608398,161.073318481445,224.351516723633,4
273,115,116.678573608398,661.178588867188,698.394226074219,645.144775390625,3
148,227,324.107147216797,320.571441650391,288.948303222656,269.4365234375,2
259,100,518.571411132812,194.464279174805,657.818481445312,225.42497253418,1
278,76,33.0,27.1071434020996,62.7079315185547,150.283309936523,4
99,81,162.642852783203,282.857147216797,110.661056518555,348.871978759766,4
114,63,0.0,0.0,124.186294555664,236.15950012207,4
83,83,99.0,57.75,200.419464111328,200.735565185547,4
345,89,84.8571395874023,33.0,284.030059814453,256.555084228516,4
111,37,42.4285697937012,103.714286804199,113.120193481445,38.6442794799805,4
387,101,614.035705566406,88.3928604125977,586.503601074219,303.786987304688,1
365,260,67.1785736083984,198.0,191.8125,272.656860351562,4
206,202,245.142852783203,340.607147216797,347.967559814453,434.748168945312,2
144,109,0.0,93.1071395874023,94.6766815185547,121.300102233887,4
132,70,23.5714282989502,228.642852783203,108.201919555664,132.034622192383,4
136,67,0.0,194.464279174805,554.534851074219,590.398742675781,3
248,107,0.0,234.535720825195,93.4471130371094,124.520462036133,4
157,75,0.0,0.0,274.193511962891,173.899261474609,4
194,78,430.178558349609,134.357147216797,528.713928222656,45.0849952697754,1
221,94,40.0714302062988,119.035713195801,0.0,329.549835205078,4
482,142,338.25,364.178558349609,355.344940185547,355.312683105469,2
514,129,135.535720825195,212.142852783203,25.8209133148193,319.888763427734,4
426,106,628.178588867188,56.5714302062988,572.978393554688,110.565582275391,1
96,45,0.0,0.0,0.0,31.1301155090332,4
81,176,63.6428565979004,0.0,0.0,293.052459716797,4
174,101,0.0,44.7857131958008,0.0,276.95068359375,4
205,199,327.642852783203,347.678558349609,185.664657592773,318.815307617188,2
239,125,192.107147216797,252.214279174805,225.010818481445,0.0,4
211,190,337.071441650391,305.25,122.956733703613,271.583435058594,2
85,133,35.3571434020996,0.0,0.0,45.0849952697754,4
292,144,220.392852783203,275.785705566406,60.2487983703613,342.431274414062,2
705,221,634.071411132812,130.821426391602,663.966369628906,297.346282958984,1
65,92,0.0,117.857139587402,72.5444717407227,267.289611816406,4
72,41,35.3571434020996,209.785720825195,252.061294555664,375.708282470703,4
324,78,195.642852783203,556.285705566406,580.355773925781,631.18994140625,3
181,126,460.821441650391,0.0,662.736755371094,13.9548797607422,1
286,64,49.5,78.9642868041992,218.862976074219,287.685211181641,4
138,103,0.0,127.285713195801,146.318511962891,272.656860351562,4
92,62,122.571426391602,82.5,159.84375,176.046173095703,4
70,85,9.4285717010498,0.0,0.0,237.232955932617,4
196,105,170.892852783203,115.5,138.941101074219,218.984252929688,4
95,59,0.0,0.0,180.746398925781,330.623291015625,4
214,110,190.928573608398,81.3214263916016,28.2800483703613,287.685211181641,4
143,58,533.892883300781,129.642852783203,694.705505371094,319.888763427734,1
200,157,546.857116699219,214.5,629.538452148438,270.509979248047,1
282,133,49.5,229.821426391602,90.9879837036133,356.386138916016,4
263,188,135.535720825195,223.928573608398,102.054084777832,335.990570068359,4
245,140,91.9285736083984,0.0,197.960342407227,98.7576065063477,4
114,43,0.0,63.6428565979004,87.2992782592773,124.520462036133,4
252,161,573.964294433594,177.964279174805,663.966369628906,293.052459716797,1
123,137,107.25,166.178573608398,264.356964111328,0.0,4
76,78,0.0,149.678573608398,73.774040222168,142.769149780273,4
190,179,139.071426391602,311.142852783203,174.598556518555,238.306396484375,4
310,118,452.571441650391,239.25,523.795654296875,198.588668823242,1
106,27,100.178573608398,247.5,15.984375,223.278076171875,4
175,92,0.0,188.571426391602,57.789665222168,85.8761825561523,4
248,239,370.071441650391,427.821441650391,250.831726074219,429.380889892578,2
165,82,63.6428565979004,251.035720825195,165.991592407227,158.870941162109,4
260,59,477.321441650391,0.0,509.040863037109,0.0,1
84,91,228.642852783203,219.214279174805,186.894226074219,249.040924072266,2
182,84,134.357147216797,83.6785736083984,0.0,244.747116088867,4
371,96,23.5714282989502,0.0,232.388214111328,0.0,4
156,96,0.0,243.964279174805,0.0,247.967468261719,4
72,28,0.0,0.0,0.0,92.31689453125,4
243,125,113.142860412598,147.321426391602,226.240386962891,79.4354705810547,4
370,99,612.857116699219,153.214279174805,691.016845703125,191.074508666992,1
440,90,561.0,0.0,698.394226074219,227.571884155273,1
254,184,606.964294433594,0.0,667.655029296875,268.363067626953,1
85,101,0.0,45.9642868041992,14.754807472229,0.0,4
184,89,0.0,127.285713195801,47.953125,170.678909301758,4
525,255,236.892852783203,321.75,329.524047851562,408.985321044922,2
113,71,136.714279174805,253.392852783203,215.174285888672,307.007354736328,4
180,76,64.8214263916016,219.214279174805,15.984375,305.933898925781,4
418,121,636.428588867188,43.6071434020996,673.802856445312,242.600204467773,1
225,79,103.714286804199,223.928573608398,0.0,223.278076171875,4
65,75,42.4285697937012,0.0,0.0,167.458557128906,4
80,40,0.0,101.357139587402,0.0,133.10807800293,4
135,46,38.8928565979004,7.07142877578735,57.789665222168,305.933898925781,4
353,213,0.0,109.607139587402,20.902645111084,72.9947509765625,4
214,108,0.0,449.035705566406,574.207946777344,624.749206542969,3
81,43,8.25,49.5,200.419464111328,0.0,4
309,97,0.0,144.964279174805,17.2139415740967,229.718780517578,4
84,126,0.0,0.0,0.0,0.0,4
278,160,153.214279174805,675.321411132812,650.441101074219,731.02099609375,3
238,167,44.7857131958008,152.035720825195,115.579330444336,315.594970703125,4
92,11,0.0,12.9642858505249,142.629806518555,213.617004394531,4
175,380,192.107147216797,266.357147216797,232.388214111328,208.249740600586,4
142,245,0.0,0.0,12.2956733703613,2.14690446853638,4
460,115,656.464294433594,0.0,693.475952148438,297.346282958984,1
233,98,102.535713195801,12.9642858505249,81.1514434814453,285.538299560547,4
254,182,195.642852783203,276.964294433594,141.400238037109,288.758666992188,4
115,164,29.4642848968506,1.17857146263123,0.0,257.628540039062,4
305,72,566.892883300781,236.892852783203,566.830505371094,71.9213027954102,1
474,123,602.25,119.035713195801,675.032470703125,201.809020996094,1
190,111,28.2857151031494,0.0,161.073318481445,286.611755371094,4
173,132,0.0,0.0,15.984375,0.0,4
69,197,0.0,14.1428575515747,1.22956728935242,229.718780517578,4
182,123,91.9285736083984,155.571426391602,59.019229888916,235.086044311523,4
386,114,595.178588867188,49.5,673.802856445312,193.221405029297,1
439,128,123.75,0.0,81.1514434814453,206.102828979492,4
415,151,146.142852783203,252.214279174805,127.875,183.560333251953,4
78,52,0.0,307.607147216797,0.0,119.153198242188,4
259,52,486.75,177.964279174805,580.355773925781,157.797485351562,1
75,70,0.0,177.964279174805,0.0,157.797485351562,4
204,173,262.821441650391,320.571441650391,268.045684814453,377.855194091797,2
68,95,12.9642858505249,78.9642868041992,0.0,30.0566635131836,4
124,462,75.4285736083984,0.0,79.921875,309.154235839844,4
177,95,56.5714302062988,101.357139587402,552.075744628906,331.696746826172,4
130,67,557.464294433594,0.0,763.561279296875,284.46484375,1
159,97,590.464294433594,90.75,727.903869628906,289.832122802734,1
123,155,10.6071424484253,0.0,232.388214111328,217.91081237793,4
459,94,602.25,38.8928565979004,628.308898925781,278.024139404297,1
233,75,165.0,25.9285717010498,200.419464111328,211.470092773438,4
266,151,0.0,299.357147216797,142.629806518555,164.238189697266,4
65,31,38.8928565979004,0.0,0.0,201.809020996094,4
95,97,0.0,0.0,212.715148925781,229.718780517578,4
213,114,76.6071395874023,31.8214282989502,207.796875,308.080810546875,4
82,84,0.0,21.2142848968506,7.3774037361145,286.611755371094,4
148,105,126.107139587402,492.642852783203,623.390625,685.935974121094,3
274,107,130.821426391602,552.75,650.441101074219,669.834228515625,3
497,151,55.3928565979004,133.178573608398,202.878601074219,126.667366027832,4
316,86,35.3571434020996,198.0,0.0,162.091293334961,4
65,18,9.4285717010498,42.4285697937012,0.0,297.346282958984,4
172,97,189.75,525.642883300781,559.453125,670.907653808594,3
96,130,146.142852783203,15.3214282989502,56.5600967407227,303.786987304688,4
230,163,155.571426391602,159.107147216797,159.84375,312.374603271484,4
148,48,33.0,189.75,106.972358703613,275.877227783203,4
227,206,173.25,281.678558349609,189.353363037109,331.696746826172,4
120,119,70.7142868041992,130.821426391602,146.318511962891,288.758666992188,4
155,102,99.0,58.9285697937012,106.972358703613,325.256042480469,4
178,82,522.107116699219,71.8928604125977,684.869018554688,244.747116088867,1
271,95,109.607139587402,466.714294433594,553.305297851562,610.794311523438,3
196,214,239.25,368.892852783203,73.774040222168,244.747116088867,2
424,104,638.785705566406,0.0,692.246398925781,0.0,1
189,75,0.0,42.4285697937012,193.042068481445,269.4365234375,4
514,141,168.535720825195,144.964279174805,141.400238037109,86.9496307373047,4
87,78,0.0,0.0,232.388214111328,313.448059082031,4
169,55,467.892852783203,226.285720825195,606.176696777344,81.5823745727539,1
120,125,227.464279174805,271.071441650391,199.189910888672,286.611755371094,2
194,79,86.0357131958008,562.178588867188,591.421875,673.054565429688,3
271,60,368.892852783203,194.464279174805,435.266815185547,253.334732055664,2
204,145,144.964279174805,0.0,309.850952148438,239.379852294922,4
258,123,556.285705566406,104.892860412598,563.141845703125,183.560333251953,1
248,101,595.178588867188,0.0,563.141845703125,139.548797607422,1
351,86,128.464279174805,66.0,328.294464111328,8.5876178741455,4
391,76,609.321411132812,144.964279174805,624.620178222656,133.10807800293,1
333,176,148.5,129.642852783203,205.337738037109,241.526763916016,4
158,105,2.35714292526245,0.0,135.252410888672,223.278076171875,4
159,56,82.5,75.4285736083984,46.7235565185547,203.955932617188,4
310,77,71.8928604125977,139.071426391602,86.069709777832,232.93913269043,4
64,21,17.6785717010498,227.464279174805,0.0,285.538299560547,4
301,92,126.107139587402,129.642852783203,697.164672851562,232.93913269043,4
103,39,0.0,0.0,50.4122581481934,159.944381713867,4
408,110,606.964294433594,63.6428565979004,579.126220703125,113.785942077637,1
194,66,45.9642868041992,54.2142868041992,27.050479888916,206.102828979492,4
198,226,317.035705566406,330.0,217.633407592773,353.165802001953,2
153,97,137.892852783203,222.75,94.6766815185547,345.651611328125,4
138,47,520.928588867188,101.357139587402,541.009643554688,266.216156005859,1
202,86,43.6071434020996,438.428558349609,588.962768554688,597.912902832031,3
75,68,95.4642868041992,140.25,0.0,273.730316162109,4
307,63,524.464294433594,135.535720825195,607.40625,52.5991592407227,1
235,66,0.0,8.25,129.104568481445,288.758666992188,4
283,239,27.1071434020996,172.071426391602,157.384613037109,119.153198242188,4
95,29,17.6785717010498,75.4285736083984,87.2992782592773,301.640075683594,4
157,176,311.142852783203,305.25,184.435089111328,304.860443115234,2
179,227,0.0,0.0,31.96875,301.640075683594,4
62,10,0.0,0.0,17.2139415740967,161.017837524414,4
280,63,0.0,0.0,136.481964111328,0.0,4
211,248,301.714294433594,346.5,295.096160888672,308.080810546875,2
426,146,179.142852783203,173.25,36.887020111084,0.0,4
371,93,94.2857131958008,68.3571395874023,135.252410888672,144.916061401367,4
85,201,38.8928565979004,41.25,18.443510055542,247.967468261719,4
71,28,51.8571434020996,0.0,6.14783668518066,237.232955932617,4
186,103,142.607147216797,484.392852783203,640.604553222656,646.21826171875,3
403,224,207.428573608398,592.821411132812,661.507202148438,668.7607421875,3
155,84,114.321426391602,649.392883300781,666.425476074219,675.201477050781,3
61,30,0.0,115.5,0.0,213.617004394531,4
277,134,0.0,166.178573608398,221.322113037109,259.775451660156,4
100,153,58.9285697937012,44.7857131958008,27.050479888916,68.700942993164,4
385,118,56.5714302062988,194.464279174805,34.4278831481934,44.0115432739258,4
91,62,0.0,107.25,121.727165222168,126.667366027832,4
70,53,40.0714302062988,0.0,87.2992782592773,0.0,4
414,123,90.75,113.142860412598,15.984375,107.345222473145,4
72,121,0.0,0.0,60.2487983703613,162.091293334961,4
219,112,30.6428565979004,146.142852783203,167.221160888672,181.413436889648,4
397,100,595.178588867188,141.428573608398,663.966369628906,308.080810546875,1
239,98,129.642852783203,71.8928604125977,226.240386962891,325.256042480469,4
237,135,49.5,487.928558349609,656.588928222656,655.879333496094,3
271,141,3.53571438789368,194.464279174805,94.6766815185547,359.606506347656,4
67,36,0.0,168.535720825195,211.485580444336,123.447006225586,4
293,117,512.678588867188,0.0,688.557678222656,286.611755371094,1
343,123,20.0357151031494,87.2142868041992,94.6766815185547,211.470092773438,4
118,40,143.785720825195,100.178573608398,327.064910888672,217.91081237793,4
450,80,630.535705566406,0.0,641.834106445312,195.368316650391,1
93,80,123.75,33.0,240.995193481445,293.052459716797,4
66,129,21.2142848968506,0.0,0.0,310.227691650391,4
451,91,62.4642868041992,0.0,189.353363037109,241.526763916016,4
285,80,440.785705566406,258.107147216797,528.713928222656,96.6107025146484,1
426,95,589.285705566406,5.89285707473755,650.441101074219,37.5708274841309,1
262,122,86.0357131958008,543.321411132812,553.305297851562,624.749206542969,3
134,63,96.6428604125977,0.0,87.2992782592773,235.086044311523,4
250,113,102.535713195801,0.0,215.174285888672,200.735565185547,4
219,121,141.428573608398,555.107116699219,688.557678222656,631.18994140625,3
159,43,103.714286804199,77.7857131958008,110.661056518555,191.074508666992,4
133,78,549.214294433594,135.535720825195,693.475952148438,68.700942993164,1
85,30,0.0,89.5714263916016,184.435089111328,139.548797607422,4
102,41,35.3571434020996,0.0,41.805290222168,209.323196411133,4
185,70,38.8928565979004,497.357147216797,643.063720703125,659.099670410156,3
87,49,111.964286804199,22.3928565979004,194.271636962891,255.481643676758,4
211,100,0.0,215.678573608398,180.746398925781,287.685211181641,4
130,180,0.0,83.6785736083984,252.061294555664,0.0,4
63,29,0.0,213.321426391602,7.3774037361145,249.040924072266,4
123,187,353.571441650391,236.892852783203,272.963928222656,290.905548095703,2
123,83,61.2857131958008,5.89285707473755,4.91826915740967,283.391387939453,4
170,108,120.214286804199,582.214294433594,729.133422851562,631.18994140625,3
108,52,0.0,0.0,185.664657592773,280.171051025391,4
451,135,144.964279174805,43.6071434020996,102.054084777832,264.069244384766,4
250,153,130.821426391602,27.1071434020996,75.0036087036133,301.640075683594,4
238,139,54.2142868041992,192.107147216797,56.5600967407227,94.4637985229492,4
285,247,275.785705566406,278.142852783203,254.520431518555,354.2392578125,2
69,60,0.0,93.1071395874023,39.3461532592773,145.989501953125,4
212,125,37.7142868041992,144.964279174805,153.695907592773,237.232955932617,4
111,137,166.178573608398,0.0,86.069709777832,114.859390258789,4
117,74,37.7142868041992,86.0357131958008,158.614181518555,308.080810546875,4
197,91,76.6071395874023,556.285705566406,687.328125,603.280151367188,3
128,92,168.535720825195,163.821426391602,78.6923065185547,351.018890380859,4
141,76,137.892852783203,83.6785736083984,104.513221740723,152.430221557617,4
101,35,27.1071434020996,96.6428604125977,0.0,274.803771972656,4
96,189,20.0357151031494,14.1428575515747,185.664657592773,317.741882324219,4
183,90,119.035713195801,148.5,173.368988037109,239.379852294922,4
152,148,153.214279174805,266.357147216797,256.979553222656,247.967468261719,4
71,75,76.6071395874023,69.5357131958008,70.085334777832,330.623291015625,4
67,60,141.428573608398,0.0,195.501205444336,268.363067626953,4
182,90,119.035713195801,540.964294433594,607.40625,635.483764648438,3
293,85,81.3214263916016,156.75,0.0,91.2434387207031,4
401,113,143.785720825195,116.678573608398,260.668273925781,291.97900390625,4
159,90,463.178558349609,43.6071434020996,613.554077148438,201.809020996094,1
101,65,22.3928565979004,165.0,73.774040222168,240.453308105469,4
89,127,0.0,0.0,23.3617782592773,239.379852294922,4
230,116,489.107147216797,21.2142848968506,531.173095703125,250.114379882812,1
192,196,326.464294433594,280.5,185.664657592773,310.227691650391,2
185,86,23.5714282989502,89.5714263916016,108.201919555664,313.448059082031,4
87,65,83.6785736083984,0.0,0.0,232.93913269043,4
103,53,119.035713195801,221.571426391602,109.431488037109,26.8363056182861,4
238,69,48.3214302062988,58.9285697937012,116.808891296387,150.283309936523,4
203,224,223.928573608398,286.392852783203,188.123794555664,362.826873779297,2
296,148,111.964286804199,161.464279174805,29.509614944458,274.803771972656,4
134,44,0.0,2.35714292526245,138.941101074219,137.401885986328,4
275,56,479.678558349609,206.25,651.670654296875,196.441757202148,1
109,90,0.0,80.1428604125977,92.217544555664,231.865692138672,4
91,39,22.3928565979004,76.6071395874023,0.0,270.509979248047,4
262,129,63.6428565979004,583.392883300781,660.277648925781,708.478515625,3
477,112,625.821411132812,195.642852783203,609.865356445312,282.317932128906,1
235,95,0.0,120.214286804199,216.403839111328,239.379852294922,4
118,162,196.821426391602,305.25,236.076919555664,312.374603271484,4
442,62,590.464294433594,0.0,625.849731445312,227.571884155273,1
173,227,255.75,332.357147216797,124.186294555664,371.414489746094,2
71,67,0.0,96.6428604125977,0.0,0.0,4
102,46,555.107116699219,94.2857131958008,707.001220703125,139.548797607422,1
89,68,31.8214282989502,74.25,0.0,133.10807800293,4
89,44,0.0,24.75,41.805290222168,164.238189697266,4
86,178,240.428573608398,322.928558349609,141.400238037109,236.15950012207,2
97,148,0.0,35.3571434020996,45.4939918518066,242.600204467773,4
393,84,84.8571395874023,644.678588867188,667.655029296875,685.935974121094,3
244,95,0.0,0.0,62.7079315185547,320.962219238281,4
444,126,657.642883300781,21.2142848968506,666.425476074219,225.42497253418,1
425,151,56.5714302062988,5.89285707473755,68.8557662963867,163.164749145508,4
133,400,0.0,0.0,70.085334777832,237.232955932617,4
241,97,0.0,67.1785736083984,110.661056518555,259.775451660156,4
388,84,584.571411132812,0.0,513.959106445312,257.628540039062,1
88,19,28.2857151031494,42.4285697937012,22.1322116851807,16.1017837524414,4
96,56,0.0,0.0,20.902645111084,243.67366027832,4
112,171,113.142860412598,229.821426391602,61.4783668518066,254.408187866211,4
152,99,569.25,143.785720825195,762.331726074219,68.700942993164,1
204,122,61.2857131958008,306.428558349609,0.0,577.517333984375,3
97,78,0.0,107.25,145.088943481445,110.565582275391,4
121,17,0.0,33.0,41.805290222168,257.628540039062,4
261,247,63.6428565979004,110.785713195801,125.415863037109,167.458557128906,4
164,224,289.928558349609,325.285705566406,178.287261962891,349.945434570312,2
325,152,119.035713195801,113.142860412598,301.243988037109,206.102828979492,4
189,109,71.8928604125977,0.0,111.890625,55.8195190429688,4
227,96,569.25,209.785720825195,743.888244628906,215.763900756836,1
135,51,31.8214282989502,49.5,89.758415222168,234.012588500977,4
216,323,258.107147216797,288.75,249.602157592773,290.905548095703,2
229,111,109.607139587402,157.928573608398,279.111785888672,26.8363056182861,4
212,157,0.0,156.75,104.513221740723,245.820571899414,4
103,25,0.0,203.892852783203,494.286071777344,129.887725830078,4
66,34,0.0,228.642852783203,175.828125,0.0,4
271,124,84.8571395874023,162.642852783203,0.0,0.0,4
268,143,31.8214282989502,0.0,259.438690185547,229.718780517578,4
363,218,179.142852783203,168.535720825195,27.050479888916,177.11962890625,4
85,33,9.4285717010498,0.0,56.5600967407227,180.339981079102,4
117,83,30.6428565979004,0.0,89.758415222168,0.0,4
164,100,24.75,214.5,0.0,198.588668823242,4
68,109,0.0,0.0,0.0,222.204620361328,4
391,87,35.3571434020996,0.0,38.116584777832,246.894012451172,4
352,177,543.321411132812,96.6428604125977,509.040863037109,123.447006225586,1
94,28,76.6071395874023,23.5714282989502,146.318511962891,310.227691650391,4
387,78,55.3928565979004,737.785705566406,564.371398925781,788.987426757812,3
181,85,135.535720825195,84.8571395874023,740.199523925781,0.0,4
248,140,0.0,176.785720825195,71.3149032592773,241.526763916016,4
70,46,0.0,132.0,22.1322116851807,225.42497253418,4
140,64,73.0714263916016,0.0,147.548080444336,255.481643676758,4
462,89,627.0,128.464279174805,640.604553222656,190.001052856445,1
319,172,162.642852783203,251.035720825195,301.243988037109,264.069244384766,4
165,84,182.678573608398,120.214286804199,284.030059814453,312.374603271484,4
219,127,33.0,189.75,105.742790222168,337.063995361328,4
126,69,0.0,110.785713195801,47.953125,103.051414489746,4
361,375,66.0,130.821426391602,261.897827148438,130.961181640625,4
366,89,598.714294433594,190.928573608398,634.456726074219,0.0,1
146,42,12.9642858505249,0.0,152.466339111328,173.899261474609,4
107,34,129.642852783203,60.1071434020996,0.0,231.865692138672,4
377,109,84.8571395874023,128.464279174805,103.283653259277,314.521514892578,4
509,132,638.785705566406,53.0357131958008,652.900268554688,296.272827148438,1
65,87,100.178573608398,0.0,0.0,0.0,4
151,64,160.285720825195,90.75,272.963928222656,216.837356567383,4
477,101,624.642883300781,57.75,707.001220703125,262.995788574219,1
344,96,557.464294433594,0.0,681.180297851562,32.2035675048828,1
246,237,287.571441650391,366.535705566406,188.123794555664,389.663177490234,2
158,146,124.928573608398,33.0,163.532455444336,271.583435058594,4
263,150,153.214279174805,688.285705566406,670.114196777344,695.597045898438,3
292,119,99.0,583.392883300781,659.048095703125,728.874084472656,3
82,174,41.25,0.0,115.579330444336,264.069244384766,4
145,251,265.178558349609,348.857147216797,173.368988037109,419.719818115234,2
175,81,529.178588867188,0.0,596.340148925781,147.062957763672,1
217,229,200.357147216797,280.5,275.423065185547,358.533050537109,4
191,47,0.0,104.892860412598,188.123794555664,171.752365112305,4
258,88,58.9285697937012,0.0,185.664657592773,199.662124633789,4
142,104,28.2857151031494,278.142852783203,0.0,179.266525268555,4
124,57,84.8571395874023,10.6071424484253,0.0,269.4365234375,4
248,131,583.392883300781,135.535720825195,684.869018554688,315.594970703125,1
420,103,0.0,160.285720825195,119.268028259277,161.017837524414,4
92,155,126.107139587402,301.714294433594,127.875,339.210906982422,4
101,70,0.0,20.0357151031494,137.711532592773,165.311645507812,4
177,179,163.821426391602,66.0,95.90625,167.458557128906,4
200,256,243.964279174805,308.785705566406,221.322113037109,368.194122314453,2
234,231,83.6785736083984,0.0,93.4471130371094,79.4354705810547,4
199,139,41.25,78.9642868041992,19.6730766296387,318.815307617188,4
184,86,495.0,254.571426391602,681.180297851562,358.533050537109,1
282,160,70.7142868041992,0.0,122.956733703613,241.526763916016,4
134,146,73.0714263916016,0.0,18.443510055542,320.962219238281,4
186,85,58.9285697937012,0.0,147.548080444336,256.555084228516,4
295,104,0.0,454.928558349609,616.013244628906,621.528869628906,3
450,154,0.0,0.0,261.897827148438,113.785942077637,4
214,124,189.75,525.642883300781,662.736755371094,717.066101074219,3
103,44,96.6428604125977,222.75,23.3617782592773,288.758666992188,4
76,68,176.785720825195,192.107147216797,36.887020111084,192.14794921875,4
143,303,0.0,28.2857151031494,73.774040222168,198.588668823242,4
74,41,37.7142868041992,0.0,99.594955444336,173.899261474609,4
452,168,96.6428604125977,116.678573608398,142.629806518555,313.448059082031,4
199,30,57.75,187.392852783203,43.034854888916,0.0,4
226,47,49.5,110.785713195801,0.0,236.15950012207,4
419,114,117.857139587402,165.0,118.038459777832,572.150024414062,3
514,116,650.571411132812,107.25,675.032470703125,0.0,1
151,76,84.8571395874023,183.857147216797,125.415863037109,278.024139404297,4
101,177,0.0,50.6785697937012,237.306488037109,85.8761825561523,4
73,70,96.6428604125977,0.0,31.96875,214.690444946289,4
187,105,556.285705566406,0.0,683.639404296875,194.294860839844,1
253,91,129.642852783203,569.25,657.818481445312,638.7041015625,3
111,28,0.0,63.6428565979004,0.0,163.164749145508,4
112,50,119.035713195801,110.785713195801,104.513221740723,173.899261474609,4
199,78,559.821411132812,141.428573608398,660.277648925781,221.131164550781,1
603,117,102.535713195801,649.392883300781,609.865356445312,768.591796875,3
178,98,149.678573608398,231.0,199.189910888672,349.945434570312,4
177,53,120.214286804199,0.0,177.057693481445,249.040924072266,4
312,144,165.0,5.89285707473755,148.777648925781,206.102828979492,4
276,97,106.071426391602,166.178573608398,0.0,0.0,4
155,98,30.6428565979004,51.8571434020996,197.960342407227,304.860443115234,4
201,109,126.107139587402,106.071426391602,152.466339111328,168.531997680664,4
131,41,123.75,130.821426391602,140.170669555664,340.284362792969,4
467,163,602.25,34.1785697937012,614.783630371094,320.962219238281,1
278,165,18.8571434020996,182.678573608398,61.4783668518066,228.645324707031,4
204,123,198.0,54.2142868041992,147.548080444336,190.001052856445,4
60,46,186.214279174805,194.464279174805,70.085334777832,237.232955932617,4
202,93,115.5,243.964279174805,151.236785888672,139.548797607422,4
300,123,156.75,185.035720825195,152.466339111328,8.5876178741455,4
91,30,0.0,0.0,121.727165222168,69.774398803711,4
73,25,71.8928604125977,0.0,212.715148925781,222.204620361328,4
176,78,0.0,656.464294433594,668.884643554688,660.173156738281,3
96,99,62.4642868041992,0.0,92.217544555664,128.814270019531,4
430,148,591.642883300781,206.25,650.441101074219,202.882476806641,1
329,68,156.75,591.642883300781,629.538452148438,667.687316894531,3
62,61,0.0,162.642852783203,0.0,240.453308105469,4
83,58,0.0,0.0,78.6923065185547,226.498428344727,4
199,116,0.0,155.571426391602,141.400238037109,259.775451660156,4
98,90,0.0,0.0,28.2800483703613,244.747116088867,4
124,106,491.464294433594,308.785705566406,694.705505371094,289.832122802734,1
327,96,30.6428565979004,0.0,31.96875,329.549835205078,4
246,133,599.892883300781,107.25,708.230773925781,225.42497253418,1
81,30,0.0,0.0,180.746398925781,282.317932128906,4
76,37,0.0,0.0,109.431488037109,220.057708740234,4
106,161,44.7857131958008,0.0,0.0,7.5141658782959,4
163,76,532.714294433594,49.5,742.658630371094,293.052459716797,1
255,142,87.2142868041992,581.035705566406,630.768005371094,729.947509765625,3
219,198,403.071441650391,292.285705566406,116.808891296387,411.132202148438,2
199,90,70.7142868041992,424.285705566406,513.959106445312,589.325317382812,3
205,49,24.75,205.071426391602,191.8125,232.93913269043,4
246,123,93.1071395874023,543.321411132812,699.623779296875,702.037780761719,3
284,155,144.964279174805,249.857147216797,0.0,299.493194580078,4
402,85,0.0,552.75,532.402648925781,812.603332519531,3
178,99,83.6785736083984,657.642883300781,652.900268554688,702.037780761719,3
266,94,0.0,177.964279174805,0.0,251.18782043457,4
278,130,96.6428604125977,162.642852783203,25.8209133148193,295.199371337891,4
131,119,149.678573608398,48.3214302062988,106.972358703613,191.074508666992,4
227,46,44.7857131958008,162.642852783203,84.8401412963867,0.0,4
68,36,28.2857151031494,15.3214282989502,0.0,91.2434387207031,4
248,122,147.321426391602,0.0,210.256011962891,57.966423034668,4
160,49,0.0,103.714286804199,135.252410888672,290.905548095703,4
69,30,0.0,0.0,0.0,316.668426513672,4
279,112,533.892883300781,34.1785697937012,655.359375,188.927597045898,1
189,105,81.3214263916016,166.178573608398,161.073318481445,264.069244384766,4
189,67,559.821411132812,123.75,702.082946777344,0.0,1
110,89,0.0,218.035720825195,70.085334777832,259.775451660156,4
245,89,0.0,647.035705566406,662.736755371094,687.009460449219,3
81,57,14.1428575515747,142.607147216797,168.450714111328,205.029388427734,4
360,95,147.321426391602,24.75,115.579330444336,251.18782043457,4
213,86,143.785720825195,69.5357131958008,114.349761962891,307.007354736328,4
458,164,113.142860412598,206.25,226.240386962891,221.131164550781,4
143,77,126.107139587402,248.678573608398,168.450714111328,217.91081237793,4
71,137,82.5,96.6428604125977,0.0,208.249740600586,4
90,77,0.0,163.821426391602,49.1826934814453,284.46484375,4
120,68,563.357116699219,288.75,725.444702148438,218.984252929688,1
387,100,58.9285697937012,477.321441650391,643.063720703125,654.805847167969,3
124,100,14.1428575515747,0.0,0.0,349.945434570312,4
194,106,186.214279174805,141.428573608398,124.186294555664,298.419738769531,4
76,79,2.35714292526245,0.0,14.754807472229,262.995788574219,4
276,164,38.8928565979004,195.642852783203,170.909851074219,346.725067138672,4
200,107,108.428573608398,10.6071424484253,12.2956733703613,156.724029541016,4
256,66,95.4642868041992,166.178573608398,75.0036087036133,245.820571899414,4
173,72,73.0714263916016,0.0,154.925476074219,260.848907470703,4
452,116,0.0,27.1071434020996,0.0,0.0,4
214,138,123.75,101.357139587402,121.727165222168,96.6107025146484,4
358,239,320.571441650391,373.607147216797,269.275238037109,431.527801513672,2
92,34,0.0,0.0,0.0,265.142700195312,4
240,126,81.3214263916016,110.785713195801,120.497596740723,237.232955932617,4
76,73,41.25,157.928573608398,0.0,261.92236328125,4
119,49,467.892852783203,103.714286804199,719.296875,195.368316650391,1
225,141,91.9285736083984,94.2857131958008,65.1670684814453,199.662124633789,4
75,88,0.0,42.4285697937012,15.984375,223.278076171875,4
239,139,29.4642848968506,436.071441650391,580.355773925781,583.9580078125,3
200,92,81.3214263916016,470.25,628.308898925781,668.7607421875,3
241,159,89.5714263916016,0.0,50.4122581481934,275.877227783203,4
488,91,153.214279174805,664.714294433594,655.359375,713.845764160156,3
212,65,446.678558349609,1.17857146263123,570.519226074219,89.0965347290039,1
127,50,0.0,81.3214263916016,30.7391834259033,0.0,4
145,68,0.0,36.5357131958008,100.824516296387,106.271774291992,4
238,101,551.571411132812,123.75,661.507202148438,192.14794921875,1
303,84,568.071411132812,168.535720825195,633.227172851562,342.431274414062,1
334,80,621.107116699219,139.071426391602,665.195922851562,155.650573730469,1
166,81,66.0,218.035720825195,317.228363037109,53.6726112365723,4
386,74,67.1785736083984,658.821411132812,576.667053222656,685.935974121094,3
360,85,510.321441650391,240.428573608398,577.896606445312,240.453308105469,1
165,90,479.678558349609,223.928573608398,656.588928222656,237.232955932617,1
464,80,4.7142858505249,89.5714263916016,174.598556518555,235.086044311523,4
126,201,233.357147216797,321.75,270.504821777344,275.877227783203,2
361,129,68.3571395874023,73.0714263916016,147.548080444336,155.650573730469,4
143,35,189.75,136.714279174805,109.431488037109,0.0,4
226,108,54.2142868041992,258.107147216797,168.450714111328,205.029388427734,4
70,25,141.428573608398,0.0,0.0,236.15950012207,4
76,323,0.0,11.7857141494751,0.0,179.266525268555,4
183,136,119.035713195801,97.8214263916016,35.6574516296387,322.035675048828,4
92,100,62.4642868041992,0.0,29.509614944458,0.0,4
117,77,0.0,68.3571395874023,0.0,202.882476806641,4
164,80,108.428573608398,90.75,212.715148925781,6.44071340560913,4
215,94,127.285713195801,61.2857131958008,216.403839111328,209.323196411133,4
171,104,116.678573608398,0.0,60.2487983703613,258.701995849609,4
305,103,4.7142858505249,546.857116699219,630.768005371094,702.037780761719,3
61,49,0.0,0.0,14.754807472229,158.870941162109,4
63,95,159.107147216797,214.5,159.84375,0.0,4
232,137,535.071411132812,0.0,716.837768554688,181.413436889648,1
335,237,132.0,213.321426391602,165.991592407227,303.786987304688,4
189,84,57.75,697.714294433594,590.192321777344,736.388244628906,3
202,103,119.035713195801,16.5,72.5444717407227,288.758666992188,4
352,66,115.5,93.1071395874023,183.205535888672,250.114379882812,4
510,147,628.178588867188,246.321426391602,646.752380371094,97.6841583251953,1
273,144,573.964294433594,146.142852783203,676.262023925781,354.2392578125,1
245,305,365.357147216797,397.178558349609,210.256011962891,355.312683105469,2
217,100,17.6785717010498,154.392852783203,75.0036087036133,156.724029541016,4
146,84,0.0,207.428573608398,0.0,1.07345223426819,4
159,76,95.4642868041992,140.25,0.0,173.899261474609,4
60,37,60.1071434020996,190.928573608398,30.7391834259033,72.9947509765625,4
157,67,260.464294433594,0.0,27.050479888916,267.289611816406,2
101,105,8.25,180.321426391602,134.022842407227,171.752365112305,4
115,64,86.0357131958008,568.071411132812,667.655029296875,651.585510253906,3
303,184,136.714279174805,247.5,181.975967407227,197.515213012695,4
166,131,68.3571395874023,189.75,227.469955444336,274.803771972656,4
305,81,5.89285707473755,682.392883300781,581.585327148438,710.625366210938,3
502,127,589.285705566406,104.892860412598,591.421875,8.5876178741455,1
243,171,183.857147216797,119.035713195801,150.007217407227,335.990570068359,4
71,95,200.357147216797,89.5714263916016,92.217544555664,339.210906982422,4
136,49,0.0,0.0,180.746398925781,315.594970703125,4
452,112,638.785705566406,0.0,652.900268554688,167.458557128906,1
90,33,100.178573608398,88.3928604125977,0.0,193.221405029297,4
75,75,94.2857131958008,0.0,126.645431518555,195.368316650391,4
333,166,56.5714302062988,15.3214282989502,704.542053222656,300.566619873047,4
184,113,62.4642868041992,365.357147216797,681.180297851562,647.291687011719,3
220,264,113.142860412598,331.178558349609,301.243988037109,325.256042480469,4
83,23,0.0,82.5,92.217544555664,0.0,4
93,226,0.0,107.25,70.085334777832,308.080810546875,4
119,230,34.1785697937012,73.0714263916016,86.069709777832,261.92236328125,4
227,204,74.25,127.285713195801,172.139419555664,212.543548583984,4
167,93,116.678573608398,577.5,667.655029296875,652.658996582031,3
106,48,11.7857141494751,95.4642868041992,120.497596740723,245.820571899414,4
112,221,0.0,35.3571434020996,115.579330444336,93.3903427124023,4
206,90,67.1785736083984,64.8214263916016,0.0,291.97900390625,4
254,113,4.7142858505249,229.821426391602,169.680282592773,226.498428344727,4
334,147,170.892852783203,187.392852783203,199.189910888672,291.97900390625,4
270,117,126.107139587402,425.464294433594,559.453125,697.743957519531,3
416,109,604.607116699219,40.0714302062988,663.966369628906,249.040924072266,1
71,34,0.0,240.428573608398,18.443510055542,259.775451660156,4
207,100,0.0,67.1785736083984,126.645431518555,232.93913269043,4
115,303,0.0,37.7142868041992,76.233169555664,0.0,4
212,77,516.214294433594,220.392852783203,544.698303222656,0.0,1
280,73,62.4642868041992,94.2857131958008,0.0,225.42497253418,4
90,40,64.8214263916016,53.0357131958008,170.909851074219,128.814270019531,4
434,111,53.0357131958008,0.0,143.859375,301.640075683594,4
112,186,0.0,0.0,97.1358184814453,176.046173095703,4
349,143,0.0,51.8571434020996,196.730773925781,294.125915527344,4
138,154,363.0,370.071441650391,432.807678222656,294.125915527344,2
75,40,0.0,0.0,0.0,211.470092773438,4
342,90,592.821411132812,17.6785717010498,618.472351074219,269.4365234375,1
248,134,605.785705566406,221.571426391602,818.891845703125,227.571884155273,1
76,28,0.0,0.0,87.2992782592773,243.67366027832,4
64,359,0.0,160.285720825195,0.0,199.662124633789,4
261,130,173.25,156.75,22.1322116851807,300.566619873047,4
195,88,0.0,0.0,35.6574516296387,297.346282958984,4
183,75,0.0,463.178558349609,641.834106445312,640.851013183594,3
428,95,595.178588867188,121.392860412598,644.293273925781,305.933898925781,1
270,93,0.0,149.678573608398,83.610580444336,286.611755371094,4
98,34,57.75,88.3928604125977,38.116584777832,187.854141235352,4
284,99,88.3928604125977,596.357116699219,577.896606445312,685.935974121094,3
236,88,0.0,214.5,125.415863037109,320.962219238281,4
371,76,90.75,561.0,521.336547851562,694.523620605469,3
442,125,149.678573608398,206.25,141.400238037109,221.131164550781,4
74,13,0.0,103.714286804199,0.0,296.272827148438,4
80,57,53.0357131958008,0.0,83.610580444336,158.870941162109,4
178,60,0.0,82.5,118.038459777832,186.780685424805,4
74,27,55.3928565979004,0.0,23.3617782592773,289.832122802734,4
212,83,94.2857131958008,144.964279174805,125.415863037109,0.0,4
128,191,253.392852783203,221.571426391602,76.233169555664,327.402923583984,2
348,71,548.035705566406,0.0,611.094970703125,0.0,1
345,102,8.25,133.178573608398,256.979553222656,223.278076171875,4
168,123,146.142852783203,268.714294433594,0.0,300.566619873047,4
167,91,0.0,269.892852783203,620.931518554688,352.092346191406,4
210,80,42.4285697937012,11.7857141494751,191.8125,111.639038085938,4
74,13,0.0,0.0,0.0,0.0,4
252,123,126.107139587402,522.107116699219,609.865356445312,681.642211914062,3
100,62,0.0,190.928573608398,38.116584777832,0.0,4
114,81,0.0,1.17857146263123,0.0,257.628540039062,4
272,85,24.75,23.5714282989502,0.0,302.713531494141,4
315,79,558.642883300781,0.0,592.651428222656,212.543548583984,1
134,68,0.0,0.0,205.337738037109,291.97900390625,4
128,54,0.0,0.0,0.0,256.555084228516,4
136,128,76.6071395874023,0.0,0.0,264.069244384766,4
329,138,0.0,691.821411132812,650.441101074219,619.381958007812,3
138,92,0.0,2.35714292526245,0.0,200.735565185547,4
144,76,34.1785697937012,15.3214282989502,186.894226074219,220.057708740234,4
72,28,61.2857131958008,0.0,106.972358703613,310.227691650391,4
250,59,147.321426391602,225.107147216797,300.014434814453,195.368316650391,4
94,48,80.1428604125977,179.142852783203,83.610580444336,0.0,4
374,173,34.1785697937012,187.392852783203,0.0,276.95068359375,4
464,126,648.214294433594,0.0,623.390625,215.763900756836,1
204,240,229.821426391602,302.892852783203,292.637023925781,352.092346191406,2
150,68,74.25,589.285705566406,645.522827148438,707.405029296875,3
293,198,148.5,268.714294433594,188.123794555664,262.995788574219,4
85,65,0.0,9.4285717010498,76.233169555664,98.7576065063477,4
110,83,0.0,0.0,111.890625,182.486877441406,4
78,42,0.0,216.857147216797,97.1358184814453,220.057708740234,4
334,89,599.892883300781,0.0,666.425476074219,99.8310623168945,1
92,37,0.0,89.5714263916016,0.0,104.124870300293,4
75,81,0.0,0.0,0.0,320.962219238281,4
108,86,5.89285707473755,0.0,0.0,268.363067626953,4
173,89,535.071411132812,0.0,726.674255371094,288.758666992188,1
171,79,45.9642868041992,0.0,183.205535888672,264.069244384766,4
199,259,348.857147216797,308.785705566406,276.652648925781,287.685211181641,2
475,351,702.428588867188,378.321441650391,692.246398925781,388.589721679688,1
209,121,513.857116699219,80.1428604125977,475.842559814453,217.91081237793,1
116,287,229.821426391602,268.714294433594,218.862976074219,324.182586669922,2
125,33,5.89285707473755,0.0,90.9879837036133,254.408187866211,4
68,227,133.178573608398,0.0,86.069709777832,0.0,4
253,113,18.8571434020996,81.3214263916016,18.443510055542,12.8814268112183,4
60,176,192.107147216797,256.928558349609,94.6766815185547,366.047210693359,4
74,34,117.857139587402,137.892852783203,11.0661058425903,191.074508666992,4
100,42,0.0,179.142852783203,170.909851074219,59.0398750305176,4
297,165,146.142852783203,260.464294433594,286.489196777344,191.074508666992,4
292,152,0.0,139.071426391602,148.777648925781,78.3620147705078,4
303,152,234.535720825195,199.178573608398,62.7079315185547,323.109130859375,2
249,60,29.4642848968506,200.357147216797,131.563705444336,276.95068359375,4
133,42,57.75,55.3928565979004,0.0,207.176284790039,4
474,343,649.392883300781,394.821441650391,617.242797851562,237.232955932617,1
123,246,252.214279174805,378.321441650391,184.435089111328,398.250793457031,2
113,93,0.0,0.0,0.0,0.0,4
412,139,160.285720825195,0.0,147.548080444336,190.001052856445,4
207,105,142.607147216797,0.0,127.875,183.560333251953,4
133,24,43.6071434020996,66.0,146.318511962891,76.2151107788086,4
219,98,0.0,451.392852783203,639.375,615.088134765625,3
192,94,559.821411132812,167.357147216797,727.903869628906,143.84260559082,1
188,120,529.178588867188,206.25,673.802856445312,0.0,1
225,116,33.0,53.0357131958008,148.777648925781,0.0,4
159,206,123.75,233.357147216797,216.403839111328,315.594970703125,4
260,103,122.571426391602,485.571441650391,624.620178222656,668.7607421875,3
318,204,97.8214263916016,213.321426391602,146.318511962891,278.024139404297,4
345,169,137.892852783203,229.821426391602,151.236785888672,339.210906982422,4
99,70,96.6428604125977,1.17857146263123,164.762023925781,212.543548583984,4
157,125,262.821441650391,248.678573608398,106.972358703613,300.566619873047,2
88,55,0.0,100.178573608398,0.0,252.261276245117,4
167,148,11.7857141494751,45.9642868041992,92.217544555664,300.566619873047,4
332,91,179.142852783203,188.571426391602,0.0,240.453308105469,4
211,103,103.714286804199,195.642852783203,277.882202148438,281.244476318359,4
456,109,0.0,246.321426391602,174.598556518555,117.006294250488,4
179,100,89.5714263916016,119.035713195801,54.100959777832,281.244476318359,4
307,136,157.928573608398,162.642852783203,90.9879837036133,201.809020996094,4
410,87,579.857116699219,82.5,613.554077148438,90.1699905395508,1
155,75,29.4642848968506,202.714279174805,75.0036087036133,180.339981079102,4
64,45,27.1071434020996,80.1428604125977,110.661056518555,152.430221557617,4
235,120,236.892852783203,581.035705566406,634.456726074219,693.450134277344,3
90,111,268.714294433594,337.071441650391,318.457946777344,383.222442626953,2
153,224,285.214294433594,370.071441650391,200.419464111328,311.301147460938,2
64,44,170.892852783203,121.392860412598,141.400238037109,173.899261474609,4
69,160,66.0,0.0,54.100959777832,213.617004394531,4
328,92,602.25,0.0,657.818481445312,302.713531494141,1
236,210,139.071426391602,266.357147216797,255.75,170.678909301758,4
465,190,189.75,221.571426391602,31.96875,0.0,4
287,88,576.321411132812,0.0,579.126220703125,183.560333251953,1
95,39,76.6071395874023,69.5357131958008,99.594955444336,214.690444946289,4
279,121,611.678588867188,132.0,534.861755371094,247.967468261719,1
134,464,0.0,0.0,0.0,312.374603271484,4
105,214,143.785720825195,247.5,2.45913457870483,305.933898925781,4
158,75,459.642852783203,173.25,619.701904296875,330.623291015625,1
148,71,545.678588867188,0.0,727.903869628906,246.894012451172,1
319,74,578.678588867188,22.3928565979004,569.289672851562,289.832122802734,1
86,16,0.0,126.107139587402,1.22956728935242,302.713531494141,4
207,121,287.571441650391,297.0,419.282440185547,441.188873291016,2
235,141,103.714286804199,255.75,156.155044555664,347.798522949219,4
270,109,74.25,209.785720825195,99.594955444336,259.775451660156,4
452,122,115.5,771.964294433594,628.308898925781,795.428100585938,3
312,135,148.5,207.428573608398,173.368988037109,276.95068359375,4
197,70,194.464279174805,35.3571434020996,111.890625,135.254989624023,4
396,94,630.535705566406,141.428573608398,660.277648925781,241.526763916016,1
282,157,5.89285707473755,234.535720825195,173.368988037109,373.561370849609,4
81,212,0.0,103.714286804199,73.774040222168,0.0,4
222,130,67.1785736083984,0.0,165.991592407227,247.967468261719,4
83,24,58.9285697937012,213.321426391602,49.1826934814453,141.695693969727,4
270,134,0.0,9.4285717010498,50.4122581481934,242.600204467773,4
195,330,312.321441650391,347.678558349609,205.337738037109,411.132202148438,2
151,87,146.142852783203,0.0,150.007217407227,244.747116088867,4
90,61,47.1428565979004,0.0,31.96875,0.0,4
91,79,0.0,0.0,75.0036087036133,239.379852294922,4
175,52,0.0,0.0,52.871395111084,307.007354736328,4
108,42,44.7857131958008,126.107139587402,210.256011962891,0.0,4
64,13,99.0,0.0,0.0,225.42497253418,4
215,80,0.0,142.607147216797,218.862976074219,66.5540390014648,4
244,141,109.607139587402,190.928573608398,184.435089111328,169.605453491211,4
240,100,70.7142868041992,236.892852783203,54.100959777832,282.317932128906,4
231,111,0.0,688.285705566406,677.491577148438,697.743957519531,3
77,111,0.0,0.0,0.0,285.538299560547,4
117,39,0.0,106.071426391602,28.2800483703613,0.0,4
181,91,141.428573608398,175.607147216797,30.7391834259033,328.476379394531,4
71,7,0.0,0.0,0.0,207.176284790039,4
229,124,287.571441650391,181.5,319.6875,273.730316162109,2
199,97,142.607147216797,140.25,127.875,314.521514892578,4
163,71,15.3214282989502,141.428573608398,170.909851074219,191.074508666992,4
181,106,556.285705566406,212.142852783203,750.036071777344,270.509979248047,1
155,323,232.178573608398,228.642852783203,209.026443481445,231.865692138672,2
72,41,49.5,0.0,9.83653831481934,276.95068359375,4
229,208,298.178558349609,360.642852783203,206.567306518555,373.561370849609,2
72,58,49.5,43.6071434020996,54.100959777832,61.1867790222168,4
187,95,114.321426391602,0.0,124.186294555664,283.391387939453,4
153,67,566.892883300781,227.464279174805,737.740356445312,109.492126464844,1
176,58,49.5,129.642852783203,145.088943481445,358.533050537109,4
60,69,0.0,0.0,11.0661058425903,244.747116088867,4
142,58,56.5714302062988,55.3928565979004,169.680282592773,225.42497253418,4
83,28,0.0,0.0,46.7235565185547,228.645324707031,4
129,101,0.0,37.7142868041992,204.108169555664,72.9947509765625,4
384,158,0.0,0.0,121.727165222168,101.977966308594,4
193,115,0.0,108.428573608398,127.875,260.848907470703,4
450,85,550.392883300781,102.535713195801,549.616577148438,318.815307617188,1
289,72,148.5,522.107116699219,534.861755371094,637.630615234375,3
183,100,536.25,169.714279174805,718.067321777344,0.0,1
140,64,29.4642848968506,189.75,180.746398925781,288.758666992188,4
220,261,300.535705566406,366.535705566406,264.356964111328,295.199371337891,2
351,164,148.5,121.392860412598,89.758415222168,354.2392578125,4
160,236,251.035720825195,353.571441650391,211.485580444336,237.232955932617,2
62,19,0.0,0.0,19.6730766296387,155.650573730469,4
78,72,233.357147216797,0.0,140.170669555664,237.232955932617,2
177,102,128.464279174805,154.392852783203,23.3617782592773,252.261276245117,4
63,75,0.0,33.0,99.594955444336,141.695693969727,4
372,123,629.357116699219,42.4285697937012,661.507202148438,194.294860839844,1
290,105,0.0,656.464294433594,634.456726074219,706.331604003906,3
196,71,104.892860412598,269.892852783203,24.5913467407227,124.520462036133,4
437,90,106.071426391602,148.5,0.0,124.520462036133,4
292,161,241.607147216797,17.6785717010498,124.186294555664,366.047210693359,2
204,92,27.1071434020996,163.821426391602,186.894226074219,267.289611816406,4
188,185,284.035705566406,338.25,195.501205444336,384.2958984375,2
198,111,623.464294433594,218.035720825195,644.293273925781,262.995788574219,1
75,21,144.964279174805,70.7142868041992,140.170669555664,254.408187866211,4
222,103,586.928588867188,0.0,766.020446777344,137.401885986328,1
130,63,364.178558349609,17.6785717010498,420.512023925781,217.91081237793,2
392,81,165.0,681.214294433594,591.421875,706.331604003906,3
187,105,111.964286804199,106.071426391602,90.9879837036133,40.791187286377,4
190,109,549.214294433594,156.75,732.822143554688,96.6107025146484,1
185,74,165.0,163.821426391602,193.042068481445,188.927597045898,4
313,115,170.892852783203,0.0,213.944717407227,291.97900390625,4
163,71,509.142852783203,135.535720825195,580.355773925781,164.238189697266,1
178,50,143.785720825195,236.892852783203,67.626205444336,297.346282958984,4
137,68,281.678558349609,176.785720825195,0.0,317.741882324219,2
161,80,551.571411132812,149.678573608398,655.359375,223.278076171875,1
300,169,15.3214282989502,120.214286804199,141.400238037109,286.611755371094,4
118,101,149.678573608398,0.0,200.419464111328,144.916061401367,4
134,86,41.25,53.0357131958008,0.0,0.0,4
185,83,505.607147216797,288.75,693.475952148438,299.493194580078,1
151,302,333.535705566406,394.821441650391,284.030059814453,430.454345703125,2
309,135,161.464279174805,568.071411132812,650.441101074219,708.478515625,3
77,37,37.7142868041992,141.428573608398,76.233169555664,0.0,4
151,64,543.321411132812,147.321426391602,681.180297851562,0.0,1
369,70,564.535705566406,42.4285697937012,663.966369628906,268.363067626953,1
330,185,183.857147216797,113.142860412598,153.695907592773,346.725067138672,4
205,210,258.107147216797,302.892852783203,174.598556518555,341.357818603516,2
81,34,0.0,95.4642868041992,77.4627380371094,268.363067626953,4
179,105,552.75,0.0,704.542053222656,202.882476806641,1
141,62,0.0,28.2857151031494,28.2800483703613,0.0,4
115,46,36.5357131958008,0.0,63.9375,293.052459716797,4
259,94,54.2142868041992,681.214294433594,536.091369628906,695.597045898438,3
111,58,41.25,110.785713195801,40.5757217407227,128.814270019531,4
175,57,0.0,0.0,0.0,68.700942993164,4
165,92,75.4285736083984,4.7142858505249,141.400238037109,199.662124633789,4
133,170,0.0,68.3571395874023,177.057693481445,357.459594726562,4
299,110,548.035705566406,56.5714302062988,709.460327148438,315.594970703125,1
116,106,109.607139587402,238.071426391602,43.034854888916,285.538299560547,4
236,248,319.392852783203,284.035705566406,253.290863037109,328.476379394531,2
65,97,58.9285697937012,0.0,111.890625,229.718780517578,4
113,88,61.2857131958008,48.3214302062988,120.497596740723,158.870941162109,4
145,225,268.714294433594,325.285705566406,0.0,355.312683105469,2
441,79,603.428588867188,174.428573608398,714.378601074219,220.057708740234,1
145,60,172.071426391602,62.4642868041992,84.8401412963867,317.741882324219,4
209,89,127.285713195801,4.7142858505249,129.104568481445,307.007354736328,4
110,205,198.0,56.5714302062988,158.614181518555,230.792236328125,4
74,33,31.8214282989502,260.464294433594,46.7235565185547,0.0,4
180,124,498.535705566406,117.857139587402,688.557678222656,0.0,1
70,63,0.0,0.0,0.0,0.0,4
128,64,504.428558349609,0.0,716.837768554688,267.289611816406,1
107,41,27.1071434020996,113.142860412598,270.504821777344,206.102828979492,4
305,52,53.0357131958008,77.7857131958008,87.2992782592773,275.877227783203,4
271,153,29.4642848968506,648.214294433594,721.755981445312,710.625366210938,3
216,122,0.0,120.214286804199,135.252410888672,298.419738769531,4
307,156,90.75,115.5,178.287261962891,245.820571899414,4
311,130,81.3214263916016,709.5,678.721130371094,720.286437988281,3
229,106,0.0,245.142852783203,189.353363037109,294.125915527344,4
145,90,81.3214263916016,167.357147216797,265.586547851562,258.701995849609,4
267,117,99.0,161.464279174805,178.287261962891,330.623291015625,4
123,83,0.0,0.0,104.513221740723,164.238189697266,4
478,132,249.857147216797,93.1071395874023,13.525239944458,251.18782043457,2
102,97,0.0,0.0,94.6766815185547,307.007354736328,4
75,22,0.0,201.535720825195,0.0,225.42497253418,4
94,98,0.0,100.178573608398,38.116584777832,242.600204467773,4
322,121,530.357116699219,84.8571395874023,598.799255371094,0.0,1
236,148,0.0,51.8571434020996,0.0,264.069244384766,4
257,86,45.9642868041992,16.5,265.586547851562,0.0,4
85,302,0.0,0.0,200.419464111328,0.0,4
204,79,4.7142858505249,156.75,59.019229888916,214.690444946289,4
65,33,0.0,0.0,0.0,100.904510498047,4
71,64,0.0,23.5714282989502,0.0,85.8761825561523,4
262,138,186.214279174805,139.071426391602,175.828125,265.142700195312,4
74,88,29.4642848968506,66.0,140.170669555664,188.927597045898,4
60,63,0.0,0.0,0.0,269.4365234375,4
71,49,0.0,120.214286804199,0.0,199.662124633789,4
81,20,5.89285707473755,1.17857146263123,81.1514434814453,269.4365234375,4
178,93,71.8928604125977,609.321411132812,651.670654296875,670.907653808594,3
303,128,22.3928565979004,665.892883300781,624.620178222656,697.743957519531,3
80,46,0.0,142.607147216797,89.758415222168,287.685211181641,4
242,121,50.6785697937012,604.607116699219,604.947143554688,723.5068359375,3
437,90,635.25,74.25,692.246398925781,256.555084228516,1
63,16,0.0,29.4642848968506,141.400238037109,250.114379882812,4
193,109,0.0,165.0,78.6923065185547,168.531997680664,4
125,28,0.0,0.0,57.789665222168,19.3221397399902,4
224,134,228.642852783203,280.5,242.224761962891,286.611755371094,2
91,92,149.678573608398,0.0,76.233169555664,122.373558044434,4
159,65,121.392860412598,186.214279174805,249.602157592773,98.7576065063477,4
81,146,86.0357131958008,0.0,0.0,182.486877441406,4
283,117,0.0,225.107147216797,165.991592407227,302.713531494141,4
183,98,0.0,170.892852783203,157.384613037109,268.363067626953,4
273,90,78.9642868041992,586.928588867188,647.981994628906,644.071350097656,3
203,124,0.0,108.428573608398,49.1826934814453,247.967468261719,4
494,109,153.214279174805,41.25,285.259613037109,317.741882324219,4
333,101,0.0,133.178573608398,0.0,77.288558959961,4
373,98,99.0,144.964279174805,82.3810119628906,271.583435058594,4
71,29,0.0,0.0,0.0,274.803771972656,4
169,159,44.7857131958008,152.035720825195,68.8557662963867,255.481643676758,4
187,51,0.0,0.0,205.337738037109,229.718780517578,4
71,39,0.0,153.214279174805,156.155044555664,147.062957763672,4
229,117,196.821426391602,175.607147216797,279.111785888672,184.6337890625,4
157,194,358.285705566406,400.714294433594,186.894226074219,420.793273925781,2
321,74,111.964286804199,38.8928565979004,0.0,323.109130859375,4
165,132,107.25,176.785720825195,0.0,303.786987304688,4
632,315,351.214294433594,404.25,371.329315185547,397.177337646484,2
294,202,144.964279174805,253.392852783203,239.765625,182.486877441406,4
311,123,0.0,193.285720825195,15.984375,246.894012451172,4
91,265,0.0,207.428573608398,36.887020111084,276.95068359375,4
274,94,548.035705566406,146.142852783203,649.211547851562,75.1416549682617,1
381,95,153.214279174805,199.178573608398,110.661056518555,56.8929710388184,4
77,95,0.0,62.4642868041992,86.069709777832,235.086044311523,4
250,112,88.3928604125977,51.8571434020996,178.287261962891,281.244476318359,4
70,34,41.25,61.2857131958008,232.388214111328,223.278076171875,4
165,54,0.0,0.0,124.186294555664,182.486877441406,4
289,104,220.392852783203,565.714294433594,655.359375,717.066101074219,3
109,57,0.0,62.4642868041992,184.435089111328,258.701995849609,4
187,123,147.321426391602,128.464279174805,254.520431518555,154.577117919922,4
84,19,0.0,89.5714263916016,47.953125,52.5991592407227,4
177,215,0.0,12.9642858505249,0.0,201.809020996094,4
62,14,5.89285707473755,0.0,23.3617782592773,118.079750061035,4
210,146,97.8214263916016,141.428573608398,52.871395111084,274.803771972656,4
95,65,132.0,207.428573608398,240.995193481445,0.0,4
83,142,3.53571438789368,38.8928565979004,0.0,178.193069458008,4
186,76,0.0,119.035713195801,46.7235565185547,304.860443115234,4
558,280,332.357147216797,260.464294433594,215.174285888672,283.391387939453,2
261,144,77.7857131958008,132.0,218.862976074219,268.363067626953,4
251,100,64.8214263916016,239.25,0.0,265.142700195312,4
300,67,22.3928565979004,150.857147216797,189.353363037109,325.256042480469,4
249,138,117.857139587402,121.392860412598,293.866577148438,308.080810546875,4
287,78,102.535713195801,161.464279174805,473.383422851562,295.199371337891,4
342,86,9.4285717010498,677.678588867188,617.242797851562,710.625366210938,3
262,135,124.928573608398,35.3571434020996,99.594955444336,206.102828979492,4
115,84,57.75,0.0,177.057693481445,173.899261474609,4
68,82,0.0,31.8214282989502,0.0,127.740821838379,4
129,199,306.428558349609,305.25,7.3774037361145,206.102828979492,2
506,138,612.857116699219,231.0,614.783630371094,203.955932617188,1
264,138,173.25,27.1071434020996,129.104568481445,143.84260559082,4
223,120,538.607116699219,70.7142868041992,670.114196777344,260.848907470703,1
433,106,86.0357131958008,128.464279174805,239.765625,42.9380912780762,4
84,81,77.7857131958008,0.0,62.7079315185547,155.650573730469,4
359,128,75.4285736083984,606.964294433594,683.639404296875,683.7890625,3
204,240,335.892852783203,359.464294433594,247.143035888672,304.860443115234,2
132,219,0.0,81.3214263916016,0.0,109.492126464844,4
82,37,58.9285697937012,0.0,0.0,202.882476806641,4
305,149,601.071411132812,0.0,662.736755371094,284.46484375,1
285,226,255.75,286.392852783203,231.158660888672,271.583435058594,2
132,37,0.0,2.35714292526245,79.921875,315.594970703125,4
208,114,0.0,616.392883300781,704.542053222656,696.670532226562,3
96,104,0.0,0.0,43.034854888916,245.820571899414,4
265,196,254.571426391602,210.964279174805,220.092544555664,272.656860351562,2
415,92,606.964294433594,189.75,558.223571777344,314.521514892578,1
83,158,228.642852783203,285.214294433594,50.4122581481934,318.815307617188,2
221,110,557.464294433594,150.857147216797,750.036071777344,100.904510498047,1
426,104,643.5,236.892852783203,625.849731445312,294.125915527344,1
101,92,154.392852783203,55.3928565979004,4.91826915740967,258.701995849609,4
243,150,144.964279174805,150.857147216797,247.143035888672,338.137451171875,4
415,163,622.285705566406,227.464279174805,644.293273925781,0.0,1
218,51,148.5,0.0,100.824516296387,0.0,4
221,138,0.0,87.2142868041992,265.586547851562,237.232955932617,4
191,102,99.0,75.4285736083984,18.443510055542,297.346282958984,4
237,106,130.821426391602,584.571411132812,611.094970703125,685.935974121094,3
153,117,140.25,137.892852783203,138.941101074219,63.333683013916,4
165,158,119.035713195801,23.5714282989502,145.088943481445,145.989501953125,4
181,109,0.0,208.607147216797,0.0,241.526763916016,4
90,66,0.0,135.535720825195,46.7235565185547,149.209869384766,4
74,169,54.2142868041992,17.6785717010498,0.0,180.339981079102,4
86,20,0.0,146.142852783203,0.0,297.346282958984,4
207,172,0.0,96.6428604125977,95.90625,169.605453491211,4
116,43,4.7142858505249,21.2142848968506,184.435089111328,339.210906982422,4
324,381,149.678573608398,132.0,168.450714111328,166.385101318359,4
71,33,7.07142877578735,41.25,138.941101074219,270.509979248047,4
107,77,24.75,0.0,184.435089111328,191.074508666992,4
256,132,33.0,205.071426391602,201.649032592773,327.402923583984,4
326,186,0.0,200.357147216797,220.092544555664,203.955932617188,4
100,99,53.0357131958008,181.5,84.8401412963867,340.284362792969,4
304,153,101.357139587402,157.928573608398,282.800476074219,324.182586669922,4
89,42,0.0,194.464279174805,95.90625,225.42497253418,4
81,97,0.0,154.392852783203,8.60697078704834,197.515213012695,4
375,102,67.1785736083984,167.357147216797,38.116584777832,246.894012451172,4
79,57,111.964286804199,200.357147216797,212.715148925781,154.577117919922,4
119,89,0.0,149.678573608398,46.7235565185547,250.114379882812,4
62,118,121.392860412598,293.464294433594,93.4471130371094,325.256042480469,4
180,105,293.464294433594,219.214279174805,204.108169555664,247.967468261719,2
222,128,51.8571434020996,515.035705566406,643.063720703125,633.336853027344,3
148,183,269.892852783203,347.678558349609,162.302886962891,269.4365234375,2
231,100,61.2857131958008,212.142852783203,0.0,310.227691650391,4
149,56,127.285713195801,0.0,183.205535888672,136.328430175781,4
127,54,0.0,27.1071434020996,189.353363037109,186.780685424805,4
71,18,0.0,183.857147216797,0.0,234.012588500977,4
324,74,0.0,87.2142868041992,84.8401412963867,217.91081237793,4
185,106,3.53571438789368,0.0,147.548080444336,156.724029541016,4
320,131,130.821426391602,0.0,207.796875,296.272827148438,4
67,110,0.0,0.0,77.4627380371094,181.413436889648,4
89,83,10.6071424484253,0.0,68.8557662963867,242.600204467773,4
397,364,327.642852783203,419.571441650391,275.423065185547,446.55615234375,2
213,89,42.4285697937012,637.607116699219,665.195922851562,693.450134277344,3
276,157,115.5,196.821426391602,0.0,288.758666992188,4
77,34,0.0,54.2142868041992,140.170669555664,335.990570068359,4
90,82,0.0,0.0,19.6730766296387,190.001052856445,4
108,45,0.0,0.0,173.368988037109,279.097595214844,4
144,17,0.0,0.0,207.796875,329.549835205078,4
266,122,84.8571395874023,190.928573608398,0.0,358.533050537109,4
178,106,0.0,483.214294433594,757.413452148438,604.353637695312,3
289,66,77.7857131958008,14.1428575515747,38.116584777832,215.763900756836,4
67,48,0.0,187.392852783203,0.0,341.357818603516,4
85,48,0.0,0.0,234.847351074219,235.086044311523,4
367,89,169.714279174805,30.6428565979004,225.010818481445,89.0965347290039,4
264,111,0.0,233.357147216797,105.742790222168,144.916061401367,4
79,121,167.357147216797,127.285713195801,223.78125,278.024139404297,4
195,87,126.107139587402,110.785713195801,114.349761962891,0.0,4
96,102,0.0,0.0,82.3810119628906,94.4637985229492,4
295,139,0.0,227.464279174805,122.956733703613,57.966423034668,4
251,91,104.892860412598,212.142852783203,89.758415222168,264.069244384766,4
196,100,188.571426391602,708.321411132812,719.296875,747.122741699219,3
75,238,160.285720825195,160.285720825195,142.629806518555,245.820571899414,4
88,56,114.321426391602,41.25,7.3774037361145,216.837356567383,4
267,74,516.214294433594,120.214286804199,577.896606445312,0.0,1
278,135,34.1785697937012,182.678573608398,164.762023925781,119.153198242188,4
201,104,129.642852783203,294.642852783203,612.324523925781,596.839477539062,3
130,91,532.714294433594,88.3928604125977,666.425476074219,288.758666992188,1
223,222,304.071441650391,300.535705566406,248.372589111328,360.679962158203,2
249,115,585.75,95.4642868041992,582.814880371094,253.334732055664,1
267,502,249.857147216797,298.178558349609,279.111785888672,237.232955932617,2
162,85,454.928558349609,147.321426391602,638.145446777344,319.888763427734,1
102,124,30.6428565979004,54.2142868041992,119.268028259277,184.6337890625,4
82,60,0.0,101.357139587402,167.221160888672,220.057708740234,4
294,134,0.0,206.25,183.205535888672,296.272827148438,4
198,267,282.857147216797,287.571441650391,233.617782592773,280.171051025391,2
304,134,87.2142868041992,377.142852783203,650.441101074219,722.433349609375,3
273,140,185.035720825195,510.321441650391,622.161071777344,630.116455078125,3
486,170,152.035720825195,0.0,217.633407592773,319.888763427734,4
353,67,0.0,533.892883300781,641.834106445312,600.059814453125,3
330,70,563.357116699219,185.035720825195,604.947143554688,0.0,1
197,137,0.0,242.785720825195,3.68870186805725,251.18782043457,4
244,144,0.0,152.035720825195,268.045684814453,256.555084228516,4
234,218,272.25,235.714279174805,131.563705444336,270.509979248047,2
138,93,0.0,0.0,63.9375,40.791187286377,4
131,44,9.4285717010498,81.3214263916016,62.7079315185547,200.735565185547,4
462,156,100.178573608398,135.535720825195,191.8125,335.990570068359,4
61,73,0.0,0.0,0.0,174.972717285156,4
414,94,31.8214282989502,0.0,179.516830444336,253.334732055664,4
175,532,51.8571434020996,30.6428565979004,41.805290222168,267.289611816406,4
359,155,218.035720825195,628.178588867188,681.180297851562,735.314819335938,3
434,167,11.7857141494751,120.214286804199,288.948303222656,143.84260559082,4
83,31,0.0,258.107147216797,29.509614944458,260.848907470703,4
176,76,73.0714263916016,0.0,200.419464111328,342.431274414062,4
431,80,597.535705566406,0.0,686.098571777344,325.256042480469,1
142,47,11.7857141494751,147.321426391602,0.0,287.685211181641,4
363,61,0.0,114.321426391602,38.116584777832,218.984252929688,4
144,62,37.7142868041992,518.571411132812,561.912231445312,619.381958007812,3
461,173,169.714279174805,577.5,539.780029296875,837.292785644531,3
255,113,134.357147216797,495.0,705.771606445312,677.348388671875,3
270,109,603.428588867188,242.785720825195,549.616577148438,165.311645507812,1
178,64,0.0,114.321426391602,215.174285888672,155.650573730469,4
74,72,193.285720825195,126.107139587402,186.894226074219,338.137451171875,4
72,76,0.0,130.821426391602,0.0,268.363067626953,4
135,91,55.3928565979004,192.107147216797,238.536056518555,288.758666992188,4
61,35,0.0,88.3928604125977,4.91826915740967,226.498428344727,4
156,238,319.392852783203,268.714294433594,249.602157592773,265.142700195312,2
304,150,61.2857131958008,116.678573608398,93.4471130371094,262.995788574219,4
264,166,15.3214282989502,82.5,63.9375,121.300102233887,4
110,61,0.0,4.7142858505249,228.699523925781,227.571884155273,4
187,96,0.0,5.89285707473755,9.83653831481934,4.29380893707275,4
62,10,0.0,0.0,33.1983184814453,287.685211181641,4
80,67,147.321426391602,80.1428604125977,238.536056518555,237.232955932617,4
154,84,0.0,93.1071395874023,714.378601074219,178.193069458008,4
107,62,0.0,228.642852783203,184.435089111328,255.481643676758,4
67,42,0.0,29.4642848968506,114.349761962891,278.024139404297,4
247,132,598.714294433594,0.0,732.822143554688,163.164749145508,1
100,94,188.571426391602,201.535720825195,159.84375,339.210906982422,4
465,85,563.357116699219,186.214279174805,704.542053222656,151.35676574707,1
296,62,66.0,146.142852783203,125.415863037109,212.543548583984,4
250,135,182.678573608398,228.642852783203,134.022842407227,257.628540039062,4
200,115,1.17857146263123,9.4285717010498,109.431488037109,268.363067626953,4
76,163,167.357147216797,279.321441650391,216.403839111328,288.758666992188,4
247,141,160.285720825195,637.607116699219,597.569702148438,715.99267578125,3
293,71,53.0357131958008,41.25,23.3617782592773,222.204620361328,4
387,96,157.928573608398,8.25,98.3653869628906,212.543548583984,4
154,97,150.857147216797,306.428558349609,135.252410888672,266.216156005859,4
292,110,37.7142868041992,60.1071434020996,288.948303222656,0.0,4
377,88,162.642852783203,126.107139587402,236.076919555664,199.662124633789,4
442,131,42.4285697937012,61.2857131958008,157.384613037109,0.0,4
101,47,17.6785717010498,0.0,130.334136962891,96.6107025146484,4
74,61,70.7142868041992,0.0,0.0,0.0,4
533,104,621.107116699219,109.607139587402,718.067321777344,212.543548583984,1
205,105,31.8214282989502,228.642852783203,38.116584777832,147.062957763672,4
305,229,196.821426391602,388.928558349609,106.972358703613,334.917114257812,4
74,28,0.0,0.0,0.0,163.164749145508,4
235,137,129.642852783203,0.0,129.104568481445,252.261276245117,4
342,118,619.928588867188,61.2857131958008,613.554077148438,0.0,1
92,44,0.0,0.0,201.649032592773,235.086044311523,4
450,114,180.321426391602,678.857116699219,563.141845703125,741.755493164062,3
217,145,16.5,558.642883300781,661.507202148438,705.258117675781,3
293,194,163.821426391602,67.1785736083984,185.664657592773,347.798522949219,4
111,52,128.464279174805,84.8571395874023,183.205535888672,172.825805664062,4
147,47,73.0714263916016,152.035720825195,150.007217407227,339.210906982422,4
510,136,139.071426391602,242.785720825195,201.649032592773,242.600204467773,4
77,47,0.0,0.0,180.746398925781,149.209869384766,4
213,111,36.5357131958008,104.892860412598,0.0,230.792236328125,4
203,179,236.892852783203,319.392852783203,41.805290222168,345.651611328125,2
454,138,654.107116699219,33.0,660.277648925781,213.617004394531,1
226,110,124.928573608398,517.392883300781,673.802856445312,737.461669921875,3
179,76,97.8214263916016,130.821426391602,205.337738037109,288.758666992188,4
234,113,0.0,50.6785697937012,75.0036087036133,216.837356567383,4
63,33,0.0,0.0,0.0,37.5708274841309,4
302,254,328.821441650391,284.035705566406,157.384613037109,300.566619873047,2
409,147,71.8928604125977,775.5,613.554077148438,835.145874023438,3
139,132,0.0,63.6428565979004,174.598556518555,106.271774291992,4
321,81,548.035705566406,0.0,635.686279296875,0.0,1
101,375,24.75,90.75,22.1322116851807,239.379852294922,4
66,17,0.0,0.0,60.2487983703613,154.577117919922,4
218,147,189.75,238.071426391602,15.984375,309.154235839844,4
313,80,116.678573608398,683.571411132812,644.293273925781,710.625366210938,3
335,67,617.571411132812,0.0,633.227172851562,264.069244384766,1
316,58,127.285713195801,177.964279174805,0.0,259.775451660156,4
459,112,137.892852783203,45.9642868041992,209.026443481445,304.860443115234,4
309,152,103.714286804199,188.571426391602,73.774040222168,315.594970703125,4
570,153,637.607116699219,173.25,633.227172851562,343.504730224609,1
385,146,108.428573608398,189.75,54.100959777832,280.171051025391,4
256,113,25.9285717010498,0.0,0.0,202.882476806641,4
184,121,123.75,139.071426391602,142.629806518555,280.171051025391,4
155,263,222.75,345.321441650391,247.143035888672,342.431274414062,2
192,119,161.464279174805,181.5,130.334136962891,186.780685424805,4
69,41,126.107139587402,140.25,135.252410888672,276.95068359375,4
70,149,35.3571434020996,186.214279174805,165.991592407227,226.498428344727,4
222,177,339.428558349609,313.5,29.509614944458,319.888763427734,2
244,185,70.7142868041992,279.321441650391,260.668273925781,305.933898925781,4
218,81,116.678573608398,182.678573608398,216.403839111328,314.521514892578,4
321,80,545.678588867188,135.535720825195,679.950744628906,80.508918762207,1
100,119,0.0,0.0,162.302886962891,261.92236328125,4
78,18,76.6071395874023,0.0,106.972358703613,57.966423034668,4
223,155,14.1428575515747,678.857116699219,719.296875,766.444885253906,3
69,174,256.928558349609,340.607147216797,276.652648925781,405.764953613281,2
101,18,43.6071434020996,0.0,0.0,202.882476806641,4
203,120,0.0,0.0,119.268028259277,191.074508666992,4
187,42,0.0,163.821426391602,75.0036087036133,169.605453491211,4
148,83,522.107116699219,48.3214302062988,699.623779296875,197.515213012695,1
401,72,570.428588867188,0.0,629.538452148438,223.278076171875,1
374,184,282.857147216797,104.892860412598,159.84375,315.594970703125,2
180,67,114.321426391602,87.2142868041992,130.334136962891,245.820571899414,4
60,27,77.7857131958008,0.0,0.0,222.204620361328,4
221,114,133.178573608398,225.107147216797,184.435089111328,143.84260559082,4
253,78,194.464279174805,114.321426391602,97.1358184814453,282.317932128906,4
168,76,12.9642858505249,108.428573608398,240.995193481445,228.645324707031,4
134,20,0.0,176.785720825195,51.6418266296387,326.329498291016,4
288,147,29.4642848968506,300.535705566406,184.435089111328,98.7576065063477,4
270,80,127.285713195801,482.035705566406,505.352172851562,592.545654296875,3
240,191,60.1071434020996,206.25,169.680282592773,183.560333251953,4
166,110,73.0714263916016,234.535720825195,202.878601074219,158.870941162109,4
65,133,0.0,29.4642848968506,122.956733703613,0.0,4
230,135,113.142860412598,173.25,173.368988037109,230.792236328125,4
122,62,451.392852783203,56.5714302062988,683.639404296875,283.391387939453,1
166,70,64.8214263916016,116.678573608398,240.995193481445,243.67366027832,4
143,106,54.2142868041992,0.0,181.975967407227,266.216156005859,4
218,58,81.3214263916016,20.0357151031494,126.645431518555,342.431274414062,4
218,111,124.928573608398,459.642852783203,600.028869628906,696.670532226562,3
281,103,69.5357131958008,0.0,558.223571777344,276.95068359375,4
59,46,0.0,0.0,0.0,45.0849952697754,4
216,80,74.25,601.071411132812,620.931518554688,706.331604003906,3
463,92,625.821411132812,60.1071434020996,622.161071777344,0.0,1
237,193,291.107147216797,363.0,172.139419555664,326.329498291016,2
106,56,0.0,0.0,0.0,310.227691650391,4
85,128,0.0,119.035713195801,77.4627380371094,272.656860351562,4
209,119,116.678573608398,40.0714302062988,77.4627380371094,310.227691650391,4
120,48,28.2857151031494,0.0,62.7079315185547,278.024139404297,4
258,117,152.035720825195,201.535720825195,40.5757217407227,253.334732055664,4
70,43,0.0,0.0,0.0,152.430221557617,4
259,143,616.392883300781,130.821426391602,662.736755371094,262.995788574219,1
110,90,81.3214263916016,101.357139587402,77.4627380371094,282.317932128906,4
71,121,0.0,170.892852783203,0.0,203.955932617188,4
241,110,542.142883300781,235.714279174805,623.390625,168.531997680664,1
106,82,29.4642848968506,214.5,0.0,225.42497253418,4
165,29,83.6785736083984,109.607139587402,95.90625,269.4365234375,4
132,94,70.7142868041992,25.9285717010498,50.4122581481934,94.4637985229492,4
109,110,0.0,0.0,0.0,302.713531494141,4
408,96,0.0,568.071411132812,694.705505371094,675.201477050781,3
190,94,127.285713195801,53.0357131958008,195.501205444336,203.955932617188,4
148,74,159.107147216797,0.0,114.349761962891,262.995788574219,4
237,114,170.892852783203,216.857147216797,94.6766815185547,211.470092773438,4
178,88,176.785720825195,176.785720825195,210.256011962891,320.962219238281,4
143,125,66.0,292.285705566406,0.0,337.063995361328,4
234,94,0.0,142.607147216797,47.953125,173.899261474609,4
230,109,0.0,638.785705566406,651.670654296875,714.919189453125,3
130,59,43.6071434020996,0.0,0.0,226.498428344727,4
239,101,0.0,289.928558349609,30.7391834259033,235.086044311523,4
330,84,137.892852783203,596.357116699219,507.811309814453,679.495300292969,3
159,101,320.571441650391,30.6428565979004,525.025268554688,268.363067626953,2
453,136,622.285705566406,0.0,619.701904296875,0.0,1
102,53,0.0,0.0,126.645431518555,159.944381713867,4
259,273,258.107147216797,380.678558349609,173.368988037109,341.357818603516,2
248,121,246.321426391602,229.821426391602,274.193511962891,239.379852294922,2
410,96,95.4642868041992,0.0,102.054084777832,278.024139404297,4
184,89,48.3214302062988,9.4285717010498,148.777648925781,0.0,4
312,67,104.892860412598,37.7142868041992,175.828125,202.882476806641,4
226,119,1.17857146263123,585.75,686.098571777344,725.653747558594,3
361,99,571.607116699219,215.678573608398,620.931518554688,200.735565185547,1
301,56,0.0,186.214279174805,0.0,0.0,4
384,132,621.107116699219,201.535720825195,620.931518554688,202.882476806641,1
281,129,161.464279174805,256.928558349609,218.862976074219,256.555084228516,4
232,131,94.2857131958008,254.571426391602,0.0,167.458557128906,4
71,50,35.3571434020996,153.214279174805,33.1983184814453,139.548797607422,4
149,100,36.5357131958008,29.4642848968506,54.100959777832,241.526763916016,4
523,160,231.0,561.0,561.912231445312,859.835266113281,3
191,224,180.321426391602,320.571441650391,211.485580444336,327.402923583984,4
337,165,108.428573608398,77.7857131958008,260.668273925781,331.696746826172,4
70,44,0.0,28.2857151031494,0.0,0.0,4
68,76,37.7142868041992,0.0,0.0,235.086044311523,4
77,41,0.0,0.0,45.4939918518066,241.526763916016,4
172,84,513.857116699219,35.3571434020996,585.274047851562,0.0,1
231,155,165.0,238.071426391602,113.120193481445,309.154235839844,4
192,124,42.4285697937012,137.892852783203,253.290863037109,323.109130859375,4
69,31,0.0,94.2857131958008,22.1322116851807,0.0,4
509,117,44.7857131958008,15.3214282989502,315.998809814453,302.713531494141,4
215,164,163.821426391602,163.821426391602,222.551681518555,305.933898925781,4
111,54,440.785705566406,8.25,628.308898925781,287.685211181641,1
139,106,86.0357131958008,111.964286804199,178.287261962891,217.91081237793,4
77,59,163.821426391602,24.75,140.170669555664,50.4522552490234,4
197,182,240.428573608398,354.75,220.092544555664,374.634826660156,2
359,130,146.142852783203,113.142860412598,290.177886962891,262.995788574219,4
340,195,261.642852783203,242.785720825195,159.84375,269.4365234375,2
224,72,564.535705566406,0.0,676.262023925781,126.667366027832,1
497,128,165.0,36.5357131958008,0.0,317.741882324219,4
252,68,0.0,116.678573608398,287.71875,153.503677368164,4
98,115,246.321426391602,40.0714302062988,6.14783668518066,386.442810058594,2
132,53,50.6785697937012,137.892852783203,146.318511962891,239.379852294922,4
167,74,150.857147216797,161.464279174805,200.419464111328,283.391387939453,4
457,150,100.178573608398,0.0,152.466339111328,125.593910217285,4
252,117,122.571426391602,170.892852783203,201.649032592773,93.3903427124023,4
337,51,513.857116699219,67.1785736083984,600.028869628906,49.3788032531738,1
139,93,20.0357151031494,102.535713195801,100.824516296387,247.967468261719,4
93,67,21.2142848968506,0.0,41.805290222168,101.977966308594,4
154,174,87.2142868041992,40.0714302062988,98.3653869628906,313.448059082031,4
148,97,0.0,29.4642848968506,197.960342407227,5.36726140975952,4
179,109,47.1428565979004,7.07142877578735,106.972358703613,145.989501953125,4
82,47,67.1785736083984,18.8571434020996,54.100959777832,281.244476318359,4
470,127,162.642852783203,676.5,582.814880371094,836.219299316406,3
249,168,0.0,103.714286804199,51.6418266296387,285.538299560547,4
89,33,0.0,31.8214282989502,81.1514434814453,182.486877441406,4
291,68,114.321426391602,9.4285717010498,119.268028259277,314.521514892578,4
88,164,74.25,0.0,54.100959777832,197.515213012695,4
194,95,0.0,0.0,0.0,161.017837524414,4
167,69,68.3571395874023,0.0,2.45913457870483,268.363067626953,4
368,104,38.8928565979004,63.6428565979004,205.337738037109,129.887725830078,4
225,112,157.928573608398,559.821411132812,668.884643554688,638.7041015625,3
62,13,0.0,122.571426391602,0.0,256.555084228516,4
228,146,24.75,221.571426391602,41.805290222168,244.747116088867,4
247,173,20.0357151031494,198.0,113.120193481445,313.448059082031,4
222,94,543.321411132812,5.89285707473755,673.802856445312,24.6894016265869,1
312,158,74.25,190.928573608398,0.0,298.419738769531,4
120,179,133.178573608398,273.428558349609,168.450714111328,289.832122802734,4
181,103,555.107116699219,114.321426391602,601.258422851562,188.927597045898,1
64,40,0.0,0.0,0.0,98.7576065063477,4
253,281,177.964279174805,242.785720825195,185.664657592773,198.588668823242,4
249,130,108.428573608398,155.571426391602,141.400238037109,216.837356567383,4
104,90,51.8571434020996,0.0,159.84375,290.905548095703,4
62,11,0.0,0.0,0.0,72.9947509765625,4
76,111,0.0,9.4285717010498,11.0661058425903,70.8478469848633,4
243,145,29.4642848968506,136.714279174805,141.400238037109,185.707244873047,4
115,136,113.142860412598,4.7142858505249,39.3461532592773,236.15950012207,4
232,97,140.25,0.0,82.3810119628906,123.447006225586,4
236,118,0.0,215.678573608398,44.2644233703613,373.561370849609,4
133,260,0.0,0.0,67.626205444336,222.204620361328,4
220,112,0.0,522.107116699219,601.258422851562,719.213012695312,3
121,181,293.464294433594,262.821441650391,206.567306518555,295.199371337891,2
419,185,144.964279174805,238.071426391602,234.847351074219,316.668426513672,4
206,31,68.3571395874023,47.1428565979004,201.649032592773,126.667366027832,4
251,164,132.0,227.464279174805,102.054084777832,333.843658447266,4
458,138,625.821411132812,180.321426391602,704.542053222656,67.6274948120117,1
302,158,104.892860412598,153.214279174805,236.076919555664,349.945434570312,4
190,180,139.071426391602,238.071426391602,255.75,299.493194580078,4
124,80,102.535713195801,58.9285697937012,0.0,243.67366027832,4
60,13,47.1428565979004,94.2857131958008,199.189910888672,0.0,4
328,120,88.3928604125977,190.928573608398,132.793273925781,267.289611816406,4
93,84,73.0714263916016,103.714286804199,234.847351074219,243.67366027832,4
127,85,117.857139587402,239.25,81.1514434814453,89.0965347290039,4
358,113,137.892852783203,120.214286804199,0.0,134.181533813477,4
163,100,11.7857141494751,0.0,57.789665222168,152.430221557617,4
365,109,96.6428604125977,94.2857131958008,129.104568481445,297.346282958984,4
129,97,21.2142848968506,73.0714263916016,14.754807472229,293.052459716797,4
179,64,0.0,136.714279174805,138.941101074219,161.017837524414,4
112,50,0.0,43.6071434020996,29.509614944458,259.775451660156,4
114,123,11.7857141494751,176.785720825195,157.384613037109,128.814270019531,4
215,101,110.785713195801,591.642883300781,624.620178222656,688.082885742188,3
167,82,60.1071434020996,74.25,244.683898925781,213.617004394531,4
228,126,62.4642868041992,577.5,643.063720703125,682.715637207031,3
388,178,84.8571395874023,177.964279174805,0.0,0.0,4
336,145,180.321426391602,511.5,630.768005371094,601.133239746094,3
142,57,133.178573608398,0.0,135.252410888672,153.503677368164,4
97,143,150.857147216797,220.392852783203,82.3810119628906,230.792236328125,4
217,93,84.8571395874023,35.3571434020996,167.221160888672,196.441757202148,4
266,163,229.821426391602,299.357147216797,279.111785888672,418.646392822266,2
85,52,47.1428565979004,89.5714263916016,33.1983184814453,135.254989624023,4
374,77,25.9285717010498,532.714294433594,577.896606445312,606.500549316406,3
107,53,0.0,50.6785697937012,0.0,192.14794921875,4
397,111,536.25,190.928573608398,481.990386962891,188.927597045898,1
304,151,0.0,245.142852783203,240.995193481445,294.125915527344,4
71,115,41.25,168.535720825195,142.629806518555,172.825805664062,4
148,61,499.714294433594,0.0,655.359375,318.815307617188,1
219,66,43.6071434020996,182.678573608398,195.501205444336,323.109130859375,4
112,49,0.0,56.5714302062988,197.960342407227,257.628540039062,4
280,141,123.75,254.571426391602,240.995193481445,358.533050537109,4
422,92,60.1071434020996,121.392860412598,76.233169555664,279.097595214844,4
275,154,11.7857141494751,234.535720825195,130.334136962891,201.809020996094,4
331,80,0.0,20.0357151031494,99.594955444336,178.193069458008,4
153,58,0.0,50.6785697937012,99.594955444336,105.198318481445,4
120,133,0.0,0.0,19.6730766296387,238.306396484375,4
489,158,124.928573608398,177.964279174805,663.966369628906,625.822692871094,3
194,185,221.571426391602,315.857147216797,152.466339111328,338.137451171875,2
105,103,148.5,117.857139587402,232.388214111328,225.42497253418,4
191,119,45.9642868041992,110.785713195801,173.368988037109,267.289611816406,4
238,106,0.0,152.035720825195,100.824516296387,140.62223815918,4
64,19,0.0,18.8571434020996,0.0,324.182586669922,4
143,104,80.1428604125977,0.0,46.7235565185547,251.18782043457,4
291,125,0.0,188.571426391602,136.481964111328,289.832122802734,4
294,173,84.8571395874023,267.535705566406,178.287261962891,327.402923583984,4
351,108,107.25,126.107139587402,97.1358184814453,253.334732055664,4
100,242,81.3214263916016,294.642852783203,153.695907592773,355.312683105469,4
293,114,84.8571395874023,604.607116699219,652.900268554688,688.082885742188,3
64,55,0.0,134.357147216797,49.1826934814453,0.0,4
141,53,58.9285697937012,121.392860412598,8.60697078704834,330.623291015625,4
67,53,117.857139587402,0.0,0.0,262.995788574219,4
68,44,61.2857131958008,0.0,4.91826915740967,282.317932128906,4
127,236,18.8571434020996,267.535705566406,215.174285888672,363.900329589844,4
144,114,43.6071434020996,199.178573608398,70.085334777832,179.266525268555,4
279,108,60.1071434020996,183.857147216797,78.6923065185547,129.887725830078,4
101,60,0.0,0.0,65.1670684814453,232.93913269043,4
132,54,0.0,185.035720825195,49.1826934814453,200.735565185547,4
447,94,596.357116699219,0.0,639.375,289.832122802734,1
175,75,43.6071434020996,27.1071434020996,109.431488037109,110.565582275391,4
178,67,104.892860412598,63.6428565979004,157.384613037109,186.780685424805,4
207,52,0.0,0.0,77.4627380371094,208.249740600586,4
420,126,0.0,0.0,157.384613037109,257.628540039062,4
376,67,0.0,470.25,587.733154296875,640.851013183594,3
142,66,123.75,69.5357131958008,188.123794555664,284.46484375,4
296,141,175.607147216797,166.178573608398,288.948303222656,312.374603271484,4
214,118,58.9285697937012,388.928558349609,579.126220703125,564.635864257812,3
73,76,37.7142868041992,0.0,127.875,317.741882324219,4
421,119,107.25,305.25,597.569702148438,564.635864257812,3
73,48,0.0,157.928573608398,39.3461532592773,238.306396484375,4
159,81,29.4642848968506,234.535720825195,0.0,162.091293334961,4
198,86,167.357147216797,111.964286804199,0.0,303.786987304688,4
93,51,0.0,3.53571438789368,0.0,295.199371337891,4
380,71,70.7142868041992,578.678588867188,641.834106445312,640.851013183594,3
85,45,0.0,0.0,0.0,272.656860351562,4
70,73,75.4285736083984,0.0,173.368988037109,57.966423034668,4
211,129,133.178573608398,82.5,33.1983184814453,239.379852294922,4
156,72,542.142883300781,54.2142868041992,682.409851074219,167.458557128906,1
199,128,34.1785697937012,483.214294433594,647.981994628906,673.054565429688,3
212,284,228.642852783203,335.892852783203,276.652648925781,328.476379394531,2
182,101,507.964294433594,240.428573608398,581.585327148438,111.639038085938,1
259,113,562.178588867188,117.857139587402,746.347351074219,0.0,1
195,88,175.607147216797,57.75,218.862976074219,319.888763427734,4
211,110,104.892860412598,1.17857146263123,165.991592407227,352.092346191406,4
74,271,0.0,0.0,57.789665222168,209.323196411133,4
73,97,21.2142848968506,0.0,0.0,133.10807800293,4
346,149,93.1071395874023,123.75,227.469955444336,287.685211181641,4
331,89,0.0,0.0,212.715148925781,291.97900390625,4
243,118,0.0,254.571426391602,0.0,271.583435058594,4
170,98,519.75,30.6428565979004,678.721130371094,140.62223815918,1
443,142,252.214279174805,669.428588867188,613.554077148438,710.625366210938,3
275,113,188.571426391602,176.785720825195,272.963928222656,220.057708740234,4
235,137,38.8928565979004,602.25,704.542053222656,713.845764160156,3
208,103,168.535720825195,146.142852783203,147.548080444336,149.209869384766,4
64,168,27.1071434020996,0.0,138.941101074219,159.944381713867,4
60,75,0.0,104.892860412598,118.038459777832,297.346282958984,4
284,73,538.607116699219,163.821426391602,572.978393554688,0.0,1
327,66,0.0,199.178573608398,212.715148925781,246.894012451172,4
231,165,17.6785717010498,165.0,0.0,258.701995849609,4
406,77,176.785720825195,0.0,137.711532592773,254.408187866211,4
276,146,0.0,194.464279174805,252.061294555664,2.14690446853638,4
64,330,16.5,0.0,83.610580444336,81.5823745727539,4
206,119,556.285705566406,220.392852783203,716.837768554688,210.396636962891,1
358,184,62.4642868041992,206.25,188.123794555664,182.486877441406,4
432,73,559.821411132812,54.2142868041992,618.472351074219,149.209869384766,1
106,230,188.571426391602,67.1785736083984,8.60697078704834,226.498428344727,4
143,88,127.285713195801,0.0,6.14783668518066,313.448059082031,4
230,244,0.0,34.1785697937012,174.598556518555,0.0,4
478,107,616.392883300781,21.2142848968506,686.098571777344,195.368316650391,1
173,79,478.5,96.6428604125977,631.997619628906,118.079750061035,1
272,172,94.2857131958008,43.6071434020996,124.186294555664,247.967468261719,4
79,88,0.0,0.0,135.252410888672,280.171051025391,4
180,101,0.0,141.428573608398,0.0,214.690444946289,4
219,125,549.214294433594,116.678573608398,702.082946777344,234.012588500977,1
389,118,170.892852783203,0.0,306.162261962891,195.368316650391,4
207,182,251.035720825195,314.678558349609,150.007217407227,278.024139404297,2
128,86,0.0,167.357147216797,116.808891296387,268.363067626953,4
212,115,29.4642848968506,0.0,119.268028259277,302.713531494141,4
209,125,0.0,229.821426391602,14.754807472229,310.227691650391,4
171,75,0.0,243.964279174805,0.0,273.730316162109,4
222,95,102.535713195801,42.4285697937012,164.762023925781,225.42497253418,4
170,81,78.9642868041992,102.535713195801,2.45913457870483,140.62223815918,4
158,196,258.107147216797,268.714294433594,131.563705444336,320.962219238281,2
229,103,0.0,64.8214263916016,118.038459777832,205.029388427734,4
271,123,100.178573608398,99.0,0.0,311.301147460938,4
84,114,0.0,71.8928604125977,24.5913467407227,89.0965347290039,4
426,93,619.928588867188,88.3928604125977,657.818481445312,223.278076171875,1
89,66,5.89285707473755,142.607147216797,0.0,132.034622192383,4
368,88,74.25,166.178573608398,126.645431518555,208.249740600586,4
503,166,16.5,637.607116699219,592.651428222656,808.3095703125,3
117,45,0.0,87.2142868041992,0.0,220.057708740234,4
200,177,498.535705566406,228.642852783203,619.701904296875,325.256042480469,1
431,101,552.75,71.8928604125977,585.274047851562,41.8646392822266,1
141,117,150.857147216797,561.0,678.721130371094,722.433349609375,3
236,159,140.25,190.928573608398,114.349761962891,148.136413574219,4
208,104,165.0,255.75,40.5757217407227,339.210906982422,4
501,133,635.25,253.392852783203,592.651428222656,198.588668823242,1
322,105,183.857147216797,0.0,168.450714111328,221.131164550781,4
59,19,16.5,40.0714302062988,0.0,164.238189697266,4
129,46,16.5,0.0,181.975967407227,315.594970703125,4
132,99,16.5,214.5,47.953125,259.775451660156,4
334,86,583.392883300781,154.392852783203,537.320922851562,227.571884155273,1
189,62,113.142860412598,192.107147216797,221.322113037109,249.040924072266,4
373,78,31.8214282989502,96.6428604125977,17.2139415740967,99.8310623168945,4
308,68,0.0,420.75,612.324523925781,595.765991210938,3
104,78,549.214294433594,87.2142868041992,722.985595703125,274.803771972656,1
141,70,524.464294433594,126.107139587402,779.545654296875,237.232955932617,1
277,42,56.5714302062988,90.75,95.90625,234.012588500977,4
69,45,0.0,196.821426391602,24.5913467407227,174.972717285156,4
263,148,143.785720825195,0.0,189.353363037109,274.803771972656,4
61,99,0.0,5.89285707473755,95.90625,252.261276245117,4
261,152,177.964279174805,21.2142848968506,231.158660888672,348.871978759766,4
344,83,100.178573608398,682.392883300781,616.013244628906,725.653747558594,3
197,113,97.8214263916016,0.0,40.5757217407227,208.249740600586,4
144,59,54.2142868041992,97.8214263916016,72.5444717407227,179.266525268555,4
142,65,41.25,97.8214263916016,147.548080444336,165.311645507812,4
243,65,140.25,168.535720825195,213.944717407227,208.249740600586,4
345,110,572.785705566406,254.571426391602,600.028869628906,259.775451660156,1
101,85,0.0,45.9642868041992,63.9375,291.97900390625,4
382,87,610.5,20.0357151031494,592.651428222656,0.0,1
60,28,38.8928565979004,0.0,0.0,0.0,4
209,103,17.6785717010498,0.0,0.0,278.024139404297,4
286,118,579.857116699219,0.0,611.094970703125,244.747116088867,1
274,42,150.857147216797,140.25,0.0,272.656860351562,4
359,123,49.5,143.785720825195,54.100959777832,281.244476318359,4
183,234,227.464279174805,333.535705566406,218.862976074219,340.284362792969,2
168,246,167.357147216797,315.857147216797,200.419464111328,304.860443115234,4
97,148,148.5,50.6785697937012,0.0,0.0,4
144,38,0.0,0.0,0.0,0.0,4
247,78,108.428573608398,637.607116699219,676.262023925781,719.213012695312,3
70,47,0.0,174.428573608398,141.400238037109,319.888763427734,4
193,75,99.0,489.107147216797,597.569702148438,596.839477539062,3
79,53,0.0,122.571426391602,118.038459777832,141.695693969727,4
268,97,94.2857131958008,172.071426391602,0.0,251.18782043457,4
432,130,636.428588867188,114.321426391602,636.915893554688,103.051414489746,1
179,81,198.0,87.2142868041992,137.711532592773,225.42497253418,4
87,149,120.214286804199,8.25,0.0,152.430221557617,4
315,82,235.714279174805,132.0,45.4939918518066,311.301147460938,2
308,66,0.0,73.0714263916016,186.894226074219,213.617004394531,4
469,131,584.571411132812,243.964279174805,684.869018554688,0.0,1
188,147,187.392852783203,582.214294433594,670.114196777344,728.874084472656,3
220,78,0.0,103.714286804199,60.2487983703613,286.611755371094,4
344,112,0.0,115.5,131.563705444336,0.0,4
98,32,71.8928604125977,0.0,0.0,170.678909301758,4
389,115,606.964294433594,188.571426391602,590.192321777344,4.29380893707275,1
108,111,159.107147216797,2.35714292526245,19.6730766296387,303.786987304688,4
184,93,124.928573608398,205.071426391602,595.110595703125,327.402923583984,4
308,192,0.0,119.035713195801,9.83653831481934,201.809020996094,4
90,72,126.107139587402,45.9642868041992,75.0036087036133,273.730316162109,4
263,112,36.5357131958008,205.071426391602,126.645431518555,55.8195190429688,4
453,99,0.0,132.0,181.975967407227,125.593910217285,4
193,115,160.285720825195,0.0,142.629806518555,283.391387939453,4
60,47,0.0,111.964286804199,2.45913457870483,294.125915527344,4
167,59,108.428573608398,467.892852783203,623.390625,605.427062988281,3
78,11,0.0,146.142852783203,13.525239944458,188.927597045898,4
126,61,238.071426391602,21.2142848968506,297.555297851562,268.363067626953,2
150,63,50.6785697937012,181.5,183.205535888672,222.204620361328,4
367,130,192.107147216797,22.3928565979004,0.0,0.0,4
114,47,0.0,196.821426391602,8.60697078704834,280.171051025391,4
125,253,236.892852783203,317.035705566406,247.143035888672,347.798522949219,2
157,67,11.7857141494751,578.678588867188,633.227172851562,622.602294921875,3
83,163,58.9285697937012,36.5357131958008,25.8209133148193,194.294860839844,4
196,114,0.0,538.607116699219,699.623779296875,688.082885742188,3
506,178,103.714286804199,0.0,153.695907592773,182.486877441406,4
450,117,87.2142868041992,0.0,78.6923065185547,171.752365112305,4
120,42,0.0,11.7857141494751,0.0,220.057708740234,4
113,58,51.8571434020996,111.964286804199,165.991592407227,215.763900756836,4
430,103,198.0,10.6071424484253,199.189910888672,183.560333251953,4
153,230,68.3571395874023,0.0,157.384613037109,271.583435058594,4
266,137,176.785720825195,248.678573608398,204.108169555664,230.792236328125,4
82,130,5.89285707473755,129.642852783203,156.155044555664,172.825805664062,4
63,71,8.25,0.0,62.7079315185547,217.91081237793,4
227,115,122.571426391602,157.928573608398,175.828125,266.216156005859,4
90,107,10.6071424484253,210.964279174805,88.5288467407227,184.6337890625,4
93,44,0.0,24.75,0.0,99.8310623168945,4
163,173,227.464279174805,321.75,110.661056518555,276.95068359375,2
191,110,111.964286804199,451.392852783203,549.616577148438,632.263366699219,3
224,88,42.4285697937012,185.035720825195,265.586547851562,111.639038085938,4
102,107,0.0,0.0,57.789665222168,307.007354736328,4
324,102,144.964279174805,183.857147216797,0.0,252.261276245117,4
320,61,0.0,0.0,76.233169555664,164.238189697266,4
276,152,94.2857131958008,663.535705566406,719.296875,731.02099609375,3
80,94,0.0,31.8214282989502,43.034854888916,134.181533813477,4
123,101,542.142883300781,44.7857131958008,703.3125,315.594970703125,1
436,117,608.142883300781,38.8928565979004,682.409851074219,137.401885986328,1
229,143,0.0,202.714279174805,189.353363037109,151.35676574707,4
472,106,631.714294433594,116.678573608398,607.40625,64.4071350097656,1
211,111,28.2857151031494,252.214279174805,71.3149032592773,314.521514892578,4
157,90,0.0,236.892852783203,108.201919555664,140.62223815918,4
180,107,25.9285717010498,99.0,51.6418266296387,246.894012451172,4
94,59,129.642852783203,0.0,124.186294555664,327.402923583984,4
295,157,147.321426391602,207.428573608398,162.302886962891,229.718780517578,4
243,100,9.4285717010498,101.357139587402,126.645431518555,139.548797607422,4
122,84,0.0,0.0,191.8125,122.373558044434,4
256,121,597.535705566406,0.0,764.790893554688,228.645324707031,1
220,160,55.3928565979004,106.071426391602,185.664657592773,324.182586669922,4
188,32,25.9285717010498,0.0,0.0,272.656860351562,4
208,97,108.428573608398,205.071426391602,55.3305282592773,164.238189697266,4
269,148,53.0357131958008,691.821411132812,694.705505371094,748.196228027344,3
152,75,36.5357131958008,141.428573608398,4.91826915740967,274.803771972656,4
210,104,35.3571434020996,87.2142868041992,70.085334777832,327.402923583984,4
523,125,0.0,713.035705566406,574.207946777344,823.337890625,3
358,125,89.5714263916016,418.392852783203,536.091369628906,662.320068359375,3
545,133,604.607116699219,128.464279174805,569.289672851562,210.396636962891,1
162,82,126.107139587402,123.75,190.582931518555,235.086044311523,4
426,86,588.107116699219,18.8571434020996,631.997619628906,225.42497253418,1
70,72,137.892852783203,199.178573608398,83.610580444336,124.520462036133,4
277,195,89.5714263916016,159.107147216797,0.0,174.972717285156,4
243,132,203.892852783203,221.571426391602,229.929092407227,106.271774291992,4
200,89,505.607147216797,63.6428565979004,555.764404296875,222.204620361328,1
318,91,63.6428565979004,78.9642868041992,191.8125,255.481643676758,4
501,326,287.571441650391,729.535705566406,617.242797851562,779.326354980469,3
393,92,619.928588867188,0.0,656.588928222656,0.0,1
197,115,172.071426391602,0.0,120.497596740723,205.029388427734,4
66,148,0.0,8.25,188.123794555664,180.339981079102,4
91,101,95.4642868041992,261.642852783203,102.054084777832,274.803771972656,4
222,146,225.107147216797,240.428573608398,272.963928222656,316.668426513672,2
366,121,76.6071395874023,249.857147216797,265.586547851562,240.453308105469,4
289,145,84.8571395874023,58.9285697937012,256.979553222656,283.391387939453,4
470,101,202.714279174805,113.142860412598,76.233169555664,325.256042480469,4
413,98,608.142883300781,0.0,650.441101074219,279.097595214844,1
74,47,0.0,77.7857131958008,34.4278831481934,218.984252929688,4
67,26,0.0,0.0,35.6574516296387,172.825805664062,4
201,291,0.0,188.571426391602,134.022842407227,148.136413574219,4
123,34,0.0,163.821426391602,98.3653869628906,164.238189697266,4
170,83,108.428573608398,181.5,657.818481445312,202.882476806641,4
103,41,0.0,75.4285736083984,216.403839111328,71.9213027954102,4
369,166,133.178573608398,268.714294433594,148.777648925781,290.905548095703,4
79,60,0.0,73.0714263916016,25.8209133148193,245.820571899414,4
117,171,150.857147216797,0.0,164.762023925781,86.9496307373047,4
75,353,36.5357131958008,0.0,22.1322116851807,0.0,4
176,48,0.0,97.8214263916016,250.831726074219,158.870941162109,4
275,171,0.0,628.178588867188,679.950744628906,726.727172851562,3
177,66,76.6071395874023,137.892852783203,20.902645111084,258.701995849609,4
66,42,116.678573608398,132.0,228.699523925781,112.71248626709,4
176,104,66.0,203.892852783203,0.0,19.3221397399902,4
78,40,0.0,0.0,59.019229888916,83.7292785644531,4
222,101,74.25,0.0,0.0,328.476379394531,4
253,108,149.678573608398,605.785705566406,565.600952148438,694.523620605469,3
141,49,0.0,11.7857141494751,76.233169555664,77.288558959961,4
69,25,122.571426391602,96.6428604125977,0.0,51.525707244873,4
71,167,188.571426391602,188.571426391602,185.664657592773,355.312683105469,4
192,483,100.178573608398,12.9642858505249,0.0,290.905548095703,4
583,298,637.607116699219,328.821441650391,703.3125,256.555084228516,1
91,59,86.0357131958008,167.357147216797,92.217544555664,285.538299560547,4
185,119,115.5,652.928588867188,686.098571777344,690.229797363281,3
142,172,0.0,0.0,76.233169555664,348.871978759766,4
399,71,582.214294433594,61.2857131958008,668.884643554688,0.0,1
105,227,0.0,207.428573608398,0.0,228.645324707031,4
101,63,121.392860412598,0.0,0.0,295.199371337891,4
230,258,264.0,314.678558349609,264.356964111328,296.272827148438,2
217,157,0.0,280.5,202.878601074219,320.962219238281,4
426,137,149.678573608398,152.035720825195,185.664657592773,121.300102233887,4
284,161,0.0,0.0,190.582931518555,157.797485351562,4
94,110,27.1071434020996,0.0,121.727165222168,183.560333251953,4
210,249,313.5,401.892852783203,200.419464111328,415.426025390625,2
129,66,0.0,29.4642848968506,0.0,245.820571899414,4
117,74,0.0,0.0,159.84375,190.001052856445,4
220,199,165.0,279.321441650391,247.143035888672,255.481643676758,4
224,114,168.535720825195,213.321426391602,125.415863037109,345.651611328125,4
98,50,90.75,0.0,109.431488037109,190.001052856445,4
307,62,25.9285717010498,669.428588867188,568.060119628906,723.5068359375,3
105,139,54.2142868041992,75.4285736083984,248.372589111328,197.515213012695,4
113,85,0.0,192.107147216797,0.0,143.84260559082,4
412,79,571.607116699219,8.25,698.394226074219,50.4522552490234,1
256,115,54.2142868041992,0.0,225.010818481445,367.120666503906,4
336,138,135.535720825195,16.5,106.972358703613,343.504730224609,4
77,60,29.4642848968506,67.1785736083984,119.268028259277,270.509979248047,4
122,72,156.75,43.6071434020996,189.353363037109,270.509979248047,4
154,70,54.2142868041992,234.535720825195,134.022842407227,198.588668823242,4
165,371,292.285705566406,406.607147216797,295.096160888672,424.013641357422,2
93,84,196.821426391602,291.107147216797,231.158660888672,208.249740600586,4
61,141,0.0,7.07142877578735,46.7235565185547,197.515213012695,4
89,35,53.0357131958008,177.964279174805,134.022842407227,290.905548095703,4
452,114,188.571426391602,305.25,0.0,181.413436889648,4
225,137,163.821426391602,186.214279174805,196.730773925781,273.730316162109,4
364,81,21.2142848968506,762.535705566406,623.390625,779.326354980469,3
399,76,524.464294433594,0.0,665.195922851562,0.0,1
203,102,0.0,0.0,92.217544555664,191.074508666992,4
84,22,80.1428604125977,67.1785736083984,100.824516296387,184.6337890625,4
118,36,89.5714263916016,88.3928604125977,194.271636962891,284.46484375,4
246,270,142.607147216797,306.428558349609,146.318511962891,324.182586669922,4
109,42,41.25,0.0,60.2487983703613,234.012588500977,4
170,232,202.714279174805,220.392852783203,44.2644233703613,291.97900390625,4
308,240,313.5,366.535705566406,140.170669555664,371.414489746094,2
313,65,605.785705566406,50.6785697937012,608.635803222656,271.583435058594,1
317,88,571.607116699219,51.8571434020996,597.569702148438,183.560333251953,1
207,99,42.4285697937012,90.75,67.626205444336,289.832122802734,4
64,26,0.0,80.1428604125977,0.0,260.848907470703,4
244,76,93.1071395874023,93.1071395874023,142.629806518555,185.707244873047,4
101,35,124.928573608398,41.25,195.501205444336,300.566619873047,4
284,80,0.0,22.3928565979004,729.133422851562,229.718780517578,4
396,76,606.964294433594,0.0,694.705505371094,135.254989624023,1
87,63,68.3571395874023,196.821426391602,14.754807472229,234.012588500977,4
231,151,227.464279174805,2.35714292526245,194.271636962891,393.956970214844,2
128,53,47.1428565979004,0.0,181.975967407227,280.171051025391,4
65,101,77.7857131958008,81.3214263916016,114.349761962891,261.92236328125,4
205,206,320.571441650391,297.0,367.640625,231.865692138672,2
111,29,12.9642858505249,187.392852783203,108.201919555664,305.933898925781,4
195,114,67.1785736083984,0.0,175.828125,281.244476318359,4
59,27,0.0,155.571426391602,13.525239944458,124.520462036133,4
131,52,443.142852783203,156.75,678.721130371094,101.977966308594,1
98,54,0.0,0.0,43.034854888916,243.67366027832,4
83,80,142.607147216797,95.4642868041992,124.186294555664,0.0,4
199,132,62.4642868041992,198.0,105.742790222168,348.871978759766,4
131,54,102.535713195801,0.0,60.2487983703613,0.0,4
124,64,0.0,0.0,150.007217407227,212.543548583984,4
69,32,93.1071395874023,0.0,167.221160888672,201.809020996094,4
60,19,103.714286804199,0.0,50.4122581481934,269.4365234375,4
276,115,80.1428604125977,74.25,1.22956728935242,192.14794921875,4
64,159,135.535720825195,235.714279174805,12.2956733703613,297.346282958984,4
407,104,89.5714263916016,173.25,54.100959777832,327.402923583984,4
340,77,594.0,0.0,604.947143554688,256.555084228516,1
400,140,82.5,147.321426391602,111.890625,171.752365112305,4
202,110,0.0,33.0,154.925476074219,261.92236328125,4
291,183,15.3214282989502,141.428573608398,23.3617782592773,127.740821838379,4
283,177,0.0,185.035720825195,152.466339111328,314.521514892578,4
255,49,62.4642868041992,29.4642848968506,147.548080444336,82.6558227539062,4
83,118,61.2857131958008,149.678573608398,201.649032592773,5.36726140975952,4
79,80,0.0,0.0,145.088943481445,250.114379882812,4
134,31,0.0,103.714286804199,142.629806518555,319.888763427734,4
206,119,88.3928604125977,284.035705566406,0.0,305.933898925781,4
79,34,0.0,133.178573608398,12.2956733703613,183.560333251953,4
74,45,75.4285736083984,0.0,116.808891296387,74.0682067871094,4
84,28,0.0,115.5,140.170669555664,264.069244384766,4
86,57,110.785713195801,0.0,20.902645111084,265.142700195312,4
213,130,199.178573608398,238.071426391602,103.283653259277,344.578186035156,4
146,61,25.9285717010498,69.5357131958008,184.435089111328,224.351516723633,4
132,68,95.4642868041992,10.6071424484253,223.78125,287.685211181641,4
258,226,253.392852783203,366.535705566406,189.353363037109,271.583435058594,2
94,49,0.0,104.892860412598,113.120193481445,212.543548583984,4
83,163,55.3928565979004,260.464294433594,212.715148925781,298.419738769531,4
501,134,34.1785697937012,744.857116699219,657.818481445312,805.089172363281,3
234,117,96.6428604125977,674.142883300781,647.981994628906,722.433349609375,3
199,138,94.2857131958008,17.6785717010498,142.629806518555,149.209869384766,4
242,139,0.0,55.3928565979004,111.890625,232.93913269043,4
201,116,0.0,272.25,207.796875,267.289611816406,4
100,113,35.3571434020996,207.428573608398,79.921875,70.8478469848633,4
574,403,486.75,326.464294433594,686.098571777344,300.566619873047,1
382,82,595.178588867188,0.0,607.40625,97.6841583251953,1
485,94,135.535720825195,128.464279174805,118.038459777832,375.708282470703,4
97,93,123.75,200.357147216797,129.104568481445,283.391387939453,4
72,64,0.0,0.0,190.582931518555,92.31689453125,4
60,32,0.0,0.0,0.0,182.486877441406,4
141,102,68.3571395874023,114.321426391602,0.0,134.181533813477,4
99,95,20.0357151031494,282.857147216797,228.699523925781,357.459594726562,4
348,103,96.6428604125977,515.035705566406,606.176696777344,634.410278320312,3
145,221,202.714279174805,384.214294433594,239.765625,300.566619873047,4
296,158,66.0,163.821426391602,100.824516296387,0.0,4
276,154,624.642883300781,311.142852783203,676.262023925781,330.623291015625,1
115,144,0.0,166.178573608398,89.758415222168,273.730316162109,4
204,131,0.0,606.964294433594,705.771606445312,708.478515625,3
347,90,0.0,101.357139587402,86.069709777832,75.1416549682617,4
60,46,0.0,0.0,0.0,188.927597045898,4
109,32,80.1428604125977,111.964286804199,134.022842407227,232.93913269043,4
141,70,67.1785736083984,0.0,78.6923065185547,271.583435058594,4
181,74,129.642852783203,96.6428604125977,33.1983184814453,199.662124633789,4
176,136,0.0,150.857147216797,25.8209133148193,77.288558959961,4
114,46,0.0,152.035720825195,11.0661058425903,128.814270019531,4
464,86,0.0,555.107116699219,513.959106445312,679.495300292969,3
99,49,40.0714302062988,107.25,120.497596740723,214.690444946289,4
154,81,559.821411132812,155.571426391602,702.082946777344,7.5141658782959,1
333,86,227.464279174805,62.4642868041992,212.715148925781,287.685211181641,2
268,165,172.071426391602,226.285720825195,159.84375,267.289611816406,4
241,121,86.0357131958008,114.321426391602,36.887020111084,267.289611816406,4
294,178,241.607147216797,253.392852783203,77.4627380371094,227.571884155273,2
576,169,157.928573608398,284.035705566406,137.711532592773,296.272827148438,4
107,15,27.1071434020996,66.0,0.0,184.6337890625,4
466,172,637.607116699219,312.321441650391,731.592529296875,299.493194580078,1
233,115,132.0,141.428573608398,83.610580444336,172.825805664062,4
404,92,605.785705566406,100.178573608398,692.246398925781,231.865692138672,1
114,269,64.8214263916016,100.178573608398,136.481964111328,103.051414489746,4
303,74,57.75,503.25,552.075744628906,589.325317382812,3
91,139,0.0,183.857147216797,109.431488037109,317.741882324219,4
133,62,74.25,56.5714302062988,134.022842407227,163.164749145508,4
102,18,0.0,23.5714282989502,70.085334777832,0.0,4
204,83,544.5,226.285720825195,697.164672851562,260.848907470703,1
214,275,223.928573608398,312.321441650391,206.567306518555,293.052459716797,2
174,104,109.607139587402,148.5,0.0,196.441757202148,4
185,126,0.0,0.0,255.75,341.357818603516,4
171,93,81.3214263916016,359.464294433594,485.679077148438,585.031494140625,3
239,140,81.3214263916016,136.714279174805,152.466339111328,59.0398750305176,4
348,81,117.857139587402,628.178588867188,581.585327148438,678.421813964844,3
70,45,90.75,62.4642868041992,0.0,85.8761825561523,4
65,161,17.6785717010498,36.5357131958008,60.2487983703613,164.238189697266,4
93,78,96.6428604125977,186.214279174805,148.777648925781,243.67366027832,4
147,73,14.1428575515747,114.321426391602,98.3653869628906,269.4365234375,4
155,111,0.0,0.0,0.0,283.391387939453,4
160,88,144.964279174805,152.035720825195,204.108169555664,269.4365234375,4
329,84,66.0,185.035720825195,81.1514434814453,300.566619873047,4
244,109,113.142860412598,163.821426391602,95.90625,255.481643676758,4
176,83,142.607147216797,200.357147216797,100.824516296387,276.95068359375,4
100,42,22.3928565979004,147.321426391602,50.4122581481934,291.97900390625,4
64,50,0.0,0.0,67.626205444336,273.730316162109,4
422,69,565.714294433594,128.464279174805,650.441101074219,227.571884155273,1
270,135,157.928573608398,209.785720825195,65.1670684814453,270.509979248047,4
245,117,152.035720825195,536.25,666.425476074219,694.523620605469,3
218,108,47.1428565979004,60.1071434020996,153.695907592773,267.289611816406,4
123,63,523.285705566406,175.607147216797,738.969970703125,252.261276245117,1
208,130,192.107147216797,0.0,146.318511962891,27.9097595214844,4
84,200,61.2857131958008,0.0,0.0,171.752365112305,4
234,157,82.5,159.107147216797,86.069709777832,287.685211181641,4
164,79,152.035720825195,420.75,627.079345703125,659.099670410156,3
258,119,115.5,193.285720825195,54.100959777832,99.8310623168945,4
89,75,0.0,236.892852783203,0.0,242.600204467773,4
211,79,516.214294433594,62.4642868041992,694.705505371094,38.6442794799805,1
122,84,179.142852783203,182.678573608398,34.4278831481934,40.791187286377,4
288,143,109.607139587402,537.428588867188,651.670654296875,665.540405273438,3
231,114,153.214279174805,174.428573608398,264.356964111328,234.012588500977,4
66,57,47.1428565979004,0.0,0.0,115.932846069336,4
70,89,0.0,0.0,59.019229888916,161.017837524414,4
86,36,0.0,0.0,0.0,0.0,4
64,123,0.0,62.4642868041992,0.0,221.131164550781,4
259,66,0.0,0.0,148.777648925781,82.6558227539062,4
171,68,458.464294433594,258.107147216797,507.811309814453,250.114379882812,1
184,157,0.0,179.142852783203,126.645431518555,208.249740600586,4
60,15,0.0,0.0,0.0,268.363067626953,4
165,77,556.285705566406,24.75,683.639404296875,239.379852294922,1
293,137,16.5,223.928573608398,243.454330444336,268.363067626953,4
479,94,586.928588867188,100.178573608398,661.507202148438,281.244476318359,1
217,112,33.0,201.535720825195,81.1514434814453,249.040924072266,4
424,113,603.428588867188,0.0,596.340148925781,210.396636962891,1
321,159,76.6071395874023,203.892852783203,148.777648925781,320.962219238281,4
219,142,96.6428604125977,0.0,118.038459777832,0.0,4
93,47,70.7142868041992,114.321426391602,0.0,187.854141235352,4
98,164,193.285720825195,0.0,217.633407592773,208.249740600586,4
243,128,231.0,121.392860412598,255.75,203.955932617188,2
108,110,246.321426391602,146.142852783203,162.302886962891,285.538299560547,2
72,126,16.5,0.0,116.808891296387,188.927597045898,4
257,103,134.357147216797,150.857147216797,73.774040222168,247.967468261719,4
98,44,0.0,0.0,237.306488037109,227.571884155273,4
145,117,0.0,91.9285736083984,98.3653869628906,265.142700195312,4
427,129,183.857147216797,698.892883300781,631.997619628906,741.755493164062,3
147,126,265.178558349609,186.214279174805,100.824516296387,227.571884155273,2
200,103,78.9642868041992,254.571426391602,163.532455444336,327.402923583984,4
181,226,31.8214282989502,0.0,70.085334777832,247.967468261719,4
297,100,140.25,55.3928565979004,130.334136962891,215.763900756836,4
290,109,71.8928604125977,135.535720825195,209.026443481445,147.062957763672,4
197,95,133.178573608398,64.8214263916016,102.054084777832,238.306396484375,4
243,133,571.607116699219,14.1428575515747,753.724731445312,197.515213012695,1
68,9,0.0,232.178573608398,70.085334777832,289.832122802734,4
325,149,0.0,233.357147216797,2.45913457870483,279.097595214844,4
84,54,0.0,108.428573608398,196.730773925781,143.84260559082,4
72,44,0.0,162.642852783203,0.0,0.0,4
170,65,68.3571395874023,139.071426391602,221.322113037109,241.526763916016,4
407,101,31.8214282989502,153.214279174805,41.805290222168,341.357818603516,4
137,184,384.214294433594,322.928558349609,202.878601074219,381.075561523438,2
214,95,84.8571395874023,31.8214282989502,293.866577148438,0.0,4
415,96,91.9285736083984,73.0714263916016,22.1322116851807,190.001052856445,4
145,270,452.571441650391,357.107147216797,371.329315185547,408.985321044922,1
458,99,615.214294433594,203.892852783203,662.736755371094,288.758666992188,1
276,125,100.178573608398,458.464294433594,645.522827148438,714.919189453125,3
306,95,14.1428575515747,216.857147216797,136.481964111328,162.091293334961,4
239,104,0.0,559.821411132812,505.352172851562,690.229797363281,3
216,107,0.0,161.464279174805,248.372589111328,327.402923583984,4
154,30,0.0,0.0,0.0,255.481643676758,4
314,115,0.0,183.857147216797,46.7235565185547,294.125915527344,4
111,114,0.0,20.0357151031494,0.0,294.125915527344,4
88,25,0.0,104.892860412598,0.0,290.905548095703,4
301,55,82.5,177.964279174805,77.4627380371094,129.887725830078,4
94,146,0.0,53.0357131958008,124.186294555664,145.989501953125,4
164,66,492.642852783203,136.714279174805,631.997619628906,0.0,1
142,29,0.0,43.6071434020996,57.789665222168,119.153198242188,4
251,139,99.0,108.428573608398,120.497596740723,349.945434570312,4
232,368,315.857147216797,365.357147216797,263.127410888672,362.826873779297,2
381,97,597.535705566406,0.0,667.655029296875,154.577117919922,1
86,30,23.5714282989502,20.0357151031494,0.0,301.640075683594,4
190,66,259.285705566406,109.607139587402,352.885803222656,255.481643676758,2
76,97,16.5,0.0,0.0,65.4805908203125,4
329,139,17.6785717010498,56.5714302062988,703.3125,355.312683105469,4
86,34,28.2857151031494,14.1428575515747,0.0,273.730316162109,4
210,114,136.714279174805,227.464279174805,148.777648925781,206.102828979492,4
92,44,0.0,222.75,76.233169555664,140.62223815918,4
300,135,33.0,144.964279174805,120.497596740723,202.882476806641,4
400,79,78.9642868041992,47.1428565979004,63.9375,275.877227783203,4
108,88,176.785720825195,242.785720825195,49.1826934814453,159.944381713867,4
198,138,64.8214263916016,186.214279174805,206.567306518555,276.95068359375,4
178,79,74.25,45.9642868041992,0.0,346.725067138672,4
113,363,5.89285707473755,0.0,163.532455444336,240.453308105469,4
181,100,93.1071395874023,202.714279174805,231.158660888672,296.272827148438,4
189,118,0.0,503.25,592.651428222656,698.817443847656,3
194,104,601.071411132812,30.6428565979004,668.884643554688,273.730316162109,1
80,109,0.0,41.25,40.5757217407227,323.109130859375,4
196,93,56.5714302062988,140.25,169.680282592773,72.9947509765625,4
109,55,10.6071424484253,51.8571434020996,0.0,322.035675048828,4
524,125,265.178558349609,718.928588867188,581.585327148438,760.004211425781,3
368,148,141.428573608398,218.035720825195,71.3149032592773,186.780685424805,4
150,89,124.928573608398,594.0,697.164672851562,674.127990722656,3
199,99,0.0,241.607147216797,75.0036087036133,105.198318481445,4
133,389,0.0,12.9642858505249,124.186294555664,243.67366027832,4
65,270,121.392860412598,0.0,124.186294555664,212.543548583984,4
425,100,592.821411132812,70.7142868041992,650.441101074219,0.0,1
161,57,36.5357131958008,102.535713195801,0.0,3.22035670280457,4
152,56,0.0,0.0,212.715148925781,0.0,4
254,151,76.6071395874023,63.6428565979004,90.9879837036133,0.0,4
214,103,134.357147216797,618.75,636.915893554688,735.314819335938,3
140,68,555.107116699219,23.5714282989502,689.787231445312,137.401885986328,1
77,190,31.8214282989502,0.0,34.4278831481934,0.0,4
396,85,596.357116699219,0.0,645.522827148438,0.0,1
77,88,0.0,155.571426391602,0.0,257.628540039062,4
109,74,12.9642858505249,86.0357131958008,0.0,0.0,4
113,56,0.0,0.0,50.4122581481934,0.0,4
300,203,180.321426391602,169.714279174805,194.271636962891,283.391387939453,4
234,131,102.535713195801,0.0,188.123794555664,274.803771972656,4
228,85,0.0,183.857147216797,49.1826934814453,125.593910217285,4
227,96,549.214294433594,47.1428565979004,678.721130371094,0.0,1
184,92,9.4285717010498,95.4642868041992,0.0,360.679962158203,4
146,229,95.4642868041992,141.428573608398,71.3149032592773,54.7460632324219,4
237,52,0.0,0.0,147.548080444336,0.0,4
258,101,119.035713195801,170.892852783203,207.796875,241.526763916016,4
272,87,16.5,544.5,616.013244628906,696.670532226562,3
139,86,532.714294433594,69.5357131958008,651.670654296875,125.593910217285,1
298,142,154.392852783203,199.178573608398,199.189910888672,254.408187866211,4
80,205,25.9285717010498,51.8571434020996,143.859375,326.329498291016,4
285,50,568.071411132812,27.1071434020996,623.390625,140.62223815918,1
202,84,68.3571395874023,80.1428604125977,137.711532592773,276.95068359375,4
94,43,0.0,179.142852783203,60.2487983703613,250.114379882812,4
274,157,165.0,181.5,180.746398925781,313.448059082031,4
175,68,0.0,173.25,13.525239944458,185.707244873047,4
134,264,227.464279174805,251.035720825195,207.796875,311.301147460938,2
274,154,139.071426391602,611.678588867188,652.900268554688,719.213012695312,3
79,38,111.964286804199,81.3214263916016,18.443510055542,172.825805664062,4
282,93,126.107139587402,172.071426391602,9.83653831481934,206.102828979492,4
70,309,0.0,0.0,0.0,186.780685424805,4
193,116,73.0714263916016,176.785720825195,154.925476074219,370.341033935547,4
202,188,338.25,288.75,194.271636962891,281.244476318359,2
79,29,0.0,94.2857131958008,73.774040222168,223.278076171875,4
185,41,1.17857146263123,205.071426391602,97.1358184814453,185.707244873047,4
148,108,0.0,665.892883300781,727.903869628906,753.5634765625,3
300,138,123.75,615.214294433594,654.129821777344,689.156372070312,3
231,128,78.9642868041992,533.892883300781,661.507202148438,704.184692382812,3
306,71,61.2857131958008,0.0,0.0,260.848907470703,4
463,87,637.607116699219,41.25,676.262023925781,203.955932617188,1
394,136,0.0,44.7857131958008,0.0,308.080810546875,4
230,122,0.0,23.5714282989502,121.727165222168,244.747116088867,4
145,456,124.928573608398,232.178573608398,260.668273925781,0.0,4
148,86,34.1785697937012,159.107147216797,0.0,85.8761825561523,4
489,134,61.2857131958008,0.0,132.793273925781,104.124870300293,4
372,124,36.5357131958008,166.178573608398,55.3305282592773,266.216156005859,4
423,112,120.214286804199,702.428588867188,513.959106445312,791.134338378906,3
167,69,106.071426391602,205.071426391602,46.7235565185547,255.481643676758,4
163,56,128.464279174805,142.607147216797,1.22956728935242,223.278076171875,4
73,36,0.0,0.0,151.236785888672,0.0,4
455,109,181.5,29.4642848968506,165.991592407227,342.431274414062,4
331,101,41.25,70.7142868041992,152.466339111328,287.685211181641,4
433,100,169.714279174805,0.0,86.069709777832,256.555084228516,4
352,113,42.4285697937012,176.785720825195,232.388214111328,0.0,4
102,68,106.071426391602,490.285705566406,623.390625,573.223510742188,3
114,131,81.3214263916016,0.0,127.875,156.724029541016,4
219,135,202.714279174805,134.357147216797,295.096160888672,280.171051025391,4
81,73,0.0,0.0,43.034854888916,307.007354736328,4
66,118,87.2142868041992,1.17857146263123,0.0,0.0,4
392,101,2.35714292526245,642.321411132812,579.126220703125,705.258117675781,3
246,170,87.2142868041992,264.0,116.808891296387,10.734522819519,4
265,136,159.107147216797,232.178573608398,79.921875,276.95068359375,4
225,146,142.607147216797,152.035720825195,243.454330444336,296.272827148438,4
72,24,0.0,0.0,110.661056518555,165.311645507812,4
282,127,597.535705566406,80.1428604125977,689.787231445312,225.42497253418,1
72,43,0.0,0.0,97.1358184814453,162.091293334961,4
144,67,113.142860412598,81.3214263916016,0.0,268.363067626953,4
264,142,100.178573608398,111.964286804199,154.925476074219,244.747116088867,4
61,364,95.4642868041992,173.25,0.0,0.0,4
370,167,0.0,134.357147216797,43.034854888916,127.740821838379,4
248,94,0.0,0.0,323.376190185547,266.216156005859,4
216,85,538.607116699219,101.357139587402,716.837768554688,305.933898925781,1
311,120,101.357139587402,49.5,212.715148925781,192.14794921875,4
107,71,27.1071434020996,183.857147216797,0.0,309.154235839844,4
153,44,35.3571434020996,108.428573608398,0.0,186.780685424805,4
150,82,109.607139587402,186.214279174805,170.909851074219,121.300102233887,4
236,97,86.0357131958008,132.0,132.793273925781,299.493194580078,4
284,75,183.857147216797,248.678573608398,67.626205444336,238.306396484375,4
64,22,0.0,0.0,11.0661058425903,0.0,4
186,111,187.392852783203,360.642852783203,216.403839111328,353.165802001953,4
113,122,0.0,157.928573608398,73.774040222168,53.6726112365723,4
159,98,128.464279174805,120.214286804199,55.3305282592773,368.194122314453,4
74,281,0.0,22.3928565979004,0.0,0.0,4
122,80,78.9642868041992,64.8214263916016,88.5288467407227,279.097595214844,4
196,101,511.5,160.285720825195,705.771606445312,253.334732055664,1
72,65,0.0,58.9285697937012,49.1826934814453,191.074508666992,4
236,130,578.678588867188,102.535713195801,675.032470703125,314.521514892578,1
206,155,35.3571434020996,179.142852783203,180.746398925781,0.0,4
64,56,0.0,195.642852783203,67.626205444336,279.097595214844,4
606,164,228.642852783203,45.9642868041992,19.6730766296387,278.024139404297,2
238,162,67.1785736083984,205.071426391602,86.069709777832,328.476379394531,4
141,80,149.678573608398,0.0,90.9879837036133,264.069244384766,4
266,148,181.5,141.428573608398,98.3653869628906,138.475341796875,4
106,49,506.785705566406,148.5,684.869018554688,119.153198242188,1
141,55,109.607139587402,0.0,119.268028259277,270.509979248047,4
248,174,40.0714302062988,682.392883300781,715.608154296875,736.388244628906,3
65,11,15.3214282989502,45.9642868041992,126.645431518555,224.351516723633,4
74,43,0.0,30.6428565979004,35.6574516296387,151.35676574707,4
71,54,109.607139587402,0.0,56.5600967407227,236.15950012207,4
192,116,153.214279174805,546.857116699219,639.375,674.127990722656,3
334,106,562.178588867188,207.428573608398,617.242797851562,241.526763916016,1
121,97,20.0357151031494,160.285720825195,78.6923065185547,0.0,4
155,65,36.5357131958008,67.1785736083984,87.2992782592773,287.685211181641,4
230,276,124.928573608398,149.678573608398,119.268028259277,173.899261474609,4
60,44,0.0,29.4642848968506,0.0,91.2434387207031,4
418,109,0.0,236.892852783203,81.1514434814453,253.334732055664,4
93,88,192.107147216797,137.892852783203,164.762023925781,264.069244384766,4
101,91,0.0,0.0,118.038459777832,162.091293334961,4
61,77,0.0,137.892852783203,18.443510055542,0.0,4
322,84,122.571426391602,0.0,124.186294555664,198.588668823242,4
77,198,0.0,9.4285717010498,68.8557662963867,166.385101318359,4
371,74,596.357116699219,22.3928565979004,592.651428222656,7.5141658782959,1
150,58,141.428573608398,144.964279174805,259.438690185547,76.2151107788086,4
459,212,192.107147216797,328.821441650391,120.497596740723,172.825805664062,4
184,39,42.4285697937012,0.0,0.0,264.069244384766,4
190,91,66.0,179.142852783203,88.5288467407227,315.594970703125,4
204,90,516.214294433594,0.0,682.409851074219,223.278076171875,1
139,248,380.678558349609,312.321441650391,209.026443481445,240.453308105469,2
249,126,148.5,162.642852783203,227.469955444336,272.656860351562,4
121,48,109.607139587402,0.0,9.83653831481934,245.820571899414,4
212,154,97.8214263916016,161.464279174805,206.567306518555,272.656860351562,4
78,36,0.0,0.0,0.0,213.617004394531,4
108,66,119.035713195801,11.7857141494751,3.68870186805725,218.984252929688,4
341,123,568.071411132812,0.0,624.620178222656,197.515213012695,1
101,97,0.0,176.785720825195,82.3810119628906,127.740821838379,4
111,41,0.0,126.107139587402,55.3305282592773,0.0,4
114,18,0.0,9.4285717010498,0.0,0.0,4
132,60,43.6071434020996,10.6071424484253,67.626205444336,273.730316162109,4
165,106,119.035713195801,219.214279174805,284.030059814453,240.453308105469,4
223,121,61.2857131958008,282.857147216797,178.287261962891,224.351516723633,4
212,88,582.214294433594,9.4285717010498,683.639404296875,237.232955932617,1
122,115,128.464279174805,40.0714302062988,126.645431518555,298.419738769531,4
85,110,0.0,0.0,152.466339111328,130.961181640625,4
268,328,291.107147216797,397.178558349609,184.435089111328,397.177337646484,2
63,47,0.0,280.5,39.3461532592773,161.017837524414,4
105,48,70.7142868041992,97.8214263916016,0.0,177.11962890625,4
180,90,0.0,194.464279174805,72.5444717407227,294.125915527344,4
322,100,0.0,17.6785717010498,141.400238037109,164.238189697266,4
205,170,0.0,0.0,143.859375,104.124870300293,4
115,47,49.5,0.0,47.953125,0.0,4
254,103,0.0,0.0,73.774040222168,244.747116088867,4
114,32,0.0,0.0,109.431488037109,218.984252929688,4
172,84,520.928588867188,219.214279174805,734.051696777344,191.074508666992,1
210,301,136.714279174805,209.785720825195,186.894226074219,251.18782043457,4
133,113,90.75,54.2142868041992,0.0,244.747116088867,4
279,123,150.857147216797,636.428588867188,643.063720703125,747.122741699219,3
439,128,34.1785697937012,0.0,129.104568481445,641.924438476562,3
123,40,66.0,135.535720825195,45.4939918518066,150.283309936523,4
178,77,546.857116699219,213.321426391602,591.421875,290.905548095703,1
104,170,82.5,282.857147216797,143.859375,64.4071350097656,4
351,77,502.071441650391,135.535720825195,587.733154296875,260.848907470703,1
277,110,101.357139587402,559.821411132812,587.733154296875,642.997924804688,3
410,87,107.25,645.857116699219,560.682678222656,761.07763671875,3
114,168,0.0,0.0,124.186294555664,320.962219238281,4
449,135,133.178573608398,606.964294433594,543.46875,837.292785644531,3
116,53,62.4642868041992,0.0,0.0,238.306396484375,4
130,55,0.0,200.357147216797,165.991592407227,176.046173095703,4
301,70,97.8214263916016,149.678573608398,51.6418266296387,182.486877441406,4
474,132,156.75,0.0,143.859375,298.419738769531,4
360,71,617.571411132812,73.0714263916016,628.308898925781,205.029388427734,1
299,87,180.321426391602,716.571411132812,647.981994628906,767.518371582031,3
299,71,117.857139587402,10.6071424484253,0.0,106.271774291992,4
93,147,195.642852783203,271.071441650391,106.972358703613,307.007354736328,4
140,60,0.0,0.0,137.711532592773,300.566619873047,4
307,185,83.6785736083984,276.964294433594,152.466339111328,304.860443115234,4
77,69,75.4285736083984,0.0,115.579330444336,213.617004394531,4
79,76,36.5357131958008,0.0,185.664657592773,275.877227783203,4
299,112,549.214294433594,132.0,661.507202148438,139.548797607422,1
227,112,589.285705566406,232.178573608398,737.740356445312,302.713531494141,1
431,146,73.0714263916016,27.1071434020996,229.929092407227,225.42497253418,4
239,139,146.142852783203,80.1428604125977,215.174285888672,351.018890380859,4
360,112,528.0,213.321426391602,721.755981445312,312.374603271484,1
530,145,88.3928604125977,702.428588867188,559.453125,769.665283203125,3
67,58,0.0,88.3928604125977,0.0,181.413436889648,4
183,269,331.178558349609,351.214294433594,188.123794555664,352.092346191406,2
86,79,160.285720825195,259.285705566406,0.0,339.210906982422,4
224,99,18.8571434020996,206.25,409.445922851562,202.882476806641,4
156,72,133.178573608398,578.678588867188,687.328125,673.054565429688,3
230,133,55.3928565979004,176.785720825195,33.1983184814453,148.136413574219,4
537,126,165.0,12.9642858505249,161.073318481445,260.848907470703,4
69,57,0.0,64.8214263916016,184.435089111328,155.650573730469,4
206,105,41.25,111.964286804199,183.205535888672,16.1017837524414,4
102,35,0.0,21.2142848968506,0.0,214.690444946289,4
149,132,469.071441650391,274.607147216797,620.931518554688,298.419738769531,1
83,103,110.785713195801,183.857147216797,0.0,298.419738769531,4
100,70,0.0,43.6071434020996,75.0036087036133,0.0,4
68,34,0.0,0.0,0.0,49.3788032531738,4
130,50,0.0,55.3928565979004,172.139419555664,278.024139404297,4
102,146,0.0,0.0,30.7391834259033,290.905548095703,4
76,88,0.0,37.7142868041992,135.252410888672,239.379852294922,4
329,147,143.785720825195,83.6785736083984,218.862976074219,360.679962158203,4
224,125,150.857147216797,0.0,193.042068481445,351.018890380859,4
164,118,17.6785717010498,120.214286804199,143.859375,134.181533813477,4
207,100,177.964279174805,583.392883300781,635.686279296875,678.421813964844,3
81,227,0.0,0.0,164.762023925781,304.860443115234,4
411,114,177.964279174805,62.4642868041992,3.68870186805725,281.244476318359,4
183,126,0.0,210.964279174805,129.104568481445,309.154235839844,4
240,132,584.571411132812,122.571426391602,661.507202148438,91.2434387207031,1
284,226,304.071441650391,347.678558349609,284.030059814453,387.516265869141,2
256,98,38.8928565979004,229.821426391602,559.453125,360.679962158203,4
94,111,44.7857131958008,192.107147216797,0.0,275.877227783203,4
298,66,155.571426391602,69.5357131958008,84.8401412963867,177.11962890625,4
320,85,579.857116699219,37.7142868041992,607.40625,0.0,1
201,106,38.8928565979004,558.642883300781,688.557678222656,626.896118164062,3
454,107,40.0714302062988,152.035720825195,118.038459777832,139.548797607422,4
197,145,517.392883300781,0.0,726.674255371094,134.181533813477,1
297,155,126.107139587402,38.8928565979004,201.649032592773,310.227691650391,4
129,63,129.642852783203,525.642883300781,668.884643554688,632.263366699219,3
167,116,558.642883300781,254.571426391602,747.576904296875,129.887725830078,1
183,56,114.321426391602,0.0,49.1826934814453,182.486877441406,4
94,51,0.0,78.9642868041992,0.0,0.0,4
385,104,597.535705566406,0.0,675.032470703125,115.932846069336,1
209,95,71.8928604125977,609.321411132812,596.340148925781,696.670532226562,3
67,72,0.0,143.785720825195,0.0,192.14794921875,4
216,104,110.785713195801,146.142852783203,46.7235565185547,291.97900390625,4
429,103,629.357116699219,116.678573608398,758.643005371094,265.142700195312,1
327,73,153.214279174805,165.0,556.994018554688,620.455383300781,3
200,31,0.0,0.0,94.6766815185547,254.408187866211,4
349,83,115.5,57.75,114.349761962891,261.92236328125,4
110,20,126.107139587402,0.0,157.384613037109,209.323196411133,4
329,115,196.821426391602,0.0,188.123794555664,310.227691650391,4
243,183,585.75,0.0,602.487976074219,138.475341796875,1
220,109,186.214279174805,510.321441650391,597.569702148438,649.438598632812,3
100,87,484.392852783203,141.428573608398,665.195922851562,61.1867790222168,1
225,114,62.4642868041992,190.928573608398,158.614181518555,68.700942993164,4
104,168,242.785720825195,215.678573608398,162.302886962891,340.284362792969,2
186,276,301.714294433594,318.214294433594,297.555297851562,360.679962158203,2
173,157,3.53571438789368,132.0,137.711532592773,305.933898925781,4
202,44,103.714286804199,81.3214263916016,274.193511962891,0.0,4
171,162,42.4285697937012,148.5,0.0,110.565582275391,4
257,129,108.428573608398,173.25,205.337738037109,21.4690456390381,4
500,121,597.535705566406,143.785720825195,649.211547851562,8.5876178741455,1
120,67,0.0,0.0,233.617782592773,153.503677368164,4
259,253,196.821426391602,342.964294433594,146.318511962891,358.533050537109,4
239,82,143.785720825195,203.892852783203,156.155044555664,301.640075683594,4
366,111,141.428573608398,0.0,55.3305282592773,264.069244384766,4
272,88,555.107116699219,150.857147216797,665.195922851562,108.418678283691,1
305,104,594.0,0.0,534.861755371094,279.097595214844,1
370,248,183.857147216797,306.428558349609,284.030059814453,282.317932128906,4
138,93,0.0,21.2142848968506,34.4278831481934,273.730316162109,4
238,89,66.0,585.75,588.962768554688,618.308471679688,3
247,200,70.7142868041992,45.9642868041992,81.1514434814453,144.916061401367,4
257,169,0.0,10.6071424484253,2.45913457870483,316.668426513672,4
126,85,483.214294433594,54.2142868041992,677.491577148438,235.086044311523,1
168,192,194.464279174805,318.214294433594,188.123794555664,334.917114257812,4
206,76,120.214286804199,75.4285736083984,146.318511962891,190.001052856445,4
249,126,0.0,128.464279174805,105.742790222168,225.42497253418,4
216,109,25.9285717010498,210.964279174805,68.8557662963867,98.7576065063477,4
198,103,0.0,194.464279174805,119.268028259277,226.498428344727,4
309,149,165.0,175.607147216797,70.085334777832,300.566619873047,4
98,82,47.1428565979004,153.214279174805,143.859375,2.14690446853638,4
258,118,562.178588867188,134.357147216797,602.487976074219,9.66106986999512,1
136,101,80.1428604125977,0.0,254.520431518555,125.593910217285,4
179,76,487.928558349609,130.821426391602,695.935119628906,202.882476806641,1
110,68,0.0,107.25,78.6923065185547,209.323196411133,4
215,115,81.3214263916016,0.0,59.019229888916,227.571884155273,4
114,84,0.0,206.25,31.96875,266.216156005859,4
172,150,187.392852783203,152.035720825195,231.158660888672,179.266525268555,4
322,166,0.0,223.928573608398,49.1826934814453,289.832122802734,4
160,75,0.0,18.8571434020996,31.96875,0.0,4
440,87,638.785705566406,142.607147216797,643.063720703125,0.0,1
238,240,159.107147216797,306.428558349609,213.944717407227,192.14794921875,4
151,37,40.0714302062988,0.0,39.3461532592773,226.498428344727,4
182,100,551.571411132812,87.2142868041992,741.429077148438,272.656860351562,1
120,222,0.0,69.5357131958008,60.2487983703613,342.431274414062,4
241,102,117.857139587402,361.821441650391,579.126220703125,665.540405273438,3
305,126,195.642852783203,552.75,575.4375,688.082885742188,3
153,213,355.928558349609,314.678558349609,266.816101074219,360.679962158203,2
104,21,14.1428575515747,162.642852783203,140.170669555664,0.0,4
335,66,571.607116699219,57.75,624.620178222656,0.0,1
434,138,94.2857131958008,176.785720825195,76.233169555664,310.227691650391,4
333,193,133.178573608398,139.071426391602,60.2487983703613,183.560333251953,4
368,199,1.17857146263123,214.5,118.038459777832,267.289611816406,4
193,107,115.5,106.071426391602,129.104568481445,224.351516723633,4
322,71,582.214294433594,129.642852783203,638.145446777344,243.67366027832,1
280,153,66.0,218.035720825195,165.991592407227,349.945434570312,4
118,78,0.0,20.0357151031494,121.727165222168,319.888763427734,4
320,88,615.214294433594,0.0,593.880981445312,208.249740600586,1
85,392,0.0,147.321426391602,207.796875,269.4365234375,4
301,219,242.785720825195,227.464279174805,0.0,317.741882324219,2
82,42,0.0,0.0,0.0,0.0,4
73,80,0.0,10.6071424484253,0.0,21.4690456390381,4
139,76,121.392860412598,110.785713195801,184.435089111328,335.990570068359,4
83,65,1.17857146263123,129.642852783203,0.0,202.882476806641,4
315,77,126.107139587402,210.964279174805,0.0,0.0,4
313,106,63.6428565979004,0.0,94.6766815185547,286.611755371094,4
118,101,77.7857131958008,340.607147216797,221.322113037109,337.063995361328,4
245,89,2.35714292526245,581.035705566406,683.639404296875,642.997924804688,3
298,105,589.285705566406,45.9642868041992,563.141845703125,145.989501953125,1
68,76,179.142852783203,233.357147216797,239.765625,123.447006225586,4
85,87,127.285713195801,0.0,66.3966369628906,262.995788574219,4
76,64,104.892860412598,0.0,52.871395111084,253.334732055664,4
413,100,126.107139587402,93.1071395874023,125.415863037109,272.656860351562,4
85,74,0.0,49.5,81.1514434814453,0.0,4
184,82,544.5,170.892852783203,751.265625,270.509979248047,1
208,101,598.714294433594,253.392852783203,672.573303222656,324.182586669922,1
560,112,643.5,198.0,646.752380371094,245.820571899414,1
240,106,0.0,209.785720825195,141.400238037109,287.685211181641,4
79,50,100.178573608398,17.6785717010498,0.0,154.577117919922,4
60,23,0.0,0.0,25.8209133148193,242.600204467773,4
167,196,278.142852783203,357.107147216797,274.193511962891,341.357818603516,2
481,125,667.071411132812,27.1071434020996,703.3125,210.396636962891,1
184,123,100.178573608398,236.892852783203,280.341339111328,324.182586669922,4
163,82,97.8214263916016,4.7142858505249,19.6730766296387,364.973754882812,4
190,92,0.0,152.035720825195,0.0,333.843658447266,4
182,236,225.107147216797,407.785705566406,248.372589111328,384.2958984375,2
105,92,0.0,40.0714302062988,0.0,253.334732055664,4
92,27,34.1785697937012,35.3571434020996,173.368988037109,24.6894016265869,4
65,37,157.928573608398,136.714279174805,231.158660888672,222.204620361328,4
529,237,366.535705566406,378.321441650391,195.501205444336,285.538299560547,2
122,56,446.678558349609,0.0,689.787231445312,254.408187866211,1
156,61,513.857116699219,43.6071434020996,756.183898925781,242.600204467773,1
225,101,55.3928565979004,179.142852783203,157.384613037109,250.114379882812,4
272,117,84.8571395874023,195.642852783203,106.972358703613,302.713531494141,4
193,65,522.107116699219,220.392852783203,677.491577148438,65.4805908203125,1
430,94,627.0,231.0,604.947143554688,300.566619873047,1
231,61,18.8571434020996,135.535720825195,20.902645111084,179.266525268555,4
73,55,0.0,0.0,178.287261962891,224.351516723633,4
81,25,25.9285717010498,0.0,97.1358184814453,225.42497253418,4
76,87,106.071426391602,221.571426391602,268.045684814453,327.402923583984,4
197,133,134.357147216797,361.821441650391,593.880981445312,695.597045898438,3
115,151,116.678573608398,170.892852783203,132.793273925781,283.391387939453,4
70,63,9.4285717010498,0.0,229.929092407227,300.566619873047,4
237,175,106.071426391602,260.464294433594,231.158660888672,315.594970703125,4
293,164,660.0,152.035720825195,676.262023925781,208.249740600586,1
201,235,318.214294433594,338.25,154.925476074219,251.18782043457,2
179,67,0.0,139.071426391602,0.0,250.114379882812,4
406,354,330.0,398.357147216797,260.668273925781,280.171051025391,2
215,133,25.9285717010498,162.642852783203,119.268028259277,262.995788574219,4
167,66,43.6071434020996,4.7142858505249,170.909851074219,267.289611816406,4
140,258,315.857147216797,301.714294433594,297.555297851562,339.210906982422,2
232,109,159.107147216797,462.0,596.340148925781,688.082885742188,3
117,141,41.25,0.0,29.509614944458,270.509979248047,4
339,112,150.857147216797,167.357147216797,19.6730766296387,300.566619873047,4
225,115,0.0,0.0,41.805290222168,213.617004394531,4
172,191,330.0,359.464294433594,222.551681518555,312.374603271484,2
109,69,0.0,188.571426391602,0.0,240.453308105469,4
330,107,127.285713195801,103.714286804199,667.655029296875,271.583435058594,4
181,102,88.3928604125977,509.142852783203,597.569702148438,660.173156738281,3
155,96,0.0,27.1071434020996,163.532455444336,281.244476318359,4
133,60,58.9285697937012,132.0,174.598556518555,334.917114257812,4
127,48,0.0,0.0,114.349761962891,66.5540390014648,4
210,37,68.3571395874023,57.75,288.948303222656,237.232955932617,4
254,107,60.1071434020996,121.392860412598,78.6923065185547,129.887725830078,4
412,104,602.25,0.0,607.40625,55.8195190429688,1
207,106,142.607147216797,304.071441650391,228.699523925781,260.848907470703,4
181,71,36.5357131958008,585.75,585.274047851562,624.749206542969,3
289,163,149.678573608398,137.892852783203,77.4627380371094,254.408187866211,4
129,70,111.964286804199,0.0,0.0,268.363067626953,4
106,107,0.0,0.0,145.088943481445,211.470092773438,4
68,208,0.0,0.0,0.0,193.221405029297,4
201,121,127.285713195801,4.7142858505249,122.956733703613,296.272827148438,4
121,106,70.7142868041992,533.892883300781,571.748779296875,670.907653808594,3
130,64,54.2142868041992,23.5714282989502,191.8125,286.611755371094,4
179,86,0.0,617.571411132812,635.686279296875,652.658996582031,3
121,98,71.8928604125977,0.0,153.695907592773,142.769149780273,4
470,117,0.0,747.214294433594,631.997619628906,809.382995605469,3
108,80,75.4285736083984,0.0,142.629806518555,266.216156005859,4
110,27,113.142860412598,0.0,175.828125,153.503677368164,4
164,115,48.3214302062988,0.0,0.0,308.080810546875,4
252,163,0.0,160.285720825195,114.349761962891,371.414489746094,4
198,142,64.8214263916016,0.0,0.0,282.317932128906,4
185,232,255.75,332.357147216797,330.753601074219,357.459594726562,2
60,54,63.6428565979004,218.035720825195,0.0,0.0,4
95,103,0.0,0.0,20.902645111084,207.176284790039,4
113,174,0.0,227.464279174805,146.318511962891,96.6107025146484,4
96,66,0.0,0.0,99.594955444336,98.7576065063477,4
191,154,66.0,44.7857131958008,307.391815185547,31.1301155090332,4
326,69,557.464294433594,41.25,453.710327148438,216.837356567383,1
482,134,117.857139587402,2.35714292526245,0.0,605.427062988281,3
158,108,33.0,147.321426391602,0.0,183.560333251953,4
231,53,0.0,183.857147216797,0.0,0.0,4
478,219,551.571411132812,223.928573608398,613.554077148438,361.75341796875,1
95,24,88.3928604125977,89.5714263916016,0.0,295.199371337891,4
61,83,14.1428575515747,0.0,121.727165222168,235.086044311523,4
212,115,134.357147216797,96.6428604125977,78.6923065185547,230.792236328125,4
199,91,0.0,134.357147216797,68.8557662963867,195.368316650391,4
395,85,37.7142868041992,622.285705566406,527.484375,783.6201171875,3
217,110,70.7142868041992,0.0,130.334136962891,227.571884155273,4
204,133,505.607147216797,110.785713195801,616.013244628906,301.640075683594,1
154,121,129.642852783203,165.0,106.972358703613,0.0,4
268,147,111.964286804199,152.035720825195,202.878601074219,269.4365234375,4
214,109,103.714286804199,103.714286804199,31.96875,63.333683013916,4
142,78,0.0,70.7142868041992,152.466339111328,207.176284790039,4
240,148,136.714279174805,149.678573608398,189.353363037109,340.284362792969,4
243,89,3.53571438789368,179.142852783203,0.0,195.368316650391,4
220,114,147.321426391602,45.9642868041992,30.7391834259033,264.069244384766,4
210,148,194.464279174805,189.75,75.0036087036133,197.515213012695,4
74,37,0.0,0.0,29.509614944458,103.051414489746,4
66,29,99.0,104.892860412598,19.6730766296387,182.486877441406,4
227,113,57.75,68.3571395874023,124.186294555664,216.837356567383,4
97,110,94.2857131958008,87.2142868041992,205.337738037109,251.18782043457,4
356,96,0.0,208.607147216797,172.139419555664,288.758666992188,4
137,139,68.3571395874023,90.75,36.887020111084,250.114379882812,4
63,41,117.857139587402,0.0,137.711532592773,253.334732055664,4
422,85,617.571411132812,86.0357131958008,596.340148925781,239.379852294922,1
80,188,0.0,66.0,17.2139415740967,18.2486877441406,4
379,92,114.321426391602,519.75,588.962768554688,658.026245117188,3
198,60,30.6428565979004,128.464279174805,0.0,169.605453491211,4
221,120,7.07142877578735,249.857147216797,0.0,122.373558044434,4
86,76,100.178573608398,0.0,0.0,42.9380912780762,4
110,48,147.321426391602,141.428573608398,174.598556518555,187.854141235352,4
100,33,77.7857131958008,152.035720825195,104.513221740723,0.0,4
63,62,49.5,77.7857131958008,114.349761962891,178.193069458008,4
100,76,0.0,0.0,68.8557662963867,0.0,4
211,104,62.4642868041992,56.5714302062988,135.252410888672,375.708282470703,4
341,86,624.642883300781,0.0,677.491577148438,0.0,1
205,66,77.7857131958008,76.6071395874023,57.789665222168,222.204620361328,4
129,204,265.178558349609,308.785705566406,223.78125,376.78173828125,2
259,121,173.25,0.0,0.0,272.656860351562,4
80,140,0.0,0.0,39.3461532592773,79.4354705810547,4
350,114,0.0,182.678573608398,92.217544555664,110.565582275391,4
301,172,109.607139587402,240.428573608398,185.664657592773,255.481643676758,4
97,68,87.2142868041992,21.2142848968506,89.758415222168,187.854141235352,4
200,100,115.5,54.2142868041992,100.824516296387,315.594970703125,4
370,77,76.6071395874023,0.0,89.758415222168,305.933898925781,4
75,59,36.5357131958008,18.8571434020996,33.1983184814453,239.379852294922,4
82,161,0.0,67.1785736083984,94.6766815185547,213.617004394531,4
78,53,0.0,0.0,84.8401412963867,288.758666992188,4
279,77,50.6785697937012,166.178573608398,0.0,167.458557128906,4
363,132,104.892860412598,187.392852783203,110.661056518555,201.809020996094,4
217,81,563.357116699219,86.0357131958008,756.183898925781,195.368316650391,1
431,99,142.607147216797,0.0,167.221160888672,213.617004394531,4
508,114,656.464294433594,68.3571395874023,678.721130371094,227.571884155273,1
408,84,610.5,132.0,614.783630371094,68.700942993164,1
67,17,0.0,20.0357151031494,0.0,222.204620361328,4
261,144,201.535720825195,9.4285717010498,269.275238037109,317.741882324219,4
110,137,337.071441650391,180.321426391602,0.0,341.357818603516,2
401,105,4.7142858505249,154.392852783203,170.909851074219,174.972717285156,4
108,43,0.0,12.9642858505249,30.7391834259033,0.0,4
178,98,123.75,614.035705566406,638.145446777344,668.7607421875,3
355,84,51.8571434020996,51.8571434020996,145.088943481445,135.254989624023,4
299,74,188.571426391602,0.0,115.579330444336,283.391387939453,4
273,141,29.4642848968506,130.821426391602,0.0,297.346282958984,4
448,93,598.714294433594,207.428573608398,640.604553222656,64.4071350097656,1
305,65,121.392860412598,187.392852783203,87.2992782592773,282.317932128906,4
292,155,143.785720825195,161.464279174805,132.793273925781,329.549835205078,4
211,99,0.0,0.0,94.6766815185547,235.086044311523,4
165,249,273.428558349609,294.642852783203,193.042068481445,267.289611816406,2
216,106,89.5714263916016,551.571411132812,620.931518554688,646.21826171875,3
87,82,18.8571434020996,256.928558349609,173.368988037109,223.278076171875,4
265,121,140.25,18.8571434020996,72.5444717407227,184.6337890625,4
360,95,631.714294433594,195.642852783203,548.387023925781,74.0682067871094,1
198,86,96.6428604125977,538.607116699219,601.258422851562,655.879333496094,3
68,32,0.0,259.285705566406,121.727165222168,134.181533813477,4
108,47,0.0,0.0,150.007217407227,61.1867790222168,4
167,87,101.357139587402,76.6071395874023,200.419464111328,180.339981079102,4
191,71,524.464294433594,155.571426391602,582.814880371094,197.515213012695,1
208,109,123.75,0.0,15.984375,253.334732055664,4
70,18,0.0,0.0,23.3617782592773,56.8929710388184,4
342,100,223.928573608398,562.178588867188,579.126220703125,637.630615234375,3
266,100,82.5,113.142860412598,168.450714111328,184.6337890625,4
68,36,22.3928565979004,18.8571434020996,115.579330444336,255.481643676758,4
79,127,34.1785697937012,0.0,104.513221740723,236.15950012207,4
251,171,163.821426391602,143.785720825195,209.026443481445,279.097595214844,4
176,61,0.0,0.0,33.1983184814453,26.8363056182861,4
240,145,99.0,248.678573608398,232.388214111328,283.391387939453,4
443,141,94.2857131958008,596.357116699219,569.289672851562,650.512084960938,3
303,137,159.107147216797,96.6428604125977,0.0,322.035675048828,4
80,58,4.7142858505249,0.0,148.777648925781,334.917114257812,4
187,91,87.2142868041992,148.5,147.548080444336,170.678909301758,4
162,96,51.8571434020996,0.0,199.189910888672,125.593910217285,4
94,75,0.0,30.6428565979004,0.0,0.0,4
341,69,142.607147216797,429.0,550.846130371094,724.580261230469,3
171,202,181.5,241.607147216797,183.205535888672,298.419738769531,4
392,112,153.214279174805,7.07142877578735,207.796875,218.984252929688,4
476,83,610.5,169.714279174805,560.682678222656,239.379852294922,1
224,118,53.0357131958008,71.8928604125977,250.831726074219,280.171051025391,4
357,98,168.535720825195,170.892852783203,221.322113037109,270.509979248047,4
619,157,698.892883300781,104.892860412598,636.915893554688,118.079750061035,1
221,160,50.6785697937012,173.25,30.7391834259033,236.15950012207,4
215,90,102.535713195801,76.6071395874023,126.645431518555,343.504730224609,4
204,111,126.107139587402,111.964286804199,136.481964111328,315.594970703125,4
114,79,25.9285717010498,0.0,231.158660888672,290.905548095703,4
62,74,142.607147216797,78.9642868041992,126.645431518555,284.46484375,4
233,119,7.07142877578735,141.428573608398,275.423065185547,280.171051025391,4
63,29,18.8571434020996,0.0,0.0,181.413436889648,4
207,117,117.857139587402,179.142852783203,113.120193481445,342.431274414062,4
77,32,111.964286804199,5.89285707473755,45.4939918518066,152.430221557617,4
200,108,176.785720825195,64.8214263916016,105.742790222168,342.431274414062,4
81,47,21.2142848968506,121.392860412598,115.579330444336,229.718780517578,4
336,113,0.0,0.0,50.4122581481934,262.995788574219,4
198,111,141.428573608398,210.964279174805,0.0,184.6337890625,4
324,161,166.178573608398,359.464294433594,99.594955444336,368.194122314453,4
116,424,0.0,0.0,140.170669555664,159.944381713867,4
259,57,577.5,110.785713195801,684.869018554688,7.5141658782959,1
192,143,132.0,212.142852783203,12.2956733703613,24.6894016265869,4
67,42,86.0357131958008,177.964279174805,38.116584777832,220.057708740234,4
251,136,0.0,141.428573608398,73.774040222168,2.14690446853638,4
89,90,78.9642868041992,516.214294433594,608.635803222656,595.765991210938,3
499,125,115.5,558.642883300781,491.826934814453,736.388244628906,3
318,77,576.321411132812,155.571426391602,661.507202148438,142.769149780273,1
202,97,549.214294433594,0.0,738.969970703125,262.995788574219,1
89,157,0.0,0.0,0.0,38.6442794799805,4
233,322,221.571426391602,436.071441650391,186.894226074219,393.956970214844,2
80,60,0.0,0.0,151.236785888672,226.498428344727,4
140,68,66.0,23.5714282989502,18.443510055542,229.718780517578,4
88,40,0.0,166.178573608398,172.139419555664,203.955932617188,4
246,175,144.964279174805,7.07142877578735,194.271636962891,255.481643676758,4
513,168,667.071411132812,0.0,638.145446777344,293.052459716797,1
178,76,70.7142868041992,57.75,194.271636962891,327.402923583984,4
223,136,44.7857131958008,36.5357131958008,119.268028259277,368.194122314453,4
99,30,0.0,15.3214282989502,175.828125,111.639038085938,4
106,69,93.1071395874023,109.607139587402,56.5600967407227,152.430221557617,4
445,135,610.5,200.357147216797,635.686279296875,338.137451171875,1
222,117,113.142860412598,229.821426391602,138.941101074219,255.481643676758,4
160,108,114.321426391602,30.6428565979004,191.8125,239.379852294922,4
459,144,0.0,80.1428604125977,115.579330444336,360.679962158203,4
71,48,0.0,0.0,0.0,94.4637985229492,4
123,111,0.0,95.4642868041992,0.0,288.758666992188,4
219,118,56.5714302062988,632.892883300781,666.425476074219,734.241333007812,3
138,84,447.857147216797,44.7857131958008,593.880981445312,187.854141235352,1
141,135,88.3928604125977,126.107139587402,217.633407592773,201.809020996094,4
278,108,101.357139587402,156.75,159.84375,0.0,4
112,145,0.0,62.4642868041992,0.0,94.4637985229492,4
256,69,467.892852783203,2.35714292526245,582.814880371094,229.718780517578,1
114,65,0.0,0.0,17.2139415740967,136.328430175781,4
65,102,200.357147216797,248.678573608398,221.322113037109,202.882476806641,4
299,198,233.357147216797,314.678558349609,311.080535888672,364.973754882812,2
213,233,169.714279174805,377.142852783203,217.633407592773,354.2392578125,4
81,53,0.0,0.0,45.4939918518066,203.955932617188,4
76,231,136.714279174805,234.535720825195,90.9879837036133,316.668426513672,4
173,28,42.4285697937012,36.5357131958008,148.777648925781,211.470092773438,4
131,88,74.25,170.892852783203,0.0,199.662124633789,4
267,131,41.25,215.678573608398,132.793273925781,284.46484375,4
312,167,177.964279174805,91.9285736083984,247.143035888672,183.560333251953,4
171,99,35.3571434020996,198.0,190.582931518555,255.481643676758,4
76,14,22.3928565979004,141.428573608398,86.069709777832,48.3053512573242,4
229,138,0.0,23.5714282989502,190.582931518555,299.493194580078,4
210,67,0.0,3.53571438789368,88.5288467407227,269.4365234375,4
294,63,31.8214282989502,195.642852783203,0.0,308.080810546875,4
208,90,78.9642868041992,113.142860412598,193.042068481445,118.079750061035,4
193,90,0.0,632.892883300781,665.195922851562,714.919189453125,3
485,76,75.4285736083984,672.964294433594,576.667053222656,727.800659179688,3
154,150,86.0357131958008,33.0,114.349761962891,144.916061401367,4
292,68,573.964294433594,107.25,570.519226074219,169.605453491211,1
225,83,577.5,0.0,649.211547851562,262.995788574219,1
61,14,122.571426391602,0.0,61.4783668518066,226.498428344727,4
155,67,526.821411132812,176.785720825195,591.421875,123.447006225586,1
208,225,608.142883300781,0.0,726.674255371094,152.430221557617,1
74,98,120.214286804199,279.321441650391,22.1322116851807,273.730316162109,4
175,135,0.0,0.0,0.0,59.0398750305176,4
215,112,0.0,254.571426391602,0.0,57.966423034668,4
163,96,16.5,160.285720825195,22.1322116851807,202.882476806641,4
201,123,160.285720825195,123.75,135.252410888672,314.521514892578,4
158,116,109.607139587402,180.321426391602,193.042068481445,236.15950012207,4
174,96,0.0,0.0,0.0,226.498428344727,4
214,100,107.25,624.642883300781,652.900268554688,736.388244628906,3
169,77,12.9642858505249,107.25,168.450714111328,293.052459716797,4
74,90,0.0,0.0,0.0,217.91081237793,4
389,88,557.464294433594,0.0,647.981994628906,328.476379394531,1
84,24,37.7142868041992,172.071426391602,0.0,239.379852294922,4
131,122,180.321426391602,136.714279174805,152.466339111328,279.097595214844,4
369,77,570.428588867188,168.535720825195,564.371398925781,111.639038085938,1
252,135,69.5357131958008,170.892852783203,108.201919555664,298.419738769531,4
382,86,74.25,0.0,106.972358703613,254.408187866211,4
192,149,67.1785736083984,44.7857131958008,200.419464111328,134.181533813477,4
305,78,48.3214302062988,96.6428604125977,138.941101074219,237.232955932617,4
256,93,166.178573608398,140.25,127.875,0.0,4
252,156,66.0,206.25,52.871395111084,352.092346191406,4
129,100,103.714286804199,0.0,88.5288467407227,275.877227783203,4
69,28,61.2857131958008,16.5,143.859375,109.492126464844,4
143,572,0.0,0.0,12.2956733703613,262.995788574219,4
301,92,570.428588867188,0.0,607.40625,183.560333251953,1
156,86,0.0,200.357147216797,121.727165222168,283.391387939453,4
479,97,605.785705566406,190.928573608398,591.421875,280.171051025391,1
182,85,515.035705566406,117.857139587402,736.510803222656,296.272827148438,1
155,77,83.6785736083984,66.0,119.268028259277,197.515213012695,4
214,127,76.6071395874023,108.428573608398,40.5757217407227,304.860443115234,4
158,82,141.428573608398,242.785720825195,170.909851074219,268.363067626953,4
324,129,55.3928565979004,120.214286804199,39.3461532592773,0.0,4
165,55,168.535720825195,0.0,29.509614944458,212.543548583984,4
119,72,75.4285736083984,0.0,17.2139415740967,176.046173095703,4
211,96,123.75,215.678573608398,136.481964111328,66.5540390014648,4
350,63,84.8571395874023,683.571411132812,608.635803222656,721.359924316406,3
233,213,334.714294433594,340.607147216797,218.862976074219,392.883514404297,2
160,63,0.0,90.75,121.727165222168,0.0,4
118,36,0.0,0.0,59.019229888916,162.091293334961,4
87,143,0.0,0.0,20.902645111084,135.254989624023,4
259,104,121.392860412598,531.535705566406,643.063720703125,626.896118164062,3
106,72,0.0,0.0,83.610580444336,246.894012451172,4
220,159,307.607147216797,249.857147216797,165.991592407227,272.656860351562,2
169,75,141.428573608398,154.392852783203,119.268028259277,283.391387939453,4
202,94,575.142883300781,182.678573608398,675.032470703125,169.605453491211,1
104,64,0.0,11.7857141494751,173.368988037109,193.221405029297,4
616,292,345.321441650391,313.5,55.3305282592773,209.323196411133,2
143,40,29.4642848968506,173.25,88.5288467407227,0.0,4
134,55,104.892860412598,240.428573608398,210.256011962891,304.860443115234,4
66,34,102.535713195801,119.035713195801,0.0,185.707244873047,4
296,115,89.5714263916016,70.7142868041992,22.1322116851807,206.102828979492,4
62,43,0.0,129.642852783203,0.0,278.024139404297,4
170,115,123.75,176.785720825195,183.205535888672,294.125915527344,4
199,171,236.892852783203,114.321426391602,164.762023925781,290.905548095703,2
61,61,25.9285717010498,0.0,0.0,271.583435058594,4
203,115,579.857116699219,67.1785736083984,694.705505371094,135.254989624023,1
118,33,51.8571434020996,121.392860412598,29.509614944458,301.640075683594,4
89,317,0.0,169.714279174805,103.283653259277,281.244476318359,4
77,47,0.0,0.0,0.0,236.15950012207,4
93,86,1.17857146263123,229.821426391602,0.0,0.0,4
187,98,0.0,81.3214263916016,119.268028259277,341.357818603516,4
174,71,0.0,47.1428565979004,0.0,85.8761825561523,4
99,33,29.4642848968506,74.25,103.283653259277,176.046173095703,4
77,294,34.1785697937012,113.142860412598,0.0,193.221405029297,4
117,57,528.0,41.25,612.324523925781,40.791187286377,1
249,125,0.0,136.714279174805,14.754807472229,136.328430175781,4
263,90,84.8571395874023,639.964294433594,677.491577148438,710.625366210938,3
84,93,74.25,0.0,29.509614944458,150.283309936523,4
362,87,47.1428565979004,163.821426391602,150.007217407227,179.266525268555,4
228,108,0.0,27.1071434020996,82.3810119628906,201.809020996094,4
306,273,252.214279174805,388.928558349609,232.388214111328,399.324249267578,2
104,82,255.75,241.607147216797,301.243988037109,308.080810546875,2
62,47,0.0,0.0,118.038459777832,0.0,4
206,118,122.571426391602,67.1785736083984,157.384613037109,173.899261474609,4
180,86,573.964294433594,159.107147216797,752.495178222656,180.339981079102,1
247,174,161.464279174805,49.5,104.513221740723,320.962219238281,4
288,133,103.714286804199,661.178588867188,645.522827148438,696.670532226562,3
171,57,86.0357131958008,0.0,73.774040222168,286.611755371094,4
75,63,62.4642868041992,150.857147216797,83.610580444336,304.860443115234,4
315,75,122.571426391602,0.0,163.532455444336,215.763900756836,4
74,27,0.0,15.3214282989502,98.3653869628906,251.18782043457,4
85,90,0.0,89.5714263916016,0.0,249.040924072266,4
321,62,592.821411132812,231.0,677.491577148438,193.221405029297,1
178,149,0.0,201.535720825195,22.1322116851807,258.701995849609,4
482,241,318.214294433594,247.5,624.620178222656,273.730316162109,2
140,67,0.0,0.0,11.0661058425903,240.453308105469,4
336,68,44.7857131958008,115.5,0.0,185.707244873047,4
152,158,93.1071395874023,280.5,24.5913467407227,352.092346191406,4
131,175,179.142852783203,0.0,201.649032592773,59.0398750305176,4
84,30,54.2142868041992,165.0,81.1514434814453,221.131164550781,4
327,172,0.0,28.2857151031494,0.0,288.758666992188,4
164,222,375.964294433594,406.607147216797,59.019229888916,373.561370849609,2
290,70,0.0,575.142883300781,593.880981445312,678.421813964844,3
248,100,83.6785736083984,109.607139587402,82.3810119628906,147.062957763672,4
452,119,511.5,81.3214263916016,598.799255371094,163.164749145508,1
395,133,656.464294433594,139.071426391602,597.569702148438,316.668426513672,1
234,110,104.892860412598,548.035705566406,625.849731445312,727.800659179688,3
176,90,0.0,27.1071434020996,33.1983184814453,216.837356567383,4
195,69,507.964294433594,122.571426391602,634.456726074219,259.775451660156,1
270,91,51.8571434020996,602.25,622.161071777344,679.495300292969,3
243,127,0.0,335.892852783203,592.651428222656,610.794311523438,3
115,77,22.3928565979004,147.321426391602,79.921875,27.9097595214844,4
166,148,189.75,210.964279174805,60.2487983703613,227.571884155273,4
123,75,22.3928565979004,0.0,45.4939918518066,272.656860351562,4
86,43,0.0,0.0,0.0,244.747116088867,4
216,113,0.0,110.785713195801,118.038459777832,328.476379394531,4
203,79,0.0,160.285720825195,150.007217407227,226.498428344727,4
90,47,0.0,0.0,0.0,256.555084228516,4
215,125,10.6071424484253,77.7857131958008,145.088943481445,136.328430175781,4
142,46,12.9642858505249,117.857139587402,109.431488037109,242.600204467773,4
156,69,434.892852783203,77.7857131958008,561.912231445312,199.662124633789,1
89,26,0.0,0.0,154.925476074219,4.29380893707275,4
100,35,5.89285707473755,182.678573608398,0.0,201.809020996094,4
100,51,0.0,213.321426391602,172.139419555664,45.0849952697754,4
236,229,240.428573608398,255.75,227.469955444336,343.504730224609,2
95,79,45.9642868041992,108.428573608398,0.0,183.560333251953,4
209,84,457.285705566406,246.321426391602,566.830505371094,256.555084228516,1
233,272,368.892852783203,331.178558349609,250.831726074219,340.284362792969,2
124,91,486.75,146.142852783203,639.375,289.832122802734,1
209,104,552.75,132.0,747.576904296875,250.114379882812,1
204,78,0.0,0.0,0.0,284.46484375,4
143,69,0.0,124.928573608398,0.0,184.6337890625,4
92,144,0.0,0.0,93.4471130371094,268.363067626953,4
189,78,66.0,86.0357131958008,0.0,358.533050537109,4
68,71,0.0,94.2857131958008,0.0,320.962219238281,4
198,102,523.285705566406,196.821426391602,569.289672851562,273.730316162109,1
106,116,77.7857131958008,0.0,68.8557662963867,279.097595214844,4
299,117,199.178573608398,0.0,125.415863037109,275.877227783203,4
307,134,80.1428604125977,153.214279174805,165.991592407227,288.758666992188,4
218,36,67.1785736083984,264.0,0.0,234.012588500977,4
81,126,0.0,0.0,28.2800483703613,168.531997680664,4
124,80,113.142860412598,195.642852783203,159.84375,266.216156005859,4
171,86,536.25,49.5,691.016845703125,168.531997680664,1
381,97,572.785705566406,94.2857131958008,501.663452148438,0.0,1
458,108,101.357139587402,17.6785717010498,0.0,126.667366027832,4
241,98,64.8214263916016,205.071426391602,120.497596740723,247.967468261719,4
375,78,522.107116699219,123.75,579.126220703125,95.537254333496,1
110,282,0.0,103.714286804199,170.909851074219,202.882476806641,4
379,93,641.142883300781,0.0,572.978393554688,242.600204467773,1
255,189,0.0,327.642852783203,136.481964111328,226.498428344727,4
61,65,53.0357131958008,0.0,35.6574516296387,211.470092773438,4
300,120,134.357147216797,74.25,154.925476074219,236.15950012207,4
143,80,35.3571434020996,108.428573608398,23.3617782592773,231.865692138672,4
315,91,569.25,134.357147216797,667.655029296875,260.848907470703,1
111,65,129.642852783203,189.75,82.3810119628906,307.007354736328,4
283,69,36.5357131958008,141.428573608398,172.139419555664,337.063995361328,4
69,70,94.2857131958008,107.25,0.0,51.525707244873,4
206,104,77.7857131958008,80.1428604125977,0.0,323.109130859375,4
419,88,576.321411132812,44.7857131958008,689.787231445312,0.0,1
662,88,12.9642858505249,84.8571395874023,157.384613037109,195.368316650391,4
152,127,0.0,129.642852783203,18.443510055542,249.040924072266,4
63,25,0.0,161.464279174805,0.0,278.024139404297,4
166,44,198.0,124.928573608398,25.8209133148193,186.780685424805,4
250,138,0.0,227.464279174805,132.793273925781,269.4365234375,4
335,135,76.6071395874023,104.892860412598,143.859375,34.350471496582,4
265,115,161.464279174805,160.285720825195,168.450714111328,283.391387939453,4
385,103,71.8928604125977,12.9642858505249,45.4939918518066,228.645324707031,4
260,154,74.25,648.214294433594,620.931518554688,708.478515625,3
233,112,545.678588867188,23.5714282989502,645.522827148438,296.272827148438,1
109,82,0.0,0.0,60.2487983703613,251.18782043457,4
119,16,0.0,0.0,154.925476074219,194.294860839844,4
64,22,0.0,116.678573608398,0.0,23.6159496307373,4
192,144,87.2142868041992,173.25,211.485580444336,245.820571899414,4
90,231,192.107147216797,84.8571395874023,79.921875,177.11962890625,4
267,116,0.0,160.285720825195,0.0,257.628540039062,4
169,113,585.75,0.0,785.693481445312,185.707244873047,1
241,119,51.8571434020996,137.892852783203,180.746398925781,228.645324707031,4
153,67,0.0,22.3928565979004,24.5913467407227,257.628540039062,4
76,59,104.892860412598,0.0,124.186294555664,0.0,4
94,79,0.0,254.571426391602,83.610580444336,202.882476806641,4
63,247,84.8571395874023,0.0,63.9375,178.193069458008,4
209,139,0.0,190.928573608398,156.155044555664,312.374603271484,4
296,78,71.8928604125977,538.607116699219,631.997619628906,645.144775390625,3
95,7,0.0,120.214286804199,212.715148925781,54.7460632324219,4
90,186,86.0357131958008,108.428573608398,0.0,310.227691650391,4
339,138,0.0,0.0,168.450714111328,162.091293334961,4
74,30,0.0,0.0,13.525239944458,106.271774291992,4
238,135,615.214294433594,126.107139587402,724.215148925781,284.46484375,1
377,97,182.678573608398,611.678588867188,555.764404296875,705.258117675781,3
233,218,252.214279174805,295.821441650391,287.71875,420.793273925781,2
174,228,16.5,0.0,1.22956728935242,0.0,4
69,156,0.0,129.642852783203,57.789665222168,314.521514892578,4
284,65,127.285713195801,110.785713195801,77.4627380371094,183.560333251953,4
296,141,29.4642848968506,8.25,70.085334777832,208.249740600586,4
260,75,548.035705566406,8.25,695.935119628906,0.0,1
149,45,29.4642848968506,577.5,657.818481445312,621.528869628906,3
226,94,163.821426391602,69.5357131958008,153.695907592773,151.35676574707,4
262,54,578.678588867188,102.535713195801,552.075744628906,164.238189697266,1
204,95,48.3214302062988,180.321426391602,212.715148925781,251.18782043457,4
479,124,159.107147216797,200.357147216797,118.038459777832,206.102828979492,4
80,37,67.1785736083984,0.0,157.384613037109,194.294860839844,4
288,76,568.071411132812,51.8571434020996,611.094970703125,227.571884155273,1
113,67,97.8214263916016,198.0,56.5600967407227,203.955932617188,4
453,144,631.714294433594,0.0,694.705505371094,255.481643676758,1
68,292,35.3571434020996,185.035720825195,29.509614944458,293.052459716797,4
107,180,0.0,325.285705566406,135.252410888672,352.092346191406,4
72,29,61.2857131958008,42.4285697937012,0.0,120.226654052734,4
231,90,499.714294433594,225.107147216797,777.086547851562,202.882476806641,1
81,36,86.0357131958008,129.642852783203,66.3966369628906,119.153198242188,4
229,88,0.0,107.25,143.859375,12.8814268112183,4
215,119,76.6071395874023,504.428558349609,555.764404296875,687.009460449219,3
258,151,147.321426391602,88.3928604125977,175.828125,332.770202636719,4
134,31,73.0714263916016,122.571426391602,17.2139415740967,273.730316162109,4
151,226,103.714286804199,214.5,178.287261962891,302.713531494141,4
75,40,17.6785717010498,107.25,0.0,193.221405029297,4
414,96,601.071411132812,4.7142858505249,640.604553222656,274.803771972656,1
125,44,0.0,0.0,65.1670684814453,268.363067626953,4
84,1023,104.892860412598,86.0357131958008,115.579330444336,325.256042480469,4
275,128,535.071411132812,71.8928604125977,751.265625,302.713531494141,1
107,25,110.785713195801,0.0,169.680282592773,215.763900756836,4
370,59,53.0357131958008,95.4642868041992,0.0,294.125915527344,4
62,61,110.785713195801,195.642852783203,13.525239944458,183.560333251953,4
148,26,62.4642868041992,0.0,170.909851074219,260.848907470703,4
141,77,122.571426391602,0.0,169.680282592773,182.486877441406,4
85,181,0.0,0.0,0.0,203.955932617188,4
121,203,150.857147216797,324.107147216797,215.174285888672,374.634826660156,4
374,110,119.035713195801,91.9285736083984,28.2800483703613,132.034622192383,4
126,244,0.0,44.7857131958008,68.8557662963867,151.35676574707,4
64,84,0.0,68.3571395874023,105.742790222168,196.441757202148,4
65,42,8.25,0.0,0.0,208.249740600586,4
690,141,542.142883300781,239.25,608.635803222656,112.71248626709,1
215,111,0.0,149.678573608398,134.022842407227,334.917114257812,4
112,47,28.2857151031494,0.0,242.224761962891,220.057708740234,4
131,94,0.0,133.178573608398,163.532455444336,98.7576065063477,4
149,60,40.0714302062988,48.3214302062988,111.890625,157.797485351562,4
271,184,109.607139587402,128.464279174805,56.5600967407227,320.962219238281,4
383,90,592.821411132812,159.107147216797,419.282440185547,127.740821838379,1
141,55,0.0,170.892852783203,215.174285888672,228.645324707031,4
126,152,0.0,90.75,0.0,281.244476318359,4
252,82,117.857139587402,589.285705566406,600.028869628906,639.777526855469,3
213,100,144.964279174805,0.0,0.0,199.662124633789,4
166,70,524.464294433594,69.5357131958008,612.324523925781,245.820571899414,1
216,68,0.0,609.321411132812,660.277648925781,658.026245117188,3
62,66,0.0,25.9285717010498,131.563705444336,192.14794921875,4
148,61,456.107147216797,104.892860412598,529.943481445312,60.1133270263672,1
74,34,0.0,0.0,0.0,317.741882324219,4
214,79,55.3928565979004,97.8214263916016,221.322113037109,0.0,4
138,19,0.0,96.6428604125977,41.805290222168,239.379852294922,4
189,265,20.0357151031494,21.2142848968506,93.4471130371094,0.0,4
83,37,0.0,208.607147216797,54.100959777832,191.074508666992,4
224,153,115.5,10.6071424484253,33.1983184814453,333.843658447266,4
124,119,0.0,0.0,0.0,229.718780517578,4
276,120,108.428573608398,102.535713195801,0.0,101.977966308594,4
93,300,0.0,31.8214282989502,0.0,259.775451660156,4
116,82,16.5,0.0,228.699523925781,266.216156005859,4
374,214,31.8214282989502,183.857147216797,0.0,318.815307617188,4
96,21,37.7142868041992,33.0,72.5444717407227,254.408187866211,4
115,163,142.607147216797,0.0,345.508422851562,168.531997680664,4
139,66,562.178588867188,121.392860412598,694.705505371094,185.707244873047,1
352,100,582.214294433594,0.0,678.721130371094,200.735565185547,1
390,98,0.0,301.714294433594,622.161071777344,373.561370849609,4
113,228,67.1785736083984,94.2857131958008,0.0,213.617004394531,4
77,149,0.0,144.964279174805,28.2800483703613,92.31689453125,4
102,71,0.0,0.0,189.353363037109,271.583435058594,4
71,101,57.75,11.7857141494751,0.0,302.713531494141,4
119,82,35.3571434020996,149.678573608398,218.862976074219,0.0,4
472,194,202.714279174805,207.428573608398,122.956733703613,251.18782043457,4
70,53,97.8214263916016,0.0,9.83653831481934,210.396636962891,4
151,85,0.0,572.785705566406,620.931518554688,687.009460449219,3
219,122,0.0,80.1428604125977,79.921875,41.8646392822266,4
264,121,33.0,128.464279174805,0.0,107.345222473145,4
75,13,0.0,0.0,93.4471130371094,283.391387939453,4
214,102,136.714279174805,116.678573608398,14.754807472229,254.408187866211,4
65,42,0.0,0.0,0.0,0.0,4
517,151,175.607147216797,37.7142868041992,281.570922851562,224.351516723633,4
255,148,43.6071434020996,161.464279174805,8.60697078704834,202.882476806641,4
169,217,166.178573608398,299.357147216797,244.683898925781,327.402923583984,4
109,42,77.7857131958008,35.3571434020996,79.921875,224.351516723633,4
105,70,5.89285707473755,193.285720825195,78.6923065185547,90.1699905395508,4
77,41,77.7857131958008,21.2142848968506,121.727165222168,295.199371337891,4
259,153,156.75,225.107147216797,92.217544555664,345.651611328125,4
79,81,0.0,133.178573608398,0.0,237.232955932617,4
121,263,372.428558349609,374.785705566406,409.445922851562,474.465911865234,2
141,175,20.0357151031494,189.75,218.862976074219,253.334732055664,4
66,277,96.6428604125977,0.0,0.0,140.62223815918,4
379,101,643.5,0.0,585.274047851562,228.645324707031,1
78,71,258.107147216797,203.892852783203,343.049285888672,288.758666992188,2
144,54,556.285705566406,2.35714292526245,623.390625,177.11962890625,1
208,99,0.0,0.0,120.497596740723,305.933898925781,4
70,18,109.607139587402,107.25,92.217544555664,271.583435058594,4
434,96,636.428588867188,0.0,711.919494628906,0.0,1
85,51,0.0,0.0,70.085334777832,0.0,4
334,76,0.0,25.9285717010498,88.5288467407227,190.001052856445,4
403,107,628.178588867188,0.0,576.667053222656,271.583435058594,1
274,102,124.928573608398,99.0,35.6574516296387,142.769149780273,4
316,265,289.928558349609,294.642852783203,248.372589111328,351.018890380859,2
168,52,0.0,42.4285697937012,0.0,186.780685424805,4
215,107,78.9642868041992,90.75,181.975967407227,287.685211181641,4
80,1023,86.0357131958008,147.321426391602,202.878601074219,315.594970703125,4
71,81,3.53571438789368,104.892860412598,136.481964111328,224.351516723633,4
79,78,14.1428575515747,100.178573608398,36.887020111084,137.401885986328,4
141,48,27.1071434020996,71.8928604125977,223.78125,250.114379882812,4
398,107,71.8928604125977,707.142883300781,591.421875,779.326354980469,3
262,156,68.3571395874023,0.0,157.384613037109,53.6726112365723,4
312,112,165.0,15.3214282989502,141.400238037109,190.001052856445,4
206,128,66.0,169.714279174805,95.90625,155.650573730469,4
277,63,28.2857151031494,0.0,265.586547851562,235.086044311523,4
62,29,0.0,69.5357131958008,0.0,0.0,4
72,113,0.0,0.0,92.217544555664,0.0,4
189,205,314.678558349609,321.75,270.504821777344,349.945434570312,2
495,137,31.8214282989502,66.0,79.921875,143.84260559082,4
128,257,21.2142848968506,199.178573608398,217.633407592773,152.430221557617,4
65,12,0.0,0.0,78.6923065185547,265.142700195312,4
62,44,0.0,117.857139587402,30.7391834259033,157.797485351562,4
82,19,47.1428565979004,161.464279174805,0.0,290.905548095703,4
230,106,114.321426391602,537.428588867188,624.620178222656,684.862548828125,3
217,180,53.0357131958008,0.0,188.123794555664,225.42497253418,4
607,135,612.857116699219,81.3214263916016,650.441101074219,241.526763916016,1
434,136,136.714279174805,48.3214302062988,169.680282592773,0.0,4
252,57,0.0,159.107147216797,0.0,165.311645507812,4
333,192,135.535720825195,288.75,275.423065185547,291.97900390625,4
232,97,95.4642868041992,253.392852783203,286.489196777344,327.402923583984,4
85,66,17.6785717010498,1.17857146263123,180.746398925781,127.740821838379,4
244,119,102.535713195801,177.964279174805,260.668273925781,302.713531494141,4
175,197,279.321441650391,319.392852783203,29.509614944458,308.080810546875,2
68,36,0.0,0.0,13.525239944458,49.3788032531738,4
72,24,40.0714302062988,0.0,170.909851074219,94.4637985229492,4
187,59,45.9642868041992,55.3928565979004,206.567306518555,0.0,4
271,116,168.535720825195,218.035720825195,66.3966369628906,322.035675048828,4
354,87,22.3928565979004,169.714279174805,0.0,99.8310623168945,4
103,162,0.0,0.0,76.233169555664,81.5823745727539,4
486,118,31.8214282989502,75.4285736083984,90.9879837036133,68.700942993164,4
91,77,162.642852783203,88.3928604125977,148.777648925781,59.0398750305176,4
82,72,0.0,55.3928565979004,0.0,6.44071340560913,4
200,116,564.535705566406,0.0,713.149047851562,151.35676574707,1
77,119,34.1785697937012,299.357147216797,135.252410888672,284.46484375,4
81,82,0.0,0.0,122.956733703613,197.515213012695,4
134,62,0.0,0.0,0.0,19.3221397399902,4
163,47,133.178573608398,117.857139587402,95.90625,285.538299560547,4
254,40,0.0,147.321426391602,205.337738037109,251.18782043457,4
430,189,47.1428565979004,41.25,151.236785888672,20.3955936431885,4
198,68,0.0,169.714279174805,242.224761962891,262.995788574219,4
79,28,238.071426391602,276.964294433594,116.808891296387,401.471130371094,2
416,103,589.285705566406,187.392852783203,607.40625,344.578186035156,1
209,136,15.3214282989502,20.0357151031494,167.221160888672,262.995788574219,4
428,147,5.89285707473755,139.071426391602,362.722351074219,249.040924072266,4
332,160,62.4642868041992,16.5,170.909851074219,301.640075683594,4
148,239,202.714279174805,324.107147216797,52.871395111084,309.154235839844,4
113,35,0.0,156.75,179.516830444336,168.531997680664,4
305,217,82.5,268.714294433594,178.287261962891,217.91081237793,4
153,54,114.321426391602,0.0,217.633407592773,180.339981079102,4
438,156,441.964294433594,133.178573608398,652.900268554688,347.798522949219,1
148,87,550.392883300781,155.571426391602,719.296875,0.0,1
523,157,84.8571395874023,84.8571395874023,115.579330444336,270.509979248047,4
380,140,0.0,45.9642868041992,119.268028259277,140.62223815918,4
103,54,73.0714263916016,89.5714263916016,94.6766815185547,136.328430175781,4
203,229,243.964279174805,279.321441650391,233.617782592773,330.623291015625,2
107,69,433.714294433594,0.0,579.126220703125,18.2486877441406,1
221,126,88.3928604125977,40.0714302062988,137.711532592773,172.825805664062,4
81,76,0.0,29.4642848968506,83.610580444336,134.181533813477,4
243,102,11.7857141494751,135.535720825195,109.431488037109,317.741882324219,4
370,122,130.821426391602,54.2142868041992,78.6923065185547,96.6107025146484,4
293,158,234.535720825195,242.785720825195,0.0,341.357818603516,2
288,100,36.5357131958008,200.357147216797,38.116584777832,260.848907470703,4
187,115,93.1071395874023,173.25,92.217544555664,283.391387939453,4
440,141,139.071426391602,133.178573608398,200.419464111328,60.1133270263672,4
381,140,0.0,48.3214302062988,73.774040222168,162.091293334961,4
208,97,1.17857146263123,0.0,2.45913457870483,262.995788574219,4
527,178,604.607116699219,241.607147216797,645.522827148438,314.521514892578,1
467,91,654.107116699219,199.178573608398,656.588928222656,135.254989624023,1
338,223,78.9642868041992,49.5,130.334136962891,258.701995849609,4
82,32,0.0,167.357147216797,99.594955444336,0.0,4
186,237,0.0,624.642883300781,625.849731445312,707.405029296875,3
247,91,45.9642868041992,562.178588867188,579.126220703125,690.229797363281,3
95,30,152.035720825195,136.714279174805,234.847351074219,228.645324707031,4
100,47,0.0,126.107139587402,207.796875,162.091293334961,4
80,55,0.0,0.0,23.3617782592773,0.0,4
77,52,0.0,0.0,165.991592407227,220.057708740234,4
76,120,156.75,0.0,290.177886962891,148.136413574219,4
64,85,128.464279174805,0.0,3.68870186805725,250.114379882812,4
247,116,0.0,259.285705566406,204.108169555664,61.1867790222168,4
110,125,0.0,193.285720825195,40.5757217407227,0.0,4
82,295,0.0,0.0,47.953125,53.6726112365723,4
425,88,616.392883300781,81.3214263916016,657.818481445312,13.9548797607422,1
74,169,0.0,0.0,102.054084777832,293.052459716797,4
129,69,175.607147216797,167.357147216797,191.8125,251.18782043457,4
64,106,0.0,185.035720825195,143.859375,268.363067626953,4
365,106,0.0,262.821441650391,93.4471130371094,276.95068359375,4
318,133,134.357147216797,599.892883300781,609.865356445312,711.698852539062,3
130,36,86.0357131958008,170.892852783203,388.543273925781,199.662124633789,4
135,67,103.714286804199,120.214286804199,98.3653869628906,227.571884155273,4
160,1023,331.178558349609,344.142852783203,338.131011962891,334.917114257812,2
445,113,644.678588867188,0.0,636.915893554688,187.854141235352,1
152,130,129.642852783203,174.428573608398,199.189910888672,155.650573730469,4
458,66,7.07142877578735,196.821426391602,248.372589111328,313.448059082031,4
101,47,0.0,0.0,0.0,245.820571899414,4
276,60,97.8214263916016,169.714279174805,79.921875,256.555084228516,4
329,179,94.2857131958008,141.428573608398,146.318511962891,357.459594726562,4
139,48,0.0,144.964279174805,322.146636962891,203.955932617188,4
64,59,64.8214263916016,0.0,0.0,216.837356567383,4
392,100,9.4285717010498,30.6428565979004,9.83653831481934,273.730316162109,4
319,71,537.428588867188,245.142852783203,634.456726074219,165.311645507812,1
277,103,42.4285697937012,78.9642868041992,185.664657592773,275.877227783203,4
194,92,82.5,148.5,110.661056518555,270.509979248047,4
209,127,64.8214263916016,524.464294433594,624.620178222656,644.071350097656,3
93,75,0.0,100.178573608398,216.403839111328,68.700942993164,4
326,78,595.178588867188,0.0,582.814880371094,256.555084228516,1
176,71,99.0,147.321426391602,75.0036087036133,215.763900756836,4
283,67,143.785720825195,169.714279174805,51.6418266296387,151.35676574707,4
69,77,33.0,103.714286804199,106.972358703613,250.114379882812,4
79,38,80.1428604125977,169.714279174805,25.8209133148193,262.995788574219,4
85,153,0.0,157.928573608398,0.0,15.0283317565918,4
179,246,45.9642868041992,152.035720825195,41.805290222168,262.995788574219,4
205,107,586.928588867188,127.285713195801,737.740356445312,361.75341796875,1
68,56,78.9642868041992,0.0,90.9879837036133,301.640075683594,4
349,127,597.535705566406,192.107147216797,689.787231445312,83.7292785644531,1
393,72,0.0,0.0,0.0,149.209869384766,4
299,151,101.357139587402,520.928588867188,643.063720703125,681.642211914062,3
364,55,102.535713195801,609.321411132812,525.025268554688,684.862548828125,3
60,72,0.0,16.5,0.0,210.396636962891,4
416,94,141.428573608398,708.321411132812,593.880981445312,770.738708496094,3
369,100,583.392883300781,130.821426391602,628.308898925781,42.9380912780762,1
280,71,56.5714302062988,166.178573608398,250.831726074219,200.735565185547,4
362,86,76.6071395874023,0.0,43.034854888916,339.210906982422,4
59,23,0.0,15.3214282989502,7.3774037361145,208.249740600586,4
301,158,7.07142877578735,74.25,243.454330444336,279.097595214844,4
80,179,0.0,0.0,66.3966369628906,212.543548583984,4
203,267,287.571441650391,350.035705566406,216.403839111328,346.725067138672,2
157,105,89.5714263916016,110.785713195801,138.941101074219,187.854141235352,4
86,46,0.0,0.0,0.0,290.905548095703,4
183,80,562.178588867188,0.0,647.981994628906,359.606506347656,1
94,33,44.7857131958008,0.0,193.042068481445,23.6159496307373,4
362,84,0.0,623.464294433594,608.635803222656,688.082885742188,3
365,198,124.928573608398,216.857147216797,223.78125,279.097595214844,4
88,190,74.25,102.535713195801,81.1514434814453,135.254989624023,4
168,102,140.25,206.25,146.318511962891,274.803771972656,4
113,98,87.2142868041992,206.25,206.567306518555,313.448059082031,4
182,100,49.5,189.75,137.711532592773,269.4365234375,4
162,109,0.0,101.357139587402,0.0,208.249740600586,4
156,72,0.0,75.4285736083984,106.972358703613,173.899261474609,4
360,126,622.285705566406,155.571426391602,575.4375,273.730316162109,1
340,98,585.75,201.535720825195,647.981994628906,241.526763916016,1
439,114,0.0,142.607147216797,114.349761962891,240.453308105469,4
69,205,12.9642858505249,35.3571434020996,68.8557662963867,166.385101318359,4
96,107,68.3571395874023,147.321426391602,51.6418266296387,295.199371337891,4
200,82,44.7857131958008,209.785720825195,217.633407592773,200.735565185547,4
121,41,0.0,34.1785697937012,72.5444717407227,286.611755371094,4
356,181,75.4285736083984,28.2857151031494,114.349761962891,313.448059082031,4
238,132,63.6428565979004,517.392883300781,631.997619628906,675.201477050781,3
60,55,4.7142858505249,36.5357131958008,0.0,63.333683013916,4
220,102,537.428588867188,206.25,694.705505371094,0.0,1
182,118,200.357147216797,561.0,725.444702148438,654.805847167969,3
214,178,234.535720825195,284.035705566406,97.1358184814453,345.651611328125,2
104,37,0.0,80.1428604125977,162.302886962891,309.154235839844,4
110,224,83.6785736083984,148.5,36.887020111084,210.396636962891,4
249,132,64.8214263916016,162.642852783203,140.170669555664,13.9548797607422,4
79,88,0.0,17.6785717010498,161.073318481445,246.894012451172,4
458,126,605.785705566406,238.071426391602,705.771606445312,193.221405029297,1
456,92,82.5,235.714279174805,106.972358703613,159.944381713867,4
221,153,556.285705566406,0.0,737.740356445312,215.763900756836,1
224,236,227.464279174805,294.642852783203,189.353363037109,343.504730224609,2
423,102,619.928588867188,239.25,656.588928222656,49.3788032531738,1
250,139,53.0357131958008,140.25,167.221160888672,290.905548095703,4
495,133,353.571441650391,120.214286804199,328.294464111328,226.498428344727,2
257,91,89.5714263916016,591.642883300781,659.048095703125,647.291687011719,3
70,115,0.0,33.0,40.5757217407227,279.097595214844,4
60,86,0.0,0.0,84.8401412963867,223.278076171875,4
164,100,21.2142848968506,550.392883300781,607.40625,685.935974121094,3
82,40,0.0,56.5714302062988,147.548080444336,232.93913269043,4
64,47,0.0,0.0,7.3774037361145,190.001052856445,4
125,198,344.142852783203,387.75,173.368988037109,301.640075683594,2
216,49,0.0,0.0,162.302886962891,190.001052856445,4
337,72,176.785720825195,606.964294433594,526.254821777344,696.670532226562,3
296,62,526.821411132812,0.0,566.830505371094,105.198318481445,1
221,140,109.607139587402,198.0,0.0,323.109130859375,4
238,151,60.1071434020996,172.071426391602,102.054084777832,257.628540039062,4
111,71,165.0,29.4642848968506,212.715148925781,0.0,4
289,138,69.5357131958008,215.678573608398,180.746398925781,243.67366027832,4
179,46,126.107139587402,202.714279174805,104.513221740723,264.069244384766,4
326,331,326.464294433594,390.107147216797,223.78125,354.2392578125,2
153,64,50.6785697937012,0.0,140.170669555664,81.5823745727539,4
101,116,0.0,12.9642858505249,0.0,91.2434387207031,4
186,78,573.964294433594,196.821426391602,719.296875,366.047210693359,1
183,70,518.571411132812,0.0,672.573303222656,206.102828979492,1
127,50,0.0,87.2142868041992,22.1322116851807,157.797485351562,4
152,111,16.5,218.035720825195,71.3149032592773,109.492126464844,4
71,98,113.142860412598,60.1071434020996,118.038459777832,0.0,4
282,138,0.0,0.0,215.174285888672,266.216156005859,4
68,84,7.07142877578735,48.3214302062988,165.991592407227,112.71248626709,4
90,29,0.0,0.0,158.614181518555,39.7177352905273,4
86,89,516.214294433594,213.321426391602,549.616577148438,339.210906982422,1
61,13,0.0,170.892852783203,188.123794555664,162.091293334961,4
60,29,0.0,0.0,87.2992782592773,36.4973754882812,4
112,25,0.0,146.142852783203,217.633407592773,296.272827148438,4
130,73,36.5357131958008,0.0,105.742790222168,251.18782043457,4
67,58,0.0,0.0,190.582931518555,216.837356567383,4
89,82,75.4285736083984,213.321426391602,77.4627380371094,206.102828979492,4
225,92,566.892883300781,155.571426391602,659.048095703125,176.046173095703,1
378,92,143.785720825195,144.964279174805,19.6730766296387,198.588668823242,4
191,118,595.178588867188,231.0,738.969970703125,239.379852294922,1
157,72,581.035705566406,69.5357131958008,758.643005371094,275.877227783203,1
65,38,50.6785697937012,198.0,185.664657592773,0.0,4
157,44,68.3571395874023,42.4285697937012,0.0,268.363067626953,4
416,137,117.857139587402,108.428573608398,184.435089111328,213.617004394531,4
201,73,531.535705566406,64.8214263916016,601.258422851562,257.628540039062,1
323,100,127.285713195801,144.964279174805,62.7079315185547,276.95068359375,4
87,107,69.5357131958008,87.2142868041992,127.875,260.848907470703,4
311,111,592.821411132812,0.0,688.557678222656,157.797485351562,1
198,103,55.3928565979004,106.071426391602,161.073318481445,320.962219238281,4
192,65,48.3214302062988,0.0,65.1670684814453,260.848907470703,4
86,50,57.75,177.964279174805,179.516830444336,230.792236328125,4
127,102,0.0,0.0,94.6766815185547,193.221405029297,4
110,120,57.75,16.5,152.466339111328,312.374603271484,4
178,142,216.857147216797,333.535705566406,238.536056518555,385.369354248047,2
321,62,523.285705566406,0.0,606.176696777344,115.932846069336,1
244,122,29.4642848968506,0.0,0.0,91.2434387207031,4
186,63,21.2142848968506,166.178573608398,179.516830444336,273.730316162109,4
139,54,433.714294433594,8.25,581.585327148438,162.091293334961,1
408,102,10.6071424484253,0.0,274.193511962891,207.176284790039,4
220,113,103.714286804199,99.0,51.6418266296387,226.498428344727,4
237,149,130.821426391602,235.714279174805,76.233169555664,241.526763916016,4
200,404,0.0,210.964279174805,61.4783668518066,280.171051025391,4
421,186,53.0357131958008,53.0357131958008,303.703125,303.786987304688,4
96,115,190.928573608398,183.857147216797,12.2956733703613,310.227691650391,4
251,149,134.357147216797,175.607147216797,202.878601074219,284.46484375,4
197,164,113.142860412598,233.357147216797,209.026443481445,203.955932617188,4
586,252,572.785705566406,226.285720825195,700.853393554688,352.092346191406,1
62,58,155.571426391602,78.9642868041992,223.78125,260.848907470703,4
93,56,0.0,140.25,0.0,341.357818603516,4
274,268,289.928558349609,292.285705566406,184.435089111328,323.109130859375,2
134,61,0.0,103.714286804199,108.201919555664,212.543548583984,4
94,43,80.1428604125977,189.75,265.586547851562,259.775451660156,4
423,86,102.535713195801,561.0,586.503601074219,676.27490234375,3
225,87,539.785705566406,0.0,497.974761962891,165.311645507812,1
74,72,0.0,187.392852783203,89.758415222168,231.865692138672,4
202,124,140.25,40.0714302062988,260.668273925781,344.578186035156,4
279,59,446.678558349609,0.0,629.538452148438,55.8195190429688,1
128,71,5.89285707473755,0.0,0.0,294.125915527344,4
377,94,147.321426391602,0.0,221.322113037109,156.724029541016,4
127,201,0.0,0.0,0.0,253.334732055664,4
189,69,535.071411132812,147.321426391602,623.390625,260.848907470703,1
211,119,179.142852783203,58.9285697937012,242.224761962891,310.227691650391,4
435,80,581.035705566406,55.3928565979004,587.733154296875,208.249740600586,1
437,106,0.0,94.2857131958008,38.116584777832,212.543548583984,4
232,109,0.0,225.107147216797,206.567306518555,295.199371337891,4
150,50,126.107139587402,33.0,60.2487983703613,184.6337890625,4
202,102,0.0,0.0,100.824516296387,190.001052856445,4
389,69,536.25,33.0,655.359375,0.0,1
243,129,139.071426391602,87.2142868041992,8.60697078704834,205.029388427734,4
259,94,549.214294433594,195.642852783203,668.884643554688,254.408187866211,1
209,130,0.0,246.321426391602,43.034854888916,290.905548095703,4
162,636,84.8571395874023,0.0,0.0,260.848907470703,4
240,124,66.0,249.857147216797,201.649032592773,262.995788574219,4
465,125,87.2142868041992,231.0,55.3305282592773,299.493194580078,4
165,64,60.1071434020996,552.75,603.717529296875,595.765991210938,3
99,44,0.0,0.0,142.629806518555,82.6558227539062,4
268,179,97.8214263916016,218.035720825195,244.683898925781,322.035675048828,4
262,112,83.6785736083984,243.964279174805,14.754807472229,251.18782043457,4
449,468,578.678588867188,256.928558349609,571.748779296875,326.329498291016,1
159,121,36.5357131958008,0.0,0.0,200.735565185547,4
341,108,141.428573608398,463.178558349609,671.34375,644.071350097656,3
134,176,114.321426391602,175.607147216797,142.629806518555,241.526763916016,4
150,77,146.142852783203,685.928588867188,654.129821777344,642.997924804688,3
127,100,48.3214302062988,31.8214282989502,209.026443481445,288.758666992188,4
109,82,25.9285717010498,3.53571438789368,0.0,274.803771972656,4
227,121,241.607147216797,265.178558349609,376.247589111328,290.905548095703,2
183,95,0.0,3.53571438789368,258.209136962891,172.825805664062,4
193,88,528.0,76.6071395874023,652.900268554688,317.741882324219,1
139,129,0.0,0.0,0.0,186.780685424805,4
256,155,586.928588867188,63.6428565979004,726.674255371094,199.662124633789,1
199,98,545.678588867188,0.0,730.362976074219,282.317932128906,1
60,53,0.0,0.0,0.0,185.707244873047,4
106,198,0.0,31.8214282989502,122.956733703613,0.0,4
449,97,156.75,48.3214302062988,99.594955444336,161.017837524414,4
66,172,227.464279174805,128.464279174805,228.699523925781,272.656860351562,2
307,170,50.6785697937012,146.142852783203,141.400238037109,213.617004394531,4
153,97,62.4642868041992,185.035720825195,195.501205444336,212.543548583984,4
398,168,103.714286804199,213.321426391602,50.4122581481934,251.18782043457,4
88,42,11.7857141494751,154.392852783203,73.774040222168,228.645324707031,4
95,180,35.3571434020996,132.0,119.268028259277,154.577117919922,4
175,221,28.2857151031494,218.035720825195,100.824516296387,13.9548797607422,4
142,44,498.535705566406,0.0,714.378601074219,268.363067626953,1
78,23,0.0,256.928558349609,188.123794555664,307.007354736328,4
281,65,0.0,144.964279174805,0.0,109.492126464844,4
115,204,342.964294433594,345.321441650391,271.734375,328.476379394531,2
83,34,21.2142848968506,199.178573608398,49.1826934814453,274.803771972656,4
112,100,0.0,0.0,76.233169555664,198.588668823242,4
152,104,0.0,120.214286804199,54.100959777832,149.209869384766,4
202,100,49.5,2.35714292526245,188.123794555664,0.0,4
341,60,583.392883300781,89.5714263916016,543.46875,33.2770195007324,1
179,118,108.428573608398,0.0,3.68870186805725,364.973754882812,4
226,120,169.714279174805,90.75,86.069709777832,184.6337890625,4
242,148,43.6071434020996,128.464279174805,0.0,237.232955932617,4
113,53,54.2142868041992,0.0,201.649032592773,229.718780517578,4
108,40,0.0,0.0,19.6730766296387,174.972717285156,4
514,162,137.892852783203,82.5,0.0,630.116455078125,3
82,41,16.5,0.0,36.887020111084,297.346282958984,4
121,29,0.0,20.0357151031494,0.0,62.2602310180664,4
89,64,0.0,0.0,99.594955444336,0.0,4
194,48,110.785713195801,75.4285736083984,71.3149032592773,301.640075683594,4
228,161,147.321426391602,321.75,218.862976074219,111.639038085938,4
187,116,97.8214263916016,160.285720825195,121.727165222168,320.962219238281,4
374,86,0.0,766.071411132812,593.880981445312,799.721923828125,3
207,103,0.0,22.3928565979004,104.513221740723,331.696746826172,4
193,43,20.0357151031494,124.928573608398,0.0,300.566619873047,4
364,88,156.75,0.0,174.598556518555,215.763900756836,4
216,106,133.178573608398,213.321426391602,103.283653259277,179.266525268555,4
84,18,113.142860412598,66.0,9.83653831481934,290.905548095703,4
162,118,83.6785736083984,70.7142868041992,152.466339111328,337.063995361328,4
146,187,241.607147216797,264.0,200.419464111328,201.809020996094,2
258,184,588.107116699219,76.6071395874023,708.230773925781,259.775451660156,1
248,80,143.785720825195,174.428573608398,109.431488037109,254.408187866211,4
79,47,0.0,0.0,206.567306518555,195.368316650391,4
457,134,157.928573608398,278.142852783203,285.259613037109,265.142700195312,4
63,26,23.5714282989502,119.035713195801,0.0,201.809020996094,4
270,161,38.8928565979004,227.464279174805,84.8401412963867,614.014709472656,3
426,142,681.214294433594,146.142852783203,581.585327148438,0.0,1
123,31,0.0,0.0,232.388214111328,164.238189697266,4
101,149,200.357147216797,209.785720825195,173.368988037109,139.548797607422,4
277,90,0.0,123.75,0.0,323.109130859375,4
102,64,0.0,8.25,0.0,0.0,4
229,60,44.7857131958008,110.785713195801,70.085334777832,281.244476318359,4
232,111,174.428573608398,0.0,226.240386962891,242.600204467773,4
216,143,262.821441650391,156.75,271.734375,223.278076171875,2
63,135,56.5714302062988,44.7857131958008,0.0,330.623291015625,4
179,98,559.821411132812,0.0,743.888244628906,259.775451660156,1
400,207,695.357116699219,273.428558349609,746.347351074219,206.102828979492,1
83,44,58.9285697937012,181.5,152.466339111328,241.526763916016,4
137,264,273.428558349609,314.678558349609,4.91826915740967,320.962219238281,2
239,139,0.0,176.785720825195,138.941101074219,294.125915527344,4
143,94,507.964294433594,177.964279174805,579.126220703125,302.713531494141,1
229,76,520.928588867188,153.214279174805,566.830505371094,288.758666992188,1
153,75,77.7857131958008,502.071441650391,579.126220703125,607.573974609375,3
386,123,96.6428604125977,147.321426391602,4.91826915740967,190.001052856445,4
317,182,615.214294433594,2.35714292526245,668.884643554688,28.983211517334,1
383,92,586.928588867188,175.607147216797,631.997619628906,2.14690446853638,1
429,100,0.0,174.428573608398,132.793273925781,0.0,4
269,110,109.607139587402,517.392883300781,650.441101074219,717.066101074219,3
139,231,286.392852783203,337.071441650391,239.765625,357.459594726562,2
342,74,570.428588867188,117.857139587402,670.114196777344,0.0,1
146,151,163.821426391602,0.0,127.875,276.95068359375,4
369,83,228.642852783203,627.0,592.651428222656,678.421813964844,3
109,59,70.7142868041992,78.9642868041992,49.1826934814453,193.221405029297,4
73,41,0.0,96.6428604125977,57.789665222168,256.555084228516,4
258,133,15.3214282989502,194.464279174805,109.431488037109,305.933898925781,4
68,41,0.0,0.0,0.0,272.656860351562,4
165,107,562.178588867188,175.607147216797,689.787231445312,45.0849952697754,1
89,38,0.0,124.928573608398,115.579330444336,194.294860839844,4
260,113,134.357147216797,37.7142868041992,119.268028259277,165.311645507812,4
73,50,0.0,33.0,94.6766815185547,311.301147460938,4
372,101,15.3214282989502,159.107147216797,158.614181518555,0.0,4
356,71,529.178588867188,0.0,501.663452148438,181.413436889648,1
207,76,78.9642868041992,644.678588867188,708.230773925781,711.698852539062,3
236,87,497.357147216797,0.0,606.176696777344,278.024139404297,1
145,171,0.0,11.7857141494751,0.0,284.46484375,4
102,75,472.607147216797,2.35714292526245,539.780029296875,206.102828979492,1
100,42,45.9642868041992,161.464279174805,12.2956733703613,208.249740600586,4
88,47,0.0,0.0,0.0,276.95068359375,4
217,126,0.0,17.6785717010498,0.0,284.46484375,4
535,234,357.107147216797,332.357147216797,41.805290222168,238.306396484375,2
265,262,285.214294433594,368.892852783203,215.174285888672,286.611755371094,2
86,40,0.0,150.857147216797,83.610580444336,0.0,4
270,131,56.5714302062988,603.428588867188,688.557678222656,666.613830566406,3
410,92,548.035705566406,0.0,660.277648925781,284.46484375,1
239,105,0.0,146.142852783203,126.645431518555,256.555084228516,4
81,53,0.0,60.1071434020996,0.0,273.730316162109,4
91,166,0.0,136.714279174805,0.0,152.430221557617,4
61,48,0.0,24.75,73.774040222168,0.0,4
461,153,645.857116699219,69.5357131958008,604.947143554688,135.254989624023,1
371,134,41.25,201.535720825195,234.847351074219,268.363067626953,4
232,141,120.214286804199,168.535720825195,50.4122581481934,250.114379882812,4
102,38,49.5,0.0,191.8125,0.0,4
211,110,29.4642848968506,44.7857131958008,0.0,216.837356567383,4
74,66,18.8571434020996,0.0,0.0,193.221405029297,4
477,120,142.607147216797,3.53571438789368,84.8401412963867,226.498428344727,4
60,36,0.0,0.0,132.793273925781,253.334732055664,4
195,82,556.285705566406,69.5357131958008,761.102172851562,163.164749145508,1
327,86,638.785705566406,247.5,647.981994628906,291.97900390625,1
76,24,50.6785697937012,15.3214282989502,150.007217407227,338.137451171875,4
209,81,54.2142868041992,518.571411132812,616.013244628906,610.794311523438,3
138,68,30.6428565979004,227.464279174805,103.283653259277,275.877227783203,4
79,91,42.4285697937012,73.0714263916016,146.318511962891,232.93913269043,4
185,96,180.321426391602,55.3928565979004,193.042068481445,257.628540039062,4
74,26,70.7142868041992,0.0,0.0,200.735565185547,4
192,130,120.214286804199,127.285713195801,183.205535888672,289.832122802734,4
115,19,50.6785697937012,16.5,50.4122581481934,0.0,4
120,75,0.0,53.0357131958008,147.548080444336,135.254989624023,4
79,46,0.0,0.0,110.661056518555,0.0,4
347,84,0.0,207.428573608398,185.664657592773,15.0283317565918,4
212,126,41.25,212.142852783203,132.793273925781,0.0,4
60,55,18.8571434020996,4.7142858505249,156.155044555664,265.142700195312,4
540,105,591.642883300781,167.357147216797,670.114196777344,190.001052856445,1
405,98,616.392883300781,0.0,709.460327148438,91.2434387207031,1
215,93,73.0714263916016,51.8571434020996,19.6730766296387,313.448059082031,4
84,194,76.6071395874023,146.142852783203,87.2992782592773,162.091293334961,4
189,86,109.607139587402,43.6071434020996,120.497596740723,312.374603271484,4
71,28,17.6785717010498,0.0,20.902645111084,190.001052856445,4
434,94,619.928588867188,212.142852783203,673.802856445312,194.294860839844,1
67,25,0.0,0.0,93.4471130371094,59.0398750305176,4
145,170,0.0,109.607139587402,56.5600967407227,247.967468261719,4
97,44,23.5714282989502,76.6071395874023,150.007217407227,232.93913269043,4
166,111,45.9642868041992,108.428573608398,152.466339111328,232.93913269043,4
108,25,84.8571395874023,0.0,0.0,216.837356567383,4
62,38,0.0,86.0357131958008,0.0,266.216156005859,4
394,106,68.3571395874023,64.8214263916016,0.0,200.735565185547,4
116,224,185.035720825195,320.571441650391,172.139419555664,308.080810546875,4
327,134,0.0,644.678588867188,633.227172851562,711.698852539062,3
217,96,563.357116699219,33.0,569.289672851562,301.640075683594,1
336,86,48.3214302062988,91.9285736083984,201.649032592773,132.034622192383,4
198,104,0.0,232.178573608398,0.0,194.294860839844,4
72,17,0.0,0.0,0.0,0.0,4
278,158,95.4642868041992,61.2857131958008,100.824516296387,190.001052856445,4
185,115,571.607116699219,219.214279174805,725.444702148438,291.97900390625,1
204,88,82.5,10.6071424484253,168.450714111328,299.493194580078,4
295,69,99.0,209.785720825195,0.0,242.600204467773,4
267,93,11.7857141494751,0.0,252.061294555664,164.238189697266,4
420,109,606.964294433594,87.2142868041992,644.293273925781,100.904510498047,1
157,150,170.892852783203,203.892852783203,151.236785888672,303.786987304688,4
249,156,152.035720825195,97.8214263916016,0.0,265.142700195312,4
580,194,306.428558349609,251.035720825195,27.050479888916,334.917114257812,2
71,50,0.0,0.0,38.116584777832,202.882476806641,4
172,118,38.8928565979004,174.428573608398,121.727165222168,279.097595214844,4
150,98,517.392883300781,128.464279174805,662.736755371094,261.92236328125,1
83,28,0.0,123.75,47.953125,226.498428344727,4
65,41,0.0,0.0,0.0,230.792236328125,4
145,80,150.857147216797,86.0357131958008,99.594955444336,194.294860839844,4
206,97,583.392883300781,152.035720825195,757.413452148438,294.125915527344,1
99,100,95.4642868041992,0.0,46.7235565185547,212.543548583984,4
255,151,0.0,0.0,158.614181518555,256.555084228516,4
82,236,20.0357151031494,68.3571395874023,126.645431518555,272.656860351562,4
122,86,179.142852783203,182.678573608398,169.680282592773,341.357818603516,4
99,46,41.25,89.5714263916016,11.0661058425903,271.583435058594,4
140,97,27.1071434020996,0.0,75.0036087036133,157.797485351562,4
115,262,281.678558349609,327.642852783203,301.243988037109,373.561370849609,2
222,149,57.75,247.5,4.91826915740967,71.9213027954102,4
308,244,201.535720825195,247.5,55.3305282592773,171.752365112305,4
84,23,7.07142877578735,124.928573608398,109.431488037109,220.057708740234,4
145,94,44.7857131958008,173.25,205.337738037109,194.294860839844,4
162,65,0.0,213.321426391602,31.96875,324.182586669922,4
225,235,235.714279174805,309.964294433594,204.108169555664,260.848907470703,2
171,86,0.0,408.964294433594,537.320922851562,638.7041015625,3
214,119,0.0,578.678588867188,758.643005371094,674.127990722656,3
174,87,107.25,122.571426391602,213.944717407227,269.4365234375,4
150,558,0.0,0.0,0.0,121.300102233887,4
111,49,1.17857146263123,47.1428565979004,186.894226074219,126.667366027832,4
211,118,150.857147216797,139.071426391602,0.0,167.458557128906,4
125,94,62.4642868041992,0.0,165.991592407227,173.899261474609,4
186,82,22.3928565979004,0.0,73.774040222168,295.199371337891,4
228,124,17.6785717010498,116.678573608398,217.633407592773,309.154235839844,4
166,95,0.0,203.892852783203,13.525239944458,307.007354736328,4
192,144,115.5,241.607147216797,0.0,354.2392578125,4
72,48,137.892852783203,116.678573608398,0.0,305.933898925781,4
160,154,15.3214282989502,168.535720825195,138.941101074219,290.905548095703,4
352,68,590.464294433594,121.392860412598,614.783630371094,274.803771972656,1
183,96,148.5,24.75,0.0,302.713531494141,4
107,46,103.714286804199,220.392852783203,0.0,9.66106986999512,4
61,13,109.607139587402,78.9642868041992,136.481964111328,214.690444946289,4
78,56,97.8214263916016,104.892860412598,105.742790222168,176.046173095703,4
265,134,11.7857141494751,90.75,263.127410888672,0.0,4
191,98,0.0,683.571411132812,693.475952148438,731.02099609375,3
69,43,0.0,1.17857146263123,43.034854888916,214.690444946289,4
361,74,41.25,174.428573608398,0.0,264.069244384766,4
308,121,544.5,201.535720825195,609.865356445312,243.67366027832,1
180,62,87.2142868041992,202.714279174805,115.579330444336,268.363067626953,4
87,29,40.0714302062988,115.5,0.0,249.040924072266,4
84,25,84.8571395874023,114.321426391602,83.610580444336,268.363067626953,4
75,135,33.0,0.0,185.664657592773,2.14690446853638,4
192,120,578.678588867188,0.0,705.771606445312,0.0,1
208,72,159.107147216797,0.0,0.0,213.617004394531,4
110,122,0.0,0.0,12.2956733703613,234.012588500977,4
207,142,161.464279174805,64.8214263916016,252.061294555664,315.594970703125,4
234,79,500.892852783203,0.0,676.262023925781,212.543548583984,1
243,138,589.285705566406,190.928573608398,667.655029296875,225.42497253418,1
82,150,5.89285707473755,23.5714282989502,25.8209133148193,19.3221397399902,4
88,120,361.821441650391,441.964294433594,458.628601074219,338.137451171875,2
64,39,80.1428604125977,140.25,0.0,224.351516723633,4
384,86,0.0,177.964279174805,153.695907592773,272.656860351562,4
269,101,37.7142868041992,0.0,61.4783668518066,179.266525268555,4
91,74,143.785720825195,157.928573608398,105.742790222168,283.391387939453,4
363,83,561.0,11.7857141494751,672.573303222656,104.124870300293,1
101,64,498.535705566406,0.0,725.444702148438,282.317932128906,1
358,83,132.0,644.678588867188,644.293273925781,703.111206054688,3
66,38,0.0,69.5357131958008,0.0,169.605453491211,4
283,146,61.2857131958008,265.178558349609,22.1322116851807,253.334732055664,4
269,66,56.5714302062988,68.3571395874023,31.96875,125.593910217285,4
82,152,0.0,0.0,68.8557662963867,190.001052856445,4
112,52,140.25,0.0,0.0,0.0,4
137,49,28.2857151031494,0.0,146.318511962891,179.266525268555,4
111,55,0.0,0.0,0.0,303.786987304688,4
252,178,78.9642868041992,284.035705566406,127.875,285.538299560547,4
203,79,0.0,83.6785736083984,190.582931518555,231.865692138672,4
89,138,43.6071434020996,0.0,0.0,249.040924072266,4
64,61,0.0,30.6428565979004,0.0,223.278076171875,4
152,30,198.0,0.0,0.0,200.735565185547,4
203,123,111.964286804199,196.821426391602,158.614181518555,32.2035675048828,4
80,52,0.0,81.3214263916016,0.0,236.15950012207,4
66,51,99.0,0.0,7.3774037361145,197.515213012695,4
163,78,42.4285697937012,160.285720825195,29.509614944458,239.379852294922,4
339,78,0.0,720.107116699219,597.569702148438,727.800659179688,3
110,122,42.4285697937012,199.178573608398,70.085334777832,0.0,4
204,53,0.0,182.678573608398,71.3149032592773,296.272827148438,4
93,56,116.678573608398,28.2857151031494,193.042068481445,226.498428344727,4
403,103,157.928573608398,134.357147216797,66.3966369628906,368.194122314453,4
245,137,175.607147216797,670.607116699219,657.818481445312,758.930725097656,3
169,104,146.142852783203,449.035705566406,525.025268554688,600.059814453125,3
147,257,157.928573608398,278.142852783203,238.536056518555,302.713531494141,4
229,127,111.964286804199,0.0,8.60697078704834,347.798522949219,4
91,156,267.535705566406,325.285705566406,275.423065185547,367.120666503906,2
213,110,61.2857131958008,418.392852783203,527.484375,609.720886230469,3
201,91,30.6428565979004,73.0714263916016,105.742790222168,176.046173095703,4
72,72,0.0,166.178573608398,140.170669555664,0.0,4
243,94,111.964286804199,223.928573608398,55.3305282592773,231.865692138672,4
96,128,282.857147216797,238.071426391602,265.586547851562,287.685211181641,2
207,62,51.8571434020996,77.7857131958008,19.6730766296387,23.6159496307373,4
379,170,617.571411132812,267.535705566406,805.366577148438,300.566619873047,1
306,181,71.8928604125977,0.0,174.598556518555,169.605453491211,4
75,59,0.0,0.0,104.513221740723,222.204620361328,4
215,157,181.5,238.071426391602,92.217544555664,223.278076171875,4
128,36,99.0,29.4642848968506,23.3617782592773,192.14794921875,4
275,133,153.214279174805,203.892852783203,244.683898925781,239.379852294922,4
89,38,0.0,111.964286804199,24.5913467407227,205.029388427734,4
223,136,104.892860412598,126.107139587402,154.925476074219,183.560333251953,4
328,74,76.6071395874023,157.928573608398,609.865356445312,141.695693969727,4
208,73,511.5,144.964279174805,613.554077148438,236.15950012207,1
106,50,73.0714263916016,132.0,44.2644233703613,145.989501953125,4
80,55,0.0,53.0357131958008,100.824516296387,227.571884155273,4
60,73,152.035720825195,0.0,151.236785888672,197.515213012695,4
227,98,83.6785736083984,503.25,607.40625,617.235046386719,3
145,110,97.8214263916016,590.464294433594,662.736755371094,682.715637207031,3
63,64,0.0,111.964286804199,67.626205444336,3.22035670280457,4
317,86,122.571426391602,198.0,102.054084777832,0.0,4
168,203,348.857147216797,285.214294433594,408.216339111328,269.4365234375,2
504,115,618.75,56.5714302062988,679.950744628906,177.11962890625,1
78,53,24.75,22.3928565979004,0.0,224.351516723633,4
63,59,0.0,0.0,0.0,275.877227783203,4
250,139,594.0,0.0,694.705505371094,298.419738769531,1
59,43,38.8928565979004,8.25,1.22956728935242,216.837356567383,4
189,98,0.0,102.535713195801,221.322113037109,237.232955932617,4
434,88,611.678588867188,0.0,673.802856445312,190.001052856445,1
443,114,624.642883300781,0.0,652.900268554688,134.181533813477,1
367,116,597.535705566406,127.285713195801,678.721130371094,0.0,1
430,104,136.714279174805,173.25,84.8401412963867,0.0,4
60,119,37.7142868041992,136.714279174805,0.0,200.735565185547,4
97,92,40.0714302062988,99.0,194.271636962891,254.408187866211,4
189,148,228.642852783203,221.571426391602,136.481964111328,253.334732055664,2
356,112,602.25,101.357139587402,545.927856445312,236.15950012207,1
470,101,116.678573608398,139.071426391602,0.0,253.334732055664,4
132,164,56.5714302062988,137.892852783203,75.0036087036133,246.894012451172,4
143,68,2.35714292526245,102.535713195801,136.481964111328,260.848907470703,4
81,107,74.25,107.25,221.322113037109,276.95068359375,4
87,32,0.0,156.75,126.645431518555,172.825805664062,4
60,92,0.0,0.0,138.941101074219,149.209869384766,4
211,132,196.821426391602,129.642852783203,341.819702148438,318.815307617188,4
81,158,0.0,0.0,0.0,242.600204467773,4
60,40,0.0,2.35714292526245,0.0,140.62223815918,4
133,65,120.214286804199,216.857147216797,167.221160888672,198.588668823242,4
310,144,43.6071434020996,203.892852783203,170.909851074219,324.182586669922,4
204,111,569.25,207.428573608398,762.331726074219,140.62223815918,1
109,67,5.89285707473755,44.7857131958008,29.509614944458,0.0,4
75,31,0.0,0.0,159.84375,210.396636962891,4
84,275,0.0,0.0,0.0,0.0,4
168,104,130.821426391602,165.0,126.645431518555,311.301147460938,4
175,120,69.5357131958008,648.214294433594,654.129821777344,729.947509765625,3
370,85,625.821411132812,64.8214263916016,713.149047851562,171.752365112305,1
203,128,69.5357131958008,669.428588867188,675.032470703125,729.947509765625,3
231,44,0.0,273.428558349609,98.3653869628906,267.289611816406,4
96,78,10.6071424484253,0.0,162.302886962891,205.029388427734,4
112,77,4.7142858505249,74.25,19.6730766296387,278.024139404297,4
84,8,1.17857146263123,140.25,116.808891296387,207.176284790039,4
80,210,243.964279174805,311.142852783203,145.088943481445,236.15950012207,2
402,97,11.7857141494751,148.5,191.8125,651.585510253906,3
328,89,172.071426391602,623.464294433594,558.223571777344,678.421813964844,3
60,66,30.6428565979004,69.5357131958008,0.0,188.927597045898,4
62,17,109.607139587402,94.2857131958008,0.0,203.955932617188,4
73,38,0.0,82.5,19.6730766296387,217.91081237793,4
457,130,591.642883300781,0.0,687.328125,193.221405029297,1
135,71,0.0,111.964286804199,159.84375,281.244476318359,4
518,132,80.1428604125977,701.25,604.947143554688,777.179443359375,3
386,356,595.178588867188,49.5,552.075744628906,236.15950012207,1
176,86,519.75,34.1785697937012,651.670654296875,227.571884155273,1
223,139,48.3214302062988,182.678573608398,300.014434814453,53.6726112365723,4
342,70,132.0,232.178573608398,162.302886962891,173.899261474609,4
142,69,532.714294433594,0.0,763.561279296875,296.272827148438,1
280,52,0.0,134.357147216797,97.1358184814453,20.3955936431885,4
116,43,9.4285717010498,0.0,95.90625,314.521514892578,4
262,288,226.285720825195,295.821441650391,173.368988037109,289.832122802734,2
529,119,99.0,55.3928565979004,206.567306518555,3.22035670280457,4
60,39,106.071426391602,37.7142868041992,0.0,227.571884155273,4
533,167,192.107147216797,610.5,542.239196777344,728.874084472656,3
286,67,559.821411132812,161.464279174805,611.094970703125,300.566619873047,1
442,90,612.857116699219,0.0,604.947143554688,222.204620361328,1
134,162,324.107147216797,355.928558349609,92.217544555664,335.990570068359,2
75,127,78.9642868041992,0.0,150.007217407227,48.3053512573242,4
332,82,116.678573608398,177.964279174805,100.824516296387,185.707244873047,4
278,143,121.392860412598,173.25,207.796875,53.6726112365723,4
86,195,0.0,16.5,0.0,229.718780517578,4
232,246,238.071426391602,364.178558349609,254.520431518555,314.521514892578,2
213,135,73.0714263916016,604.607116699219,582.814880371094,683.7890625,3
66,11,93.1071395874023,42.4285697937012,0.0,269.4365234375,4
101,146,42.4285697937012,210.964279174805,61.4783668518066,297.346282958984,4
97,53,0.0,0.0,146.318511962891,196.441757202148,4
70,70,0.0,0.0,0.0,92.31689453125,4
108,46,0.0,86.0357131958008,122.956733703613,247.967468261719,4
264,135,9.4285717010498,210.964279174805,55.3305282592773,0.0,4
368,109,155.571426391602,97.8214263916016,0.0,206.102828979492,4
80,114,37.7142868041992,123.75,94.6766815185547,252.261276245117,4
236,108,150.857147216797,537.428588867188,614.783630371094,604.353637695312,3
194,106,106.071426391602,51.8571434020996,0.0,257.628540039062,4
272,98,0.0,539.785705566406,656.588928222656,682.715637207031,3
258,198,289.928558349609,242.785720825195,71.3149032592773,264.069244384766,2
106,58,35.3571434020996,77.7857131958008,0.0,136.328430175781,4
387,72,469.071441650391,86.0357131958008,518.877380371094,203.955932617188,1
63,39,0.0,0.0,0.0,312.374603271484,4
348,91,134.357147216797,42.4285697937012,121.727165222168,93.3903427124023,4
374,86,96.6428604125977,152.035720825195,110.661056518555,121.300102233887,4
469,216,128.464279174805,0.0,206.567306518555,169.605453491211,4
164,81,99.0,103.714286804199,72.5444717407227,228.645324707031,4
96,85,49.5,0.0,23.3617782592773,182.486877441406,4
252,110,0.0,175.607147216797,38.116584777832,28.983211517334,4
226,101,160.285720825195,210.964279174805,153.695907592773,285.538299560547,4
88,88,179.142852783203,146.142852783203,169.680282592773,80.508918762207,4
158,85,33.0,222.75,229.929092407227,250.114379882812,4
704,247,352.392852783203,393.642852783203,227.469955444336,296.272827148438,2
300,88,116.678573608398,139.071426391602,84.8401412963867,120.226654052734,4
143,67,0.0,0.0,0.0,0.0,4
60,100,0.0,177.964279174805,0.0,230.792236328125,4
109,290,62.4642868041992,57.75,43.034854888916,109.492126464844,4
69,22,0.0,0.0,168.450714111328,149.209869384766,4
382,187,0.0,205.071426391602,164.762023925781,254.408187866211,4
118,108,120.214286804199,175.607147216797,106.972358703613,284.46484375,4
187,55,111.964286804199,21.2142848968506,604.947143554688,274.803771972656,4
244,117,107.25,176.785720825195,707.001220703125,236.15950012207,4
288,131,200.357147216797,179.142852783203,261.897827148438,329.549835205078,4
176,67,25.9285717010498,66.0,180.746398925781,24.6894016265869,4
89,36,11.7857141494751,62.4642868041992,0.0,81.5823745727539,4
381,92,577.5,143.785720825195,691.016845703125,216.837356567383,1
76,56,0.0,75.4285736083984,27.050479888916,258.701995849609,4
73,37,20.0357151031494,25.9285717010498,47.953125,238.306396484375,4
123,61,0.0,188.571426391602,148.777648925781,244.747116088867,4
374,101,0.0,36.5357131958008,55.3305282592773,273.730316162109,4
244,151,140.25,153.214279174805,233.617782592773,272.656860351562,4
374,94,127.285713195801,152.035720825195,86.069709777832,222.204620361328,4
194,98,433.714294433594,87.2142868041992,501.663452148438,0.0,1
284,157,165.0,66.0,234.847351074219,127.740821838379,4
230,121,24.75,232.178573608398,234.847351074219,234.012588500977,4
314,76,168.535720825195,133.178573608398,34.4278831481934,245.820571899414,4
391,87,606.964294433594,137.892852783203,643.063720703125,0.0,1
110,49,0.0,183.857147216797,51.6418266296387,289.832122802734,4
263,130,53.0357131958008,177.964279174805,113.120193481445,286.611755371094,4
184,287,248.678573608398,385.392852783203,195.501205444336,399.324249267578,2
190,99,571.607116699219,0.0,638.145446777344,236.15950012207,1
81,45,0.0,0.0,156.155044555664,251.18782043457,4
63,151,0.0,0.0,0.0,243.67366027832,4
137,84,42.4285697937012,175.607147216797,1.22956728935242,220.057708740234,4
72,24,0.0,76.6071395874023,125.415863037109,297.346282958984,4
257,85,51.8571434020996,165.0,207.796875,254.408187866211,4
124,109,0.0,0.0,0.0,205.029388427734,4
63,53,0.0,1.17857146263123,1.22956728935242,0.0,4
115,33,96.6428604125977,60.1071434020996,39.3461532592773,298.419738769531,4
110,37,0.0,0.0,100.824516296387,190.001052856445,4
324,175,56.5714302062988,115.5,106.972358703613,234.012588500977,4
195,82,147.321426391602,0.0,87.2992782592773,110.565582275391,4
216,103,14.1428575515747,136.714279174805,36.887020111084,194.294860839844,4
246,128,0.0,210.964279174805,99.594955444336,276.95068359375,4
228,151,50.6785697937012,200.357147216797,88.5288467407227,612.941223144531,3
425,107,637.607116699219,194.464279174805,684.869018554688,280.171051025391,1
240,145,115.5,141.428573608398,200.419464111328,347.798522949219,4
73,70,122.571426391602,43.6071434020996,50.4122581481934,0.0,4
260,158,0.0,124.928573608398,165.991592407227,226.498428344727,4
299,72,586.928588867188,50.6785697937012,598.799255371094,173.899261474609,1
140,106,0.0,0.0,118.038459777832,169.605453491211,4
118,51,97.8214263916016,61.2857131958008,206.567306518555,325.256042480469,4
79,170,0.0,0.0,0.0,101.977966308594,4
176,36,55.3928565979004,0.0,0.0,275.877227783203,4
266,127,43.6071434020996,181.5,89.758415222168,289.832122802734,4
222,82,56.5714302062988,582.214294433594,644.293273925781,659.099670410156,3
377,204,109.607139587402,221.571426391602,167.221160888672,313.448059082031,4
248,51,0.0,205.071426391602,0.0,0.0,4
137,115,180.321426391602,233.357147216797,77.4627380371094,307.007354736328,4
123,57,174.428573608398,35.3571434020996,242.224761962891,317.741882324219,4
96,47,133.178573608398,0.0,73.774040222168,205.029388427734,4
493,132,605.785705566406,48.3214302062988,596.340148925781,0.0,1
495,112,140.25,110.785713195801,264.356964111328,229.718780517578,4
296,207,231.0,284.035705566406,146.318511962891,214.690444946289,2
69,30,23.5714282989502,7.07142877578735,38.116584777832,225.42497253418,4
274,67,43.6071434020996,47.1428565979004,11.0661058425903,94.4637985229492,4
131,87,4.7142858505249,23.5714282989502,151.236785888672,258.701995849609,4
156,75,192.107147216797,309.964294433594,542.239196777344,614.014709472656,3
245,186,109.607139587402,228.642852783203,213.944717407227,134.181533813477,4
396,82,595.178588867188,40.0714302062988,660.277648925781,254.408187866211,1
347,88,68.3571395874023,678.857116699219,640.604553222656,746.04931640625,3
117,31,33.0,0.0,216.403839111328,163.164749145508,4
95,120,0.0,144.964279174805,47.953125,101.977966308594,4
244,31,83.6785736083984,24.75,44.2644233703613,254.408187866211,4
215,103,94.2857131958008,143.785720825195,186.894226074219,80.508918762207,4
77,112,0.0,132.0,31.96875,264.069244384766,4
143,64,0.0,0.0,0.0,134.181533813477,4
69,27,18.8571434020996,10.6071424484253,68.8557662963867,275.877227783203,4
89,63,0.0,30.6428565979004,13.525239944458,176.046173095703,4
188,97,157.928573608398,315.857147216797,212.715148925781,299.493194580078,4
72,49,75.4285736083984,17.6785717010498,35.6574516296387,289.832122802734,4
200,87,35.3571434020996,561.0,667.655029296875,658.026245117188,3
398,91,56.5714302062988,528.0,636.915893554688,664.466918945312,3
88,110,48.3214302062988,124.928573608398,0.0,144.916061401367,4
105,245,0.0,201.535720825195,0.0,173.899261474609,4
251,102,115.5,201.535720825195,68.8557662963867,172.825805664062,4
247,53,61.2857131958008,124.928573608398,134.022842407227,77.288558959961,4
224,81,69.5357131958008,0.0,518.877380371094,172.825805664062,4
350,98,77.7857131958008,228.642852783203,125.415863037109,196.441757202148,4
319,76,588.107116699219,58.9285697937012,710.689880371094,46.158447265625,1
93,68,144.964279174805,88.3928604125977,190.582931518555,264.069244384766,4
215,110,68.3571395874023,203.892852783203,197.960342407227,322.035675048828,4
193,80,18.8571434020996,687.107116699219,702.082946777344,748.196228027344,3
95,64,0.0,0.0,169.680282592773,217.91081237793,4
178,125,0.0,216.857147216797,111.890625,236.15950012207,4
176,44,0.0,0.0,120.497596740723,182.486877441406,4
343,175,252.214279174805,338.25,253.290863037109,425.087097167969,2
278,164,129.642852783203,177.964279174805,183.205535888672,362.826873779297,4
175,94,144.964279174805,173.25,156.155044555664,142.769149780273,4
178,107,108.428573608398,0.0,0.0,190.001052856445,4
352,91,0.0,0.0,202.878601074219,283.391387939453,4
101,33,18.8571434020996,23.5714282989502,140.170669555664,253.334732055664,4
166,81,25.9285717010498,12.9642858505249,628.308898925781,218.984252929688,4
68,32,0.0,64.8214263916016,193.042068481445,13.9548797607422,4
335,155,208.607147216797,477.321441650391,695.935119628906,720.286437988281,3
85,62,0.0,0.0,70.085334777832,238.306396484375,4
347,176,163.821426391602,301.714294433594,110.661056518555,360.679962158203,4
183,105,128.464279174805,274.607147216797,0.0,191.074508666992,4
223,141,18.8571434020996,188.571426391602,0.0,290.905548095703,4
68,48,21.2142848968506,55.3928565979004,0.0,201.809020996094,4
246,110,136.714279174805,202.714279174805,0.0,0.0,4
106,28,67.1785736083984,0.0,77.4627380371094,185.707244873047,4
269,136,128.464279174805,249.857147216797,244.683898925781,353.165802001953,4
281,156,0.0,225.107147216797,202.878601074219,323.109130859375,4
108,91,155.571426391602,175.607147216797,136.481964111328,178.193069458008,4
150,134,202.714279174805,437.25,473.383422851562,573.223510742188,3
99,58,86.0357131958008,71.8928604125977,0.0,234.012588500977,4
385,80,193.285720825195,9.4285717010498,62.7079315185547,286.611755371094,4
167,92,8.25,240.428573608398,0.0,331.696746826172,4
102,40,48.3214302062988,73.0714263916016,0.0,125.593910217285,4
382,86,604.607116699219,120.214286804199,549.616577148438,243.67366027832,1
344,137,629.357116699219,29.4642848968506,673.802856445312,119.153198242188,1
224,107,89.5714263916016,95.4642868041992,184.435089111328,322.035675048828,4
66,186,88.3928604125977,157.928573608398,0.0,0.0,4
317,149,114.321426391602,116.678573608398,212.715148925781,326.329498291016,4
166,173,0.0,147.321426391602,41.805290222168,290.905548095703,4
130,38,0.0,193.285720825195,253.290863037109,197.515213012695,4
230,134,66.0,148.5,54.100959777832,278.024139404297,4
349,119,67.1785736083984,194.464279174805,0.0,236.15950012207,4
293,62,157.928573608398,0.0,0.0,159.944381713867,4
206,142,87.2142868041992,213.321426391602,152.466339111328,284.46484375,4
65,43,11.7857141494751,54.2142868041992,161.073318481445,162.091293334961,4
270,60,531.535705566406,108.428573608398,697.164672851562,174.972717285156,1
108,21,454.928558349609,147.321426391602,442.644226074219,196.441757202148,1
137,94,87.2142868041992,253.392852783203,135.252410888672,299.493194580078,4
198,140,252.214279174805,225.107147216797,249.602157592773,268.363067626953,2
154,109,0.0,146.142852783203,131.563705444336,348.871978759766,4
329,62,156.75,624.642883300781,629.538452148438,653.732421875,3
154,88,0.0,100.178573608398,185.664657592773,181.413436889648,4
284,120,43.6071434020996,474.964294433594,645.522827148438,662.320068359375,3
368,90,38.8928565979004,93.1071395874023,103.283653259277,308.080810546875,4
68,48,0.0,0.0,0.0,171.752365112305,4
61,55,0.0,115.5,57.789665222168,279.097595214844,4
126,236,0.0,82.5,104.513221740723,193.221405029297,4
73,148,0.0,0.0,0.0,218.984252929688,4
382,130,126.107139587402,103.714286804199,370.099761962891,183.560333251953,4
405,81,540.964294433594,18.8571434020996,650.441101074219,214.690444946289,1
116,64,0.0,155.571426391602,120.497596740723,257.628540039062,4
176,118,153.214279174805,556.285705566406,601.258422851562,654.805847167969,3
77,76,133.178573608398,0.0,131.563705444336,223.278076171875,4
164,193,155.571426391602,340.607147216797,309.850952148438,338.137451171875,4
61,284,0.0,0.0,7.3774037361145,122.373558044434,4
233,132,578.678588867188,293.464294433594,630.768005371094,345.651611328125,1
69,44,16.5,147.321426391602,0.0,262.995788574219,4
96,41,0.0,107.25,179.516830444336,276.95068359375,4
99,50,48.3214302062988,0.0,0.0,0.0,4
87,62,0.0,176.785720825195,215.174285888672,231.865692138672,4
72,48,49.5,0.0,61.4783668518066,151.35676574707,4
101,368,48.3214302062988,147.321426391602,0.0,91.2434387207031,4
199,107,137.892852783203,108.428573608398,287.71875,262.995788574219,4
177,277,140.25,297.0,0.0,243.67366027832,4
164,90,155.571426391602,140.25,100.824516296387,298.419738769531,4
122,89,73.0714263916016,83.6785736083984,113.120193481445,109.492126464844,4
167,55,0.0,134.357147216797,158.614181518555,261.92236328125,4
62,36,0.0,0.0,0.0,149.209869384766,4
410,91,625.821411132812,0.0,698.394226074219,223.278076171875,1
71,204,0.0,93.1071395874023,2.45913457870483,237.232955932617,4
418,88,618.75,120.214286804199,633.227172851562,236.15950012207,1
209,100,497.357147216797,196.821426391602,634.456726074219,311.301147460938,1
169,81,570.428588867188,116.678573608398,693.475952148438,287.685211181641,1
126,65,0.0,147.321426391602,78.6923065185547,0.0,4
220,307,0.0,167.357147216797,237.306488037109,311.301147460938,4
274,91,101.357139587402,0.0,17.2139415740967,251.18782043457,4
220,208,308.785705566406,306.428558349609,120.497596740723,414.352569580078,2
414,92,0.0,656.464294433594,577.896606445312,738.53515625,3
252,103,163.821426391602,152.035720825195,188.123794555664,225.42497253418,4
371,73,565.714294433594,0.0,628.308898925781,166.385101318359,1
418,104,123.75,95.4642868041992,190.582931518555,245.820571899414,4
231,108,21.2142848968506,228.642852783203,152.466339111328,301.640075683594,4
180,79,57.75,662.357116699219,624.620178222656,750.343139648438,3
285,112,91.9285736083984,137.892852783203,57.789665222168,294.125915527344,4
97,44,108.428573608398,0.0,0.0,252.261276245117,4
177,178,248.678573608398,281.678558349609,178.287261962891,271.583435058594,2
371,98,114.321426391602,0.0,193.042068481445,254.408187866211,4
262,140,7.07142877578735,186.214279174805,647.981994628906,585.031494140625,3
149,59,97.8214263916016,11.7857141494751,98.3653869628906,168.531997680664,4
126,191,146.142852783203,227.464279174805,259.438690185547,329.549835205078,4
127,217,18.8571434020996,0.0,186.894226074219,156.724029541016,4
207,88,0.0,214.5,136.481964111328,220.057708740234,4
371,107,97.8214263916016,186.214279174805,73.774040222168,255.481643676758,4
191,110,75.4285736083984,586.928588867188,677.491577148438,678.421813964844,3
85,139,25.9285717010498,99.0,0.0,265.142700195312,4
231,84,15.3214282989502,128.464279174805,94.6766815185547,106.271774291992,4
70,43,0.0,0.0,47.953125,187.854141235352,4
116,93,143.785720825195,83.6785736083984,86.069709777832,300.566619873047,4
77,37,0.0,126.107139587402,170.909851074219,284.46484375,4
263,121,117.857139587402,165.0,217.633407592773,132.034622192383,4
96,64,87.2142868041992,0.0,266.816101074219,0.0,4
449,113,619.928588867188,90.75,678.721130371094,115.932846069336,1
229,116,63.6428565979004,113.142860412598,136.481964111328,246.894012451172,4
129,54,0.0,37.7142868041992,60.2487983703613,119.153198242188,4
149,62,43.6071434020996,141.428573608398,0.0,162.091293334961,4
232,130,91.9285736083984,129.642852783203,338.131011962891,154.577117919922,4
359,150,223.928573608398,334.714294433594,248.372589111328,324.182586669922,2
93,86,97.8214263916016,0.0,82.3810119628906,296.272827148438,4
77,60,53.0357131958008,175.607147216797,94.6766815185547,264.069244384766,4
67,411,0.0,0.0,93.4471130371094,201.809020996094,4
65,41,0.0,120.214286804199,89.758415222168,157.797485351562,4
403,110,625.821411132812,238.071426391602,604.947143554688,256.555084228516,1
77,139,0.0,53.0357131958008,86.069709777832,168.531997680664,4
166,132,0.0,147.321426391602,95.90625,305.933898925781,4
248,140,142.607147216797,228.642852783203,41.805290222168,327.402923583984,4
251,174,299.357147216797,319.392852783203,277.882202148438,356.386138916016,2
62,39,0.0,27.1071434020996,0.0,302.713531494141,4
132,60,78.9642868041992,0.0,60.2487983703613,249.040924072266,4
137,109,564.535705566406,68.3571395874023,741.429077148438,256.555084228516,1
195,119,143.785720825195,236.892852783203,33.1983184814453,291.97900390625,4
221,140,0.0,597.535705566406,698.394226074219,715.99267578125,3
285,144,159.107147216797,0.0,209.026443481445,235.086044311523,4
381,134,129.642852783203,717.75,716.837768554688,735.314819335938,3
170,56,179.142852783203,0.0,90.9879837036133,235.086044311523,4
328,273,279.321441650391,315.857147216797,290.177886962891,332.770202636719,2
67,45,38.8928565979004,0.0,14.754807472229,343.504730224609,4
221,87,128.464279174805,582.214294433594,569.289672851562,635.483764648438,3
195,87,165.0,33.0,43.034854888916,296.272827148438,4
273,131,335.892852783203,271.071441650391,189.353363037109,351.018890380859,2
101,72,0.0,0.0,185.664657592773,265.142700195312,4
195,75,0.0,117.857139587402,175.828125,201.809020996094,4
125,63,37.7142868041992,0.0,0.0,234.012588500977,4
74,16,0.0,0.0,65.1670684814453,254.408187866211,4
145,162,295.821441650391,287.571441650391,263.127410888672,267.289611816406,2
262,73,582.214294433594,0.0,633.227172851562,316.668426513672,1
369,123,89.5714263916016,537.428588867188,588.962768554688,734.241333007812,3
284,98,0.0,192.107147216797,103.283653259277,230.792236328125,4
177,131,0.0,505.607147216797,651.670654296875,669.834228515625,3
103,25,0.0,69.5357131958008,0.0,284.46484375,4
260,251,302.892852783203,220.392852783203,207.796875,334.917114257812,2
384,85,606.964294433594,162.642852783203,699.623779296875,190.001052856445,1
150,55,71.8928604125977,57.75,100.824516296387,328.476379394531,4
175,183,187.392852783203,234.535720825195,248.372589111328,346.725067138672,4
344,99,516.214294433594,0.0,659.048095703125,235.086044311523,1
336,96,0.0,723.642883300781,616.013244628906,724.580261230469,3
328,138,78.9642868041992,179.142852783203,87.2992782592773,228.645324707031,4
127,26,25.9285717010498,205.071426391602,0.0,228.645324707031,4
159,150,0.0,87.2142868041992,151.236785888672,249.040924072266,4
77,31,0.0,64.8214263916016,0.0,250.114379882812,4
219,119,103.714286804199,510.321441650391,655.359375,707.405029296875,3
254,152,150.857147216797,0.0,249.602157592773,310.227691650391,4
199,62,73.0714263916016,0.0,28.2800483703613,218.984252929688,4
247,131,157.928573608398,546.857116699219,609.865356445312,707.405029296875,3
154,61,526.821411132812,95.4642868041992,654.129821777344,333.843658447266,1
207,238,147.321426391602,266.357147216797,164.762023925781,201.809020996094,4
362,159,61.2857131958008,142.607147216797,15.984375,169.605453491211,4
312,133,0.0,163.821426391602,172.139419555664,179.266525268555,4
216,252,0.0,68.3571395874023,266.816101074219,37.5708274841309,4
394,96,58.9285697937012,701.25,689.787231445312,740.682067871094,3
105,431,11.7857141494751,0.0,20.902645111084,186.780685424805,4
315,169,42.4285697937012,69.5357131958008,318.457946777344,155.650573730469,4
188,67,63.6428565979004,119.035713195801,118.038459777832,85.8761825561523,4
60,16,49.5,93.1071395874023,0.0,238.306396484375,4
164,67,90.75,0.0,136.481964111328,309.154235839844,4
111,44,0.0,55.3928565979004,150.007217407227,229.718780517578,4
89,79,0.0,29.4642848968506,0.0,167.458557128906,4
355,96,586.928588867188,0.0,623.390625,252.261276245117,1
130,81,0.0,120.214286804199,94.6766815185547,280.171051025391,4
210,72,84.8571395874023,56.5714302062988,111.890625,250.114379882812,4
235,121,82.5,216.857147216797,93.4471130371094,315.594970703125,4
318,81,110.785713195801,671.785705566406,625.849731445312,673.054565429688,3
296,70,71.8928604125977,196.821426391602,110.661056518555,187.854141235352,4
195,80,40.0714302062988,7.07142877578735,0.0,84.8027267456055,4
62,15,51.8571434020996,0.0,43.034854888916,243.67366027832,4
72,107,0.0,100.178573608398,114.349761962891,293.052459716797,4
123,95,0.0,0.0,174.598556518555,110.565582275391,4
291,132,70.7142868041992,95.4642868041992,161.073318481445,274.803771972656,4
246,97,10.6071424484253,606.964294433594,496.745178222656,702.037780761719,3
249,98,181.5,188.571426391602,132.793273925781,0.0,4
167,91,83.6785736083984,182.678573608398,185.664657592773,302.713531494141,4
171,55,23.5714282989502,43.6071434020996,82.3810119628906,244.747116088867,4
496,116,606.964294433594,137.892852783203,710.689880371094,32.2035675048828,1
71,169,0.0,76.6071395874023,205.337738037109,125.593910217285,4
94,68,0.0,109.607139587402,0.0,235.086044311523,4
170,59,0.0,148.5,148.777648925781,186.780685424805,4
308,145,71.8928604125977,156.75,232.388214111328,234.012588500977,4
64,73,0.0,227.464279174805,0.0,285.538299560547,4
347,82,38.8928565979004,128.464279174805,111.890625,144.916061401367,4
230,105,141.428573608398,209.785720825195,490.597351074219,61.1867790222168,4
66,246,143.785720825195,4.7142858505249,0.0,223.278076171875,4
136,106,0.0,139.071426391602,60.2487983703613,318.815307617188,4
135,60,15.3214282989502,0.0,95.90625,186.780685424805,4
77,23,117.857139587402,174.428573608398,0.0,245.820571899414,4
160,100,113.142860412598,542.142883300781,651.670654296875,629.043029785156,3
121,20,11.7857141494751,100.178573608398,115.579330444336,216.837356567383,4
515,174,206.25,723.642883300781,627.079345703125,784.693603515625,3
94,149,0.0,0.0,43.034854888916,124.520462036133,4
205,115,116.678573608398,0.0,140.170669555664,341.357818603516,4
177,21,76.6071395874023,17.6785717010498,174.598556518555,261.92236328125,4
168,60,58.9285697937012,0.0,150.007217407227,166.385101318359,4
118,82,137.892852783203,262.821441650391,179.516830444336,307.007354736328,4
352,125,0.0,155.571426391602,200.419464111328,2.14690446853638,4
241,79,140.25,136.714279174805,104.513221740723,226.498428344727,4
126,144,56.5714302062988,0.0,41.805290222168,157.797485351562,4
109,48,17.6785717010498,0.0,34.4278831481934,152.430221557617,4
273,145,97.8214263916016,169.714279174805,205.337738037109,180.339981079102,4
168,248,266.357147216797,326.464294433594,205.337738037109,304.860443115234,2
65,53,0.0,0.0,0.0,266.216156005859,4
77,48,66.0,0.0,0.0,252.261276245117,4
70,88,0.0,183.857147216797,0.0,142.769149780273,4
106,62,0.0,40.0714302062988,0.0,215.763900756836,4
90,26,0.0,1.17857146263123,27.050479888916,61.1867790222168,4
266,105,106.071426391602,50.6785697937012,209.026443481445,254.408187866211,4
106,33,37.7142868041992,186.214279174805,55.3305282592773,165.311645507812,4
159,71,542.142883300781,189.75,740.199523925781,0.0,1
211,166,66.0,0.0,179.516830444336,307.007354736328,4
202,81,113.142860412598,37.7142868041992,75.0036087036133,275.877227783203,4
151,126,167.357147216797,192.107147216797,38.116584777832,145.989501953125,4
433,100,627.0,14.1428575515747,676.262023925781,256.555084228516,1
162,103,530.357116699219,108.428573608398,629.538452148438,195.368316650391,1
284,132,172.071426391602,76.6071395874023,147.548080444336,250.114379882812,4
174,105,121.392860412598,276.964294433594,150.007217407227,291.97900390625,4
296,180,200.357147216797,194.464279174805,175.828125,283.391387939453,4
106,50,0.0,24.75,65.1670684814453,249.040924072266,4
107,143,0.0,144.964279174805,0.0,44.0115432739258,4
107,51,56.5714302062988,0.0,125.415863037109,227.571884155273,4
165,71,516.214294433594,0.0,667.655029296875,171.752365112305,1
278,67,63.6428565979004,0.0,207.796875,214.690444946289,4
233,163,0.0,134.357147216797,142.629806518555,337.063995361328,4
118,26,54.2142868041992,0.0,83.610580444336,184.6337890625,4
182,82,0.0,231.0,279.111785888672,234.012588500977,4
158,212,170.892852783203,300.535705566406,201.649032592773,267.289611816406,4
173,105,143.785720825195,15.3214282989502,15.984375,309.154235839844,4
398,87,53.0357131958008,0.0,82.3810119628906,234.012588500977,4
465,113,639.964294433594,117.857139587402,727.903869628906,269.4365234375,1
192,106,536.25,245.142852783203,683.639404296875,8.5876178741455,1
236,84,90.75,240.428573608398,186.894226074219,320.962219238281,4
310,75,194.464279174805,678.857116699219,591.421875,752.490051269531,3
440,105,115.5,111.964286804199,99.594955444336,235.086044311523,4
179,75,29.4642848968506,545.678588867188,627.079345703125,687.009460449219,3
86,67,0.0,0.0,177.057693481445,241.526763916016,4
129,89,173.25,88.3928604125977,153.695907592773,295.199371337891,4
109,32,139.071426391602,58.9285697937012,29.509614944458,274.803771972656,4
166,67,109.607139587402,51.8571434020996,0.0,15.0283317565918,4
128,410,0.0,100.178573608398,0.0,179.266525268555,4
107,143,77.7857131958008,0.0,83.610580444336,115.932846069336,4
152,50,0.0,68.3571395874023,104.513221740723,235.086044311523,4
265,121,549.214294433594,167.357147216797,713.149047851562,242.600204467773,1
63,24,9.4285717010498,0.0,0.0,254.408187866211,4
78,35,0.0,35.3571434020996,0.0,198.588668823242,4
302,124,148.5,632.892883300781,614.783630371094,668.7607421875,3
168,92,44.7857131958008,200.357147216797,118.038459777832,291.97900390625,4
224,100,18.8571434020996,232.178573608398,137.711532592773,237.232955932617,4
299,116,0.0,117.857139587402,13.525239944458,258.701995849609,4
102,116,0.0,0.0,0.0,163.164749145508,4
478,99,77.7857131958008,163.821426391602,268.045684814453,253.334732055664,4
256,160,581.035705566406,190.928573608398,679.950744628906,330.623291015625,1
311,213,341.785705566406,352.392852783203,222.551681518555,414.352569580078,2
257,150,117.857139587402,55.3928565979004,119.268028259277,127.740821838379,4
190,113,198.0,81.3214263916016,206.567306518555,251.18782043457,4
95,58,68.3571395874023,207.428573608398,122.956733703613,262.995788574219,4
66,64,183.857147216797,233.357147216797,157.384613037109,338.137451171875,4
210,87,139.071426391602,86.0357131958008,106.972358703613,252.261276245117,4
304,229,241.607147216797,273.428558349609,201.649032592773,326.329498291016,2
385,100,41.25,60.1071434020996,189.353363037109,236.15950012207,4
60,48,45.9642868041992,0.0,78.6923065185547,123.447006225586,4
135,246,357.107147216797,320.571441650391,178.287261962891,401.471130371094,2
67,84,0.0,0.0,3.68870186805725,68.700942993164,4
145,102,0.0,196.821426391602,237.306488037109,167.458557128906,4
211,100,9.4285717010498,15.3214282989502,106.972358703613,297.346282958984,4
65,53,0.0,78.9642868041992,76.233169555664,182.486877441406,4
423,137,586.928588867188,0.0,522.566101074219,168.531997680664,1
433,92,628.178588867188,76.6071395874023,623.390625,286.611755371094,1
310,257,325.285705566406,351.214294433594,269.275238037109,405.764953613281,2
362,116,102.535713195801,149.678573608398,173.368988037109,0.0,4
200,63,520.928588867188,63.6428565979004,651.670654296875,80.508918762207,1
246,136,61.2857131958008,106.071426391602,167.221160888672,341.357818603516,4
223,87,49.5,88.3928604125977,152.466339111328,298.419738769531,4
152,66,486.75,0.0,571.748779296875,177.11962890625,1
146,75,88.3928604125977,0.0,207.796875,287.685211181641,4
321,89,165.0,0.0,22.1322116851807,190.001052856445,4
89,124,0.0,74.25,79.921875,244.747116088867,4
307,160,0.0,190.928573608398,92.217544555664,295.199371337891,4
95,853,95.4642868041992,235.714279174805,116.808891296387,287.685211181641,4
129,62,510.321441650391,0.0,627.079345703125,213.617004394531,1
68,31,0.0,23.5714282989502,52.871395111084,298.419738769531,4
417,188,590.464294433594,269.892852783203,692.246398925781,331.696746826172,1
65,53,0.0,57.75,109.431488037109,132.034622192383,4
195,93,110.785713195801,315.857147216797,593.880981445312,617.235046386719,3
80,6,37.7142868041992,28.2857151031494,0.0,38.6442794799805,4
87,46,136.714279174805,82.5,12.2956733703613,118.079750061035,4
416,148,624.642883300781,47.1428565979004,643.063720703125,112.71248626709,1
213,121,0.0,0.0,220.092544555664,289.832122802734,4
76,124,0.0,147.321426391602,0.0,192.14794921875,4
392,65,592.821411132812,205.071426391602,582.814880371094,209.323196411133,1
163,262,7.07142877578735,1.17857146263123,47.953125,159.944381713867,4
202,128,153.214279174805,188.571426391602,0.0,134.181533813477,4
61,93,0.0,0.0,0.0,0.0,4
83,63,74.25,173.25,65.1670684814453,10.734522819519,4
172,72,575.142883300781,182.678573608398,614.783630371094,82.6558227539062,1
247,127,57.75,87.2142868041992,110.661056518555,301.640075683594,4
378,133,116.678573608398,40.0714302062988,152.466339111328,210.396636962891,4
74,32,76.6071395874023,0.0,0.0,218.984252929688,4
184,102,536.25,0.0,591.421875,264.069244384766,1
422,120,135.535720825195,88.3928604125977,279.111785888672,289.832122802734,4
309,52,97.8214263916016,45.9642868041992,0.0,265.142700195312,4
186,102,575.142883300781,0.0,741.429077148438,313.448059082031,1
123,46,0.0,54.2142868041992,98.3653869628906,291.97900390625,4
252,169,0.0,156.75,134.022842407227,154.577117919922,4
83,60,0.0,86.0357131958008,0.0,153.503677368164,4
201,141,0.0,236.892852783203,210.256011962891,327.402923583984,4
107,38,0.0,0.0,51.6418266296387,0.0,4
92,136,0.0,74.25,47.953125,253.334732055664,4
74,101,0.0,33.0,0.0,172.825805664062,4
149,44,68.3571395874023,86.0357131958008,228.699523925781,164.238189697266,4
71,56,140.25,175.607147216797,50.4122581481934,271.583435058594,4
102,151,124.928573608398,181.5,193.042068481445,262.995788574219,4
153,70,516.214294433594,0.0,724.215148925781,121.300102233887,1
64,53,0.0,0.0,75.0036087036133,2.14690446853638,4
169,238,344.142852783203,383.035705566406,159.84375,399.324249267578,2
174,85,78.9642868041992,606.964294433594,650.441101074219,697.743957519531,3
213,92,66.0,96.6428604125977,137.711532592773,278.024139404297,4
142,80,0.0,14.1428575515747,131.563705444336,200.735565185547,4
204,168,68.3571395874023,119.035713195801,59.019229888916,296.272827148438,4
107,34,23.5714282989502,0.0,99.594955444336,259.775451660156,4
233,115,122.571426391602,154.392852783203,0.0,93.3903427124023,4
169,152,0.0,223.928573608398,148.777648925781,355.312683105469,4
189,286,284.035705566406,311.142852783203,146.318511962891,238.306396484375,2
385,78,627.0,240.428573608398,628.308898925781,138.475341796875,1
130,450,0.0,68.3571395874023,94.6766815185547,171.752365112305,4
147,59,122.571426391602,129.642852783203,27.050479888916,319.888763427734,4
215,99,12.9642858505249,193.285720825195,127.875,243.67366027832,4
115,154,0.0,54.2142868041992,104.513221740723,289.832122802734,4
244,186,233.357147216797,271.071441650391,211.485580444336,325.256042480469,2
67,45,0.0,0.0,11.0661058425903,202.882476806641,4
90,88,117.857139587402,122.571426391602,81.1514434814453,0.0,4
148,124,86.0357131958008,103.714286804199,0.0,177.11962890625,4
63,142,242.785720825195,268.714294433594,44.2644233703613,366.047210693359,2
405,122,34.1785697937012,140.25,0.0,91.2434387207031,4
63,105,0.0,0.0,0.0,211.470092773438,4
193,72,74.25,71.8928604125977,269.275238037109,0.0,4
264,59,544.5,168.535720825195,604.947143554688,178.193069458008,1
161,142,0.0,91.9285736083984,147.548080444336,0.0,4
183,78,0.0,0.0,135.252410888672,85.8761825561523,4
294,82,146.142852783203,141.428573608398,0.0,198.588668823242,4
317,118,576.321411132812,147.321426391602,745.117797851562,0.0,1
153,77,539.785705566406,35.3571434020996,697.164672851562,197.515213012695,1
66,45,0.0,76.6071395874023,0.0,170.678909301758,4
173,72,113.142860412598,271.071441650391,202.878601074219,246.894012451172,4
143,36,0.0,267.535705566406,188.123794555664,134.181533813477,4
215,266,273.428558349609,380.678558349609,229.929092407227,389.663177490234,2
195,97,0.0,239.25,183.205535888672,213.617004394531,4
105,70,0.0,146.142852783203,0.0,36.4973754882812,4
242,298,0.0,147.321426391602,68.8557662963867,186.780685424805,4
148,81,57.75,168.535720825195,196.730773925781,141.695693969727,4
345,54,575.142883300781,54.2142868041992,627.079345703125,179.266525268555,1
201,132,0.0,121.392860412598,0.0,181.413436889648,4
347,225,198.0,221.571426391602,60.2487983703613,304.860443115234,4
218,105,100.178573608398,610.5,700.853393554688,725.653747558594,3
408,107,185.035720825195,135.535720825195,204.108169555664,0.0,4
221,104,101.357139587402,144.964279174805,97.1358184814453,206.102828979492,4
268,173,174.428573608398,231.0,51.6418266296387,151.35676574707,4
107,39,29.4642848968506,10.6071424484253,44.2644233703613,151.35676574707,4
443,105,566.892883300781,51.8571434020996,655.359375,253.334732055664,1
100,48,0.0,165.0,0.0,255.481643676758,4
179,89,91.9285736083984,345.321441650391,691.016845703125,625.822692871094,3
81,121,96.6428604125977,115.5,77.4627380371094,259.775451660156,4
295,109,0.0,153.214279174805,23.3617782592773,230.792236328125,4
396,127,0.0,276.964294433594,188.123794555664,178.193069458008,4
207,91,34.1785697937012,225.107147216797,159.84375,304.860443115234,4
384,111,612.857116699219,63.6428565979004,689.787231445312,256.555084228516,1
84,231,229.821426391602,391.285705566406,77.4627380371094,419.719818115234,2
65,55,0.0,0.0,0.0,201.809020996094,4
218,68,0.0,203.892852783203,35.6574516296387,141.695693969727,4
234,98,45.9642868041992,1.17857146263123,216.403839111328,149.209869384766,4
236,81,163.821426391602,0.0,97.1358184814453,240.453308105469,4
231,175,338.25,332.357147216797,216.403839111328,378.928649902344,2
244,86,500.892852783203,0.0,550.846130371094,200.735565185547,1
159,99,153.214279174805,0.0,0.0,299.493194580078,4
189,108,599.892883300781,155.571426391602,730.362976074219,254.408187866211,1
354,105,74.25,185.035720825195,115.579330444336,312.374603271484,4
275,139,56.5714302062988,185.035720825195,79.921875,85.8761825561523,4
211,108,109.607139587402,134.357147216797,163.532455444336,312.374603271484,4
377,111,658.821411132812,0.0,607.40625,249.040924072266,1
384,91,577.5,84.8571395874023,687.328125,0.0,1
69,55,147.321426391602,0.0,120.497596740723,59.0398750305176,4
649,247,292.285705566406,304.071441650391,281.570922851562,295.199371337891,2
109,39,491.464294433594,0.0,634.456726074219,236.15950012207,1
319,149,155.571426391602,147.321426391602,272.963928222656,186.780685424805,4
128,81,0.0,102.535713195801,77.4627380371094,192.14794921875,4
73,37,0.0,47.1428565979004,0.0,236.15950012207,4
505,137,619.928588867188,231.0,597.569702148438,44.0115432739258,1
150,69,9.4285717010498,71.8928604125977,184.435089111328,186.780685424805,4
138,130,0.0,29.4642848968506,103.283653259277,166.385101318359,4
71,97,30.6428565979004,0.0,75.0036087036133,0.0,4
139,103,142.607147216797,86.0357131958008,195.501205444336,183.560333251953,4
376,91,621.107116699219,228.642852783203,654.129821777344,16.1017837524414,1
94,126,0.0,0.0,0.0,244.747116088867,4
82,34,23.5714282989502,75.4285736083984,22.1322116851807,278.024139404297,4
105,317,0.0,14.1428575515747,86.069709777832,92.31689453125,4
89,26,0.0,110.785713195801,75.0036087036133,240.453308105469,4
101,56,73.0714263916016,226.285720825195,236.076919555664,250.114379882812,4
141,52,0.0,0.0,129.104568481445,0.0,4
220,72,0.0,367.714294433594,620.931518554688,622.602294921875,3
219,231,262.821441650391,272.25,218.862976074219,299.493194580078,2
217,46,0.0,0.0,111.890625,97.6841583251953,4
122,27,36.5357131958008,61.2857131958008,87.2992782592773,324.182586669922,4
132,269,284.035705566406,314.678558349609,248.372589111328,395.030426025391,2
401,159,0.0,113.142860412598,209.026443481445,125.593910217285,4
223,110,107.25,165.0,108.201919555664,281.244476318359,4
84,32,0.0,115.5,231.158660888672,136.328430175781,4
148,65,483.214294433594,95.4642868041992,619.701904296875,241.526763916016,1
106,31,115.5,225.107147216797,0.0,173.899261474609,4
84,132,182.678573608398,0.0,0.0,0.0,4
353,112,139.071426391602,154.392852783203,177.057693481445,222.204620361328,4
92,148,0.0,243.964279174805,167.221160888672,249.040924072266,4
255,129,62.4642868041992,661.178588867188,654.129821777344,708.478515625,3
254,127,74.25,74.25,102.054084777832,250.114379882812,4
391,98,87.2142868041992,190.928573608398,44.2644233703613,316.668426513672,4
196,97,504.428558349609,86.0357131958008,644.293273925781,215.763900756836,1
167,65,0.0,234.535720825195,145.088943481445,237.232955932617,4
232,291,260.464294433594,373.607147216797,272.963928222656,377.855194091797,2
392,138,0.0,203.892852783203,218.862976074219,171.752365112305,4
412,90,246.321426391602,611.678588867188,542.239196777344,734.241333007812,3
194,129,183.857147216797,110.785713195801,0.0,214.690444946289,4
211,110,553.928588867188,165.0,681.180297851562,190.001052856445,1
113,287,57.75,0.0,210.256011962891,0.0,4
249,113,34.1785697937012,0.0,0.0,273.730316162109,4
305,119,126.107139587402,71.8928604125977,150.007217407227,180.339981079102,4
77,80,0.0,136.714279174805,77.4627380371094,101.977966308594,4
65,109,27.1071434020996,0.0,0.0,184.6337890625,4
168,98,0.0,119.035713195801,228.699523925781,275.877227783203,4
231,97,110.785713195801,0.0,0.0,155.650573730469,4
83,18,0.0,0.0,100.824516296387,11.8079748153687,4
221,79,503.25,0.0,624.620178222656,177.11962890625,1
505,108,163.821426391602,741.321411132812,616.013244628906,798.648498535156,3
194,99,537.428588867188,0.0,627.079345703125,76.2151107788086,1
154,62,0.0,208.607147216797,0.0,25.7628536224365,4
138,66,152.035720825195,187.392852783203,266.816101074219,358.533050537109,4
212,101,537.428588867188,81.3214263916016,687.328125,196.441757202148,1
84,67,80.1428604125977,0.0,13.525239944458,265.142700195312,4
110,143,0.0,80.1428604125977,110.661056518555,245.820571899414,4
108,300,78.9642868041992,0.0,0.0,193.221405029297,4
98,45,0.0,0.0,49.1826934814453,221.131164550781,4
399,97,123.75,605.785705566406,566.830505371094,687.009460449219,3
386,88,78.9642868041992,198.0,202.878601074219,197.515213012695,4
253,236,287.571441650391,264.0,94.6766815185547,311.301147460938,2
122,84,120.214286804199,498.535705566406,591.421875,593.619079589844,3
78,47,0.0,0.0,0.0,194.294860839844,4
208,163,156.75,203.892852783203,227.469955444336,302.713531494141,4
235,109,532.714294433594,0.0,650.441101074219,202.882476806641,1
225,129,115.5,129.642852783203,124.186294555664,216.837356567383,4
216,156,194.464279174805,269.892852783203,132.793273925781,276.95068359375,4
256,57,0.0,34.1785697937012,25.8209133148193,147.062957763672,4
85,287,0.0,273.428558349609,52.871395111084,281.244476318359,4
172,76,126.107139587402,91.9285736083984,167.221160888672,285.538299560547,4
118,85,21.2142848968506,170.892852783203,174.598556518555,234.012588500977,4
319,127,14.1428575515747,239.25,136.481964111328,220.057708740234,4
233,116,113.142860412598,8.25,126.645431518555,165.311645507812,4
75,45,0.0,0.0,0.0,63.333683013916,4
75,72,0.0,177.964279174805,169.680282592773,238.306396484375,4
61,14,77.7857131958008,0.0,0.0,0.0,4
79,65,0.0,100.178573608398,146.318511962891,213.617004394531,4
74,74,0.0,81.3214263916016,23.3617782592773,222.204620361328,4
64,48,233.357147216797,87.2142868041992,405.757202148438,210.396636962891,2
153,221,292.285705566406,289.928558349609,106.972358703613,323.109130859375,2
105,306,146.142852783203,226.285720825195,121.727165222168,275.877227783203,4
225,104,41.25,225.107147216797,66.3966369628906,246.894012451172,4
195,118,84.8571395874023,182.678573608398,0.0,154.577117919922,4
64,31,100.178573608398,141.428573608398,71.3149032592773,229.718780517578,4
77,92,0.0,90.75,73.774040222168,286.611755371094,4
80,65,67.1785736083984,155.571426391602,263.127410888672,164.238189697266,4
132,228,120.214286804199,246.321426391602,188.123794555664,205.029388427734,4
73,104,31.8214282989502,0.0,28.2800483703613,65.4805908203125,4
100,36,11.7857141494751,0.0,20.902645111084,126.667366027832,4
83,56,0.0,0.0,0.0,164.238189697266,4
77,51,33.0,22.3928565979004,78.6923065185547,223.278076171875,4
456,110,168.535720825195,0.0,574.207946777344,85.8761825561523,4
440,153,624.642883300781,41.25,636.915893554688,225.42497253418,1
128,82,20.0357151031494,187.392852783203,163.532455444336,256.555084228516,4
110,53,528.0,73.0714263916016,660.277648925781,278.024139404297,1
465,150,642.321411132812,168.535720825195,597.569702148438,332.770202636719,1
286,95,117.857139587402,568.071411132812,600.028869628906,705.258117675781,3
108,268,0.0,0.0,81.1514434814453,234.012588500977,4
147,228,284.035705566406,172.071426391602,220.092544555664,378.928649902344,2
73,49,50.6785697937012,173.25,100.824516296387,187.854141235352,4
108,13,7.07142877578735,119.035713195801,120.497596740723,85.8761825561523,4
63,51,120.214286804199,21.2142848968506,0.0,270.509979248047,4
164,89,0.0,58.9285697937012,45.4939918518066,54.7460632324219,4
274,150,95.4642868041992,83.6785736083984,169.680282592773,312.374603271484,4
89,103,229.821426391602,160.285720825195,129.104568481445,265.142700195312,2
160,196,317.035705566406,292.285705566406,0.0,354.2392578125,2
241,92,0.0,584.571411132812,523.795654296875,683.7890625,3
379,88,127.285713195801,80.1428604125977,34.4278831481934,22.5424976348877,4
415,98,0.0,615.214294433594,574.207946777344,680.568725585938,3
321,128,0.0,173.25,66.3966369628906,138.475341796875,4
383,118,62.4642868041992,140.25,0.0,166.385101318359,4
224,117,219.214279174805,583.392883300781,682.409851074219,692.376708984375,3
92,61,104.892860412598,83.6785736083984,0.0,278.024139404297,4
207,132,93.1071395874023,61.2857131958008,103.283653259277,157.797485351562,4
434,82,624.642883300781,146.142852783203,702.082946777344,123.447006225586,1
225,86,99.0,57.75,0.0,199.662124633789,4
158,242,0.0,0.0,49.1826934814453,167.458557128906,4
261,128,95.4642868041992,709.5,718.067321777344,726.727172851562,3
276,153,135.535720825195,90.75,4.91826915740967,195.368316650391,4
574,132,662.357116699219,0.0,683.639404296875,252.261276245117,1
337,71,0.0,0.0,512.729553222656,285.538299560547,4
486,90,0.0,756.642883300781,576.667053222656,804.015747070312,3
379,85,155.571426391602,91.9285736083984,150.007217407227,151.35676574707,4
142,217,260.464294433594,262.821441650391,173.368988037109,297.346282958984,2
72,101,0.0,14.1428575515747,47.953125,236.15950012207,4
323,84,69.5357131958008,599.892883300781,572.978393554688,708.478515625,3
521,157,609.321411132812,254.571426391602,600.028869628906,213.617004394531,1
158,165,0.0,0.0,52.871395111084,3.22035670280457,4
113,162,0.0,122.571426391602,110.661056518555,25.7628536224365,4
165,71,538.607116699219,0.0,582.814880371094,290.905548095703,1
73,60,0.0,0.0,0.0,92.31689453125,4
73,57,0.0,15.3214282989502,0.0,240.453308105469,4
375,148,179.142852783203,175.607147216797,290.177886962891,261.92236328125,4
70,102,183.857147216797,235.714279174805,168.450714111328,253.334732055664,4
131,54,0.0,0.0,106.972358703613,322.035675048828,4
122,160,9.4285717010498,45.9642868041992,152.466339111328,69.774398803711,4
168,84,108.428573608398,190.928573608398,0.0,77.288558959961,4
120,56,4.7142858505249,187.392852783203,0.0,123.447006225586,4
424,130,168.535720825195,77.7857131958008,194.271636962891,254.408187866211,4
141,51,87.2142868041992,509.142852783203,698.394226074219,617.235046386719,3
401,147,601.071411132812,25.9285717010498,651.670654296875,275.877227783203,1
378,130,667.071411132812,123.75,617.242797851562,258.701995849609,1
727,308,311.142852783203,333.535705566406,331.983184814453,412.205657958984,2
103,41,0.0,0.0,184.435089111328,255.481643676758,4
93,83,45.9642868041992,0.0,183.205535888672,262.995788574219,4
257,72,0.0,132.0,248.372589111328,133.10807800293,4
522,324,318.214294433594,371.25,329.524047851562,447.629577636719,2
222,154,73.0714263916016,86.0357131958008,247.143035888672,117.006294250488,4
74,84,0.0,154.392852783203,0.0,109.492126464844,4
336,85,110.785713195801,259.285705566406,463.546875,717.066101074219,3
79,76,0.0,48.3214302062988,103.283653259277,63.333683013916,4
68,34,0.0,102.535713195801,0.0,140.62223815918,4
310,134,0.0,48.3214302062988,0.0,0.0,4
237,97,63.6428565979004,99.0,167.221160888672,259.775451660156,4
153,67,0.0,86.0357131958008,190.582931518555,0.0,4
181,336,18.8571434020996,0.0,164.762023925781,167.458557128906,4
84,62,123.75,82.5,56.5600967407227,278.024139404297,4
216,91,11.7857141494751,143.785720825195,0.0,265.142700195312,4
192,122,577.5,68.3571395874023,725.444702148438,275.877227783203,1
121,61,0.0,0.0,27.050479888916,283.391387939453,4
134,87,0.0,169.714279174805,0.0,274.803771972656,4
83,34,0.0,8.25,15.984375,301.640075683594,4
258,202,260.464294433594,202.714279174805,209.026443481445,261.92236328125,2
341,57,142.607147216797,561.0,667.655029296875,602.206726074219,3
112,23,31.8214282989502,83.6785736083984,0.0,318.815307617188,4
156,93,133.178573608398,410.142852783203,587.733154296875,653.732421875,3
107,182,175.607147216797,210.964279174805,35.6574516296387,246.894012451172,4
75,344,0.0,144.964279174805,0.0,185.707244873047,4
69,28,130.821426391602,12.9642858505249,146.318511962891,107.345222473145,4
481,93,179.142852783203,702.428588867188,539.780029296875,763.224548339844,3
238,104,69.5357131958008,116.678573608398,103.283653259277,361.75341796875,4
208,97,11.7857141494751,36.5357131958008,168.450714111328,256.555084228516,4
204,109,75.4285736083984,88.3928604125977,116.808891296387,246.894012451172,4
247,115,76.6071395874023,104.892860412598,87.2992782592773,260.848907470703,4
203,92,136.714279174805,505.607147216797,624.620178222656,640.851013183594,3
72,38,0.0,0.0,0.0,271.583435058594,4
221,53,136.714279174805,60.1071434020996,673.802856445312,618.308471679688,3
175,100,40.0714302062988,0.0,0.0,0.0,4
61,97,0.0,183.857147216797,94.6766815185547,317.741882324219,4
201,76,86.0357131958008,223.928573608398,2.45913457870483,325.256042480469,4
325,176,49.5,199.178573608398,148.777648925781,330.623291015625,4
211,108,141.428573608398,616.392883300781,629.538452148438,694.523620605469,3
120,38,0.0,0.0,97.1358184814453,257.628540039062,4
104,52,68.3571395874023,265.178558349609,89.758415222168,307.007354736328,4
78,22,0.0,119.035713195801,0.0,272.656860351562,4
241,125,36.5357131958008,192.107147216797,296.325714111328,70.8478469848633,4
98,31,18.8571434020996,144.964279174805,122.956733703613,225.42497253418,4
193,91,55.3928565979004,107.25,108.201919555664,327.402923583984,4
155,36,3.53571438789368,16.5,194.271636962891,275.877227783203,4
335,144,152.035720825195,74.25,225.010818481445,347.798522949219,4
149,80,42.4285697937012,116.678573608398,131.563705444336,149.209869384766,4
97,203,249.857147216797,328.821441650391,211.485580444336,360.679962158203,2
303,136,69.5357131958008,189.75,183.205535888672,24.6894016265869,4
308,94,618.75,0.0,544.698303222656,249.040924072266,1
117,77,155.571426391602,180.321426391602,229.929092407227,174.972717285156,4
111,170,0.0,295.821441650391,132.793273925781,0.0,4
178,112,0.0,212.142852783203,205.337738037109,264.069244384766,4
536,113,601.071411132812,0.0,657.818481445312,275.877227783203,1
185,255,254.571426391602,321.75,233.617782592773,283.391387939453,2
99,80,0.0,89.5714263916016,0.0,275.877227783203,4
148,66,491.464294433594,203.892852783203,625.849731445312,215.763900756836,1
234,127,0.0,93.1071395874023,256.979553222656,305.933898925781,4
126,34,0.0,177.964279174805,114.349761962891,244.747116088867,4
84,284,15.3214282989502,0.0,68.8557662963867,240.453308105469,4
250,63,0.0,90.75,173.368988037109,222.204620361328,4
337,210,644.678588867188,17.6785717010498,631.997619628906,61.1867790222168,1
143,64,0.0,225.107147216797,110.661056518555,0.0,4
84,288,14.1428575515747,0.0,82.3810119628906,171.752365112305,4
84,61,38.8928565979004,0.0,68.8557662963867,68.700942993164,4
68,29,0.0,40.0714302062988,70.085334777832,267.289611816406,4
68,36,0.0,0.0,46.7235565185547,61.1867790222168,4
223,103,111.964286804199,81.3214263916016,18.443510055542,245.820571899414,4
150,95,48.3214302062988,0.0,202.878601074219,373.561370849609,4
184,49,505.607147216797,0.0,541.009643554688,239.379852294922,1
319,66,487.928558349609,140.25,596.340148925781,163.164749145508,1
245,143,148.5,63.6428565979004,234.847351074219,318.815307617188,4
424,93,676.5,134.357147216797,607.40625,222.204620361328,1
214,137,20.0357151031494,576.321411132812,574.207946777344,685.935974121094,3
326,98,116.678573608398,82.5,76.233169555664,184.6337890625,4
165,92,0.0,108.428573608398,62.7079315185547,322.035675048828,4
179,146,86.0357131958008,216.857147216797,259.438690185547,209.323196411133,4
167,99,563.357116699219,219.214279174805,668.884643554688,0.0,1
82,95,41.25,225.107147216797,199.189910888672,221.131164550781,4
238,201,267.535705566406,185.035720825195,195.501205444336,210.396636962891,2
161,89,43.6071434020996,0.0,71.3149032592773,235.086044311523,4
66,27,1.17857146263123,68.3571395874023,0.0,252.261276245117,4
383,299,344.142852783203,302.892852783203,286.489196777344,309.154235839844,2
191,117,97.8214263916016,200.357147216797,79.921875,315.594970703125,4
369,81,573.964294433594,0.0,704.542053222656,96.6107025146484,1
156,65,504.428558349609,208.607147216797,703.3125,253.334732055664,1
392,85,0.0,691.821411132812,620.931518554688,800.79541015625,3
255,82,0.0,467.892852783203,577.896606445312,630.116455078125,3
101,174,0.0,104.892860412598,14.754807472229,54.7460632324219,4
204,103,61.2857131958008,0.0,140.170669555664,271.583435058594,4
323,95,103.714286804199,652.928588867188,602.487976074219,711.698852539062,3
495,212,309.964294433594,335.892852783203,199.189910888672,284.46484375,2
246,274,334.714294433594,357.107147216797,450.021636962891,357.459594726562,2
270,168,254.571426391602,147.321426391602,290.177886962891,261.92236328125,2
258,109,149.678573608398,76.6071395874023,168.450714111328,307.007354736328,4
333,80,30.6428565979004,0.0,34.4278831481934,210.396636962891,4
321,77,83.6785736083984,219.214279174805,109.431488037109,229.718780517578,4
166,274,246.321426391602,311.142852783203,210.256011962891,304.860443115234,2
297,141,252.214279174805,264.0,164.762023925781,316.668426513672,2
101,204,0.0,0.0,11.0661058425903,45.0849952697754,4
283,289,255.75,391.285705566406,268.045684814453,419.719818115234,2
486,106,603.428588867188,192.107147216797,568.060119628906,297.346282958984,1
91,95,0.0,0.0,56.5600967407227,268.363067626953,4
77,171,0.0,154.392852783203,97.1358184814453,264.069244384766,4
75,68,54.2142868041992,149.678573608398,81.1514434814453,261.92236328125,4
218,89,460.821441650391,207.428573608398,571.748779296875,231.865692138672,1
442,113,83.6785736083984,0.0,47.953125,210.396636962891,4
73,36,75.4285736083984,70.7142868041992,51.6418266296387,134.181533813477,4
273,121,83.6785736083984,104.892860412598,0.0,348.871978759766,4
124,119,0.0,0.0,62.7079315185547,91.2434387207031,4
65,83,62.4642868041992,142.607147216797,4.91826915740967,150.283309936523,4
165,125,87.2142868041992,278.142852783203,290.177886962891,264.069244384766,4
259,173,16.5,0.0,148.777648925781,0.0,4
281,107,0.0,41.25,497.974761962891,355.312683105469,4
425,127,149.678573608398,133.178573608398,210.256011962891,257.628540039062,4
282,100,37.7142868041992,188.571426391602,17.2139415740967,271.583435058594,4
201,180,238.071426391602,347.678558349609,179.516830444336,334.917114257812,2
161,77,0.0,0.0,185.664657592773,257.628540039062,4
467,83,14.1428575515747,73.0714263916016,172.139419555664,229.718780517578,4
170,87,49.5,75.4285736083984,150.007217407227,222.204620361328,4
227,173,102.535713195801,132.0,223.78125,217.91081237793,4
163,149,0.0,75.4285736083984,38.116584777832,203.955932617188,4
93,54,0.0,180.321426391602,199.189910888672,138.475341796875,4
337,96,0.0,229.821426391602,137.711532592773,615.088134765625,3
211,113,35.3571434020996,0.0,152.466339111328,274.803771972656,4
244,211,55.3928565979004,10.6071424484253,25.8209133148193,169.605453491211,4
86,102,10.6071424484253,185.035720825195,44.2644233703613,251.18782043457,4
171,333,186.214279174805,262.821441650391,233.617782592773,64.4071350097656,4
295,105,101.357139587402,93.1071395874023,28.2800483703613,165.311645507812,4
170,63,546.857116699219,86.0357131958008,756.183898925781,129.887725830078,1
366,117,533.892883300781,0.0,715.608154296875,249.040924072266,1
516,148,91.9285736083984,698.892883300781,630.768005371094,869.496337890625,3
69,61,102.535713195801,219.214279174805,6.14783668518066,218.984252929688,4
299,99,576.321411132812,130.821426391602,704.542053222656,165.311645507812,1
174,149,156.75,223.928573608398,209.026443481445,170.678909301758,4
287,69,133.178573608398,221.571426391602,303.703125,279.097595214844,4
154,103,76.6071395874023,57.75,109.431488037109,182.486877441406,4
105,71,81.3214263916016,48.3214302062988,78.6923065185547,193.221405029297,4
61,84,0.0,140.25,0.0,77.288558959961,4
224,102,568.071411132812,0.0,729.133422851562,192.14794921875,1
94,43,3.53571438789368,147.321426391602,0.0,111.639038085938,4
419,81,561.0,148.5,600.028869628906,180.339981079102,1
492,116,80.1428604125977,722.464294433594,590.192321777344,777.179443359375,3
72,26,103.714286804199,0.0,15.984375,187.854141235352,4
353,176,62.4642868041992,9.4285717010498,1.22956728935242,218.984252929688,4
252,111,73.0714263916016,648.214294433594,735.28125,722.433349609375,3
237,77,0.0,109.607139587402,183.205535888672,115.932846069336,4
94,57,95.4642868041992,157.928573608398,242.224761962891,215.763900756836,4
196,102,135.535720825195,231.0,67.626205444336,356.386138916016,4
261,242,274.607147216797,337.071441650391,177.057693481445,331.696746826172,2
164,86,29.4642848968506,61.2857131958008,0.0,200.735565185547,4
274,286,327.642852783203,302.892852783203,213.944717407227,351.018890380859,2
121,86,201.535720825195,126.107139587402,218.862976074219,327.402923583984,4
68,91,66.0,0.0,169.680282592773,202.882476806641,4
104,327,0.0,78.9642868041992,81.1514434814453,313.448059082031,4
216,95,42.4285697937012,592.821411132812,628.308898925781,671.981140136719,3
355,77,152.035720825195,29.4642848968506,0.0,24.6894016265869,4
236,134,55.3928565979004,93.1071395874023,489.367797851562,159.944381713867,4
117,37,0.0,0.0,24.5913467407227,294.125915527344,4
140,85,34.1785697937012,0.0,73.774040222168,310.227691650391,4
317,191,35.3571434020996,111.964286804199,0.0,177.11962890625,4
399,79,183.857147216797,0.0,75.0036087036133,218.984252929688,4
231,196,256.928558349609,286.392852783203,177.057693481445,221.131164550781,2
424,124,563.357116699219,41.25,672.573303222656,261.92236328125,1
177,87,33.0,0.0,232.388214111328,77.288558959961,4
152,50,126.107139587402,128.464279174805,150.007217407227,266.216156005859,4
71,63,0.0,0.0,173.368988037109,258.701995849609,4
186,55,82.5,119.035713195801,66.3966369628906,276.95068359375,4
219,83,0.0,160.285720825195,146.318511962891,202.882476806641,4
420,116,68.3571395874023,50.6785697937012,223.78125,281.244476318359,4
264,67,0.0,232.178573608398,168.450714111328,0.0,4
89,64,82.5,152.035720825195,111.890625,246.894012451172,4
229,123,97.8214263916016,0.0,109.431488037109,0.0,4
102,127,331.178558349609,288.75,132.793273925781,372.487945556641,2
129,41,0.0,0.0,0.0,164.238189697266,4
175,94,0.0,66.0,153.695907592773,205.029388427734,4
74,115,57.75,0.0,0.0,157.797485351562,4
196,158,76.6071395874023,129.642852783203,164.762023925781,244.747116088867,4
80,61,0.0,306.428558349609,443.873809814453,363.900329589844,4
161,74,0.0,74.25,114.349761962891,351.018890380859,4
177,129,109.607139587402,83.6785736083984,100.824516296387,262.995788574219,4
85,79,0.0,0.0,0.0,10.734522819519,4
199,98,51.8571434020996,454.928558349609,593.880981445312,692.376708984375,3
195,103,597.535705566406,137.892852783203,761.102172851562,260.848907470703,1
224,114,0.0,635.25,639.375,713.845764160156,3
193,533,0.0,0.0,90.9879837036133,51.525707244873,4
267,179,122.571426391602,147.321426391602,86.069709777832,326.329498291016,4
139,105,282.857147216797,325.285705566406,229.929092407227,429.380889892578,2
489,115,615.214294433594,117.857139587402,666.425476074219,188.927597045898,1
70,135,0.0,141.428573608398,183.205535888672,246.894012451172,4
235,106,33.0,617.571411132812,679.950744628906,725.653747558594,3
306,141,127.285713195801,253.392852783203,66.3966369628906,307.007354736328,4
90,38,43.6071434020996,0.0,162.302886962891,213.617004394531,4
264,224,69.5357131958008,196.821426391602,43.034854888916,289.832122802734,4
261,194,313.5,404.25,185.664657592773,340.284362792969,2
373,69,507.964294433594,219.214279174805,582.814880371094,274.803771972656,1
150,82,40.0714302062988,146.142852783203,147.548080444336,266.216156005859,4
283,84,9.4285717010498,88.3928604125977,40.5757217407227,161.017837524414,4
88,56,0.0,0.0,18.443510055542,0.0,4
284,180,114.321426391602,225.107147216797,201.649032592773,208.249740600586,4
60,57,0.0,21.2142848968506,18.443510055542,281.244476318359,4
234,150,242.785720825195,313.5,141.400238037109,260.848907470703,2
145,139,0.0,156.75,105.742790222168,232.93913269043,4
198,115,0.0,84.8571395874023,44.2644233703613,305.933898925781,4
432,108,641.142883300781,0.0,617.242797851562,247.967468261719,1
99,45,0.0,49.5,167.221160888672,247.967468261719,4
353,74,570.428588867188,133.178573608398,671.34375,114.859390258789,1
319,84,563.357116699219,212.142852783203,609.865356445312,83.7292785644531,1
373,94,545.678588867188,82.5,553.305297851562,252.261276245117,1
183,86,99.0,154.392852783203,67.626205444336,316.668426513672,4
256,78,75.4285736083984,222.75,20.902645111084,272.656860351562,4
66,86,146.142852783203,124.928573608398,92.217544555664,206.102828979492,4
847,475,584.571411132812,391.285705566406,662.736755371094,356.386138916016,1
224,125,74.25,584.571411132812,702.082946777344,664.466918945312,3
159,250,227.464279174805,288.75,256.979553222656,268.363067626953,2
257,109,0.0,627.0,695.935119628906,626.896118164062,3
156,439,43.6071434020996,76.6071395874023,12.2956733703613,157.797485351562,4
179,246,266.357147216797,306.428558349609,167.221160888672,307.007354736328,2
163,44,0.0,4.7142858505249,106.972358703613,205.029388427734,4
405,86,62.4642868041992,698.892883300781,600.028869628906,777.179443359375,3
356,94,582.214294433594,143.785720825195,656.588928222656,63.333683013916,1
111,41,0.0,20.0357151031494,71.3149032592773,0.0,4
107,63,0.0,179.142852783203,0.0,288.758666992188,4
494,105,661.178588867188,31.8214282989502,656.588928222656,209.323196411133,1
372,82,625.821411132812,103.714286804199,600.028869628906,245.820571899414,1
96,1023,179.142852783203,17.6785717010498,124.186294555664,281.244476318359,4
141,64,474.964294433594,48.3214302062988,516.418273925781,238.306396484375,1
310,148,175.607147216797,601.071411132812,547.157470703125,677.348388671875,3
281,255,317.035705566406,339.428558349609,190.582931518555,402.544586181641,2
244,149,87.2142868041992,192.107147216797,179.516830444336,242.600204467773,4
166,513,0.0,107.25,0.0,261.92236328125,4
210,100,42.4285697937012,209.785720825195,154.925476074219,309.154235839844,4
231,135,176.785720825195,528.0,644.293273925781,621.528869628906,3
275,108,91.9285736083984,627.0,628.308898925781,683.7890625,3
107,88,159.107147216797,101.357139587402,0.0,260.848907470703,4
132,40,0.0,114.321426391602,65.1670684814453,269.4365234375,4
67,89,174.428573608398,222.75,152.466339111328,256.555084228516,4
68,33,70.7142868041992,0.0,50.4122581481934,141.695693969727,4
70,85,87.2142868041992,0.0,54.100959777832,237.232955932617,4
317,76,584.571411132812,0.0,640.604553222656,145.989501953125,1
191,80,110.785713195801,241.607147216797,41.805290222168,273.730316162109,4
72,142,122.571426391602,22.3928565979004,0.0,197.515213012695,4
321,135,78.9642868041992,123.75,0.0,242.600204467773,4
72,211,132.0,295.821441650391,93.4471130371094,362.826873779297,4
189,116,88.3928604125977,216.857147216797,54.100959777832,291.97900390625,4
179,71,108.428573608398,70.7142868041992,30.7391834259033,236.15950012207,4
387,84,143.785720825195,143.785720825195,127.875,241.526763916016,4
67,85,0.0,202.714279174805,0.0,225.42497253418,4
246,93,531.535705566406,0.0,662.736755371094,305.933898925781,1
208,101,120.214286804199,0.0,147.548080444336,215.763900756836,4
87,38,0.0,3.53571438789368,0.0,276.95068359375,4
217,119,34.1785697937012,183.857147216797,0.0,303.786987304688,4
358,63,562.178588867188,0.0,545.927856445312,241.526763916016,1
82,75,0.0,0.0,31.96875,310.227691650391,4
235,72,47.1428565979004,11.7857141494751,188.123794555664,255.481643676758,4
93,41,15.3214282989502,0.0,0.0,268.363067626953,4
119,88,94.2857131958008,63.6428565979004,234.847351074219,349.945434570312,4
73,78,12.9642858505249,80.1428604125977,11.0661058425903,130.961181640625,4
85,59,0.0,114.321426391602,52.871395111084,0.0,4
216,40,120.214286804199,81.3214263916016,109.431488037109,0.0,4
316,132,0.0,142.607147216797,114.349761962891,262.995788574219,4
116,46,107.25,234.535720825195,15.984375,313.448059082031,4
121,19,70.7142868041992,61.2857131958008,0.0,134.181533813477,4
168,54,0.0,0.0,83.610580444336,168.531997680664,4
258,180,0.0,29.4642848968506,161.073318481445,291.97900390625,4
242,85,62.4642868041992,22.3928565979004,130.334136962891,184.6337890625,4
148,53,35.3571434020996,130.821426391602,211.485580444336,0.0,4
81,399,0.0,0.0,122.956733703613,50.4522552490234,4
83,6,61.2857131958008,91.9285736083984,147.548080444336,250.114379882812,4
324,107,81.3214263916016,48.3214302062988,122.956733703613,151.35676574707,4
127,189,241.607147216797,96.6428604125977,225.010818481445,247.967468261719,2
289,156,110.785713195801,90.75,247.143035888672,223.278076171875,4
177,81,45.9642868041992,337.071441650391,584.044494628906,640.851013183594,3
202,173,248.678573608398,240.428573608398,137.711532592773,343.504730224609,2
81,203,53.0357131958008,137.892852783203,0.0,148.136413574219,4
70,24,0.0,113.142860412598,0.0,289.832122802734,4
211,111,161.464279174805,601.071411132812,620.931518554688,634.410278320312,3
81,54,63.6428565979004,0.0,210.256011962891,152.430221557617,4
148,72,161.464279174805,0.0,193.042068481445,105.198318481445,4
182,57,529.178588867188,95.4642868041992,761.102172851562,288.758666992188,1
140,79,25.9285717010498,0.0,121.727165222168,56.8929710388184,4
107,53,449.035705566406,0.0,681.180297851562,256.555084228516,1
336,100,36.5357131958008,16.5,147.548080444336,162.091293334961,4
69,100,57.75,110.785713195801,0.0,18.2486877441406,4
245,130,182.678573608398,0.0,70.085334777832,220.057708740234,4
100,178,315.857147216797,312.321441650391,318.457946777344,368.194122314453,2
425,101,636.428588867188,0.0,659.048095703125,177.11962890625,1
438,206,272.25,307.607147216797,272.963928222656,384.2958984375,2
509,280,338.25,373.607147216797,226.240386962891,221.131164550781,2
243,140,123.75,127.285713195801,217.633407592773,344.578186035156,4
440,136,96.6428604125977,89.5714263916016,197.960342407227,145.989501953125,4
213,68,511.5,126.107139587402,622.161071777344,215.763900756836,1
107,87,576.321411132812,177.964279174805,743.888244628906,193.221405029297,1
166,229,239.25,287.571441650391,218.862976074219,302.713531494141,2
341,106,137.892852783203,7.07142877578735,40.5757217407227,0.0,4
437,97,149.678573608398,624.642883300781,531.173095703125,656.952758789062,3
305,112,128.464279174805,570.428588867188,591.421875,583.9580078125,3
81,29,0.0,64.8214263916016,0.0,242.600204467773,4
395,131,597.535705566406,0.0,445.103363037109,181.413436889648,1
91,59,0.0,0.0,225.010818481445,74.0682067871094,4
142,83,0.0,275.785705566406,193.042068481445,316.668426513672,4
227,123,60.1071434020996,380.678558349609,603.717529296875,661.24658203125,3
278,166,624.642883300781,104.892860412598,748.806518554688,252.261276245117,1
179,75,480.857147216797,14.1428575515747,563.141845703125,46.158447265625,1
406,120,605.785705566406,159.107147216797,661.507202148438,144.916061401367,1
97,112,245.142852783203,190.928573608398,296.325714111328,299.493194580078,2
164,88,23.5714282989502,162.642852783203,185.664657592773,150.283309936523,4
302,113,99.0,573.964294433594,670.114196777344,690.229797363281,3
60,185,0.0,5.89285707473755,41.805290222168,326.329498291016,4
63,132,126.107139587402,175.607147216797,103.283653259277,220.057708740234,4
263,124,99.0,231.0,279.111785888672,278.024139404297,4
290,139,21.2142848968506,7.07142877578735,661.507202148438,128.814270019531,4
101,123,280.5,119.035713195801,191.8125,270.509979248047,2
129,95,37.7142868041992,71.8928604125977,78.6923065185547,311.301147460938,4
203,118,601.071411132812,84.8571395874023,743.888244628906,143.84260559082,1
273,91,0.0,0.0,157.384613037109,46.158447265625,4
147,35,97.8214263916016,114.321426391602,103.283653259277,158.870941162109,4
149,71,0.0,212.142852783203,34.4278831481934,212.543548583984,4
347,65,89.5714263916016,162.642852783203,0.0,78.3620147705078,4
167,109,0.0,5.89285707473755,126.645431518555,169.605453491211,4
171,41,66.0,103.714286804199,0.0,205.029388427734,4
478,145,83.6785736083984,4.7142858505249,0.0,167.458557128906,4
83,27,9.4285717010498,0.0,0.0,206.102828979492,4
76,31,0.0,97.8214263916016,142.629806518555,340.284362792969,4
410,122,0.0,180.321426391602,41.805290222168,340.284362792969,4
85,82,176.785720825195,188.571426391602,38.116584777832,287.685211181641,4
196,194,236.892852783203,331.178558349609,62.7079315185547,307.007354736328,2
95,54,123.75,0.0,0.0,231.865692138672,4
60,30,28.2857151031494,103.714286804199,184.435089111328,193.221405029297,4
174,104,0.0,96.6428604125977,134.022842407227,293.052459716797,4
245,158,231.0,445.5,654.129821777344,668.7607421875,3
371,84,113.142860412598,101.357139587402,9.83653831481934,234.012588500977,4
209,86,0.0,20.0357151031494,39.3461532592773,13.9548797607422,4
69,88,71.8928604125977,93.1071395874023,81.1514434814453,172.825805664062,4
94,43,0.0,0.0,23.3617782592773,194.294860839844,4
59,124,0.0,0.0,0.0,11.8079748153687,4
228,123,201.535720825195,220.392852783203,12.2956733703613,305.933898925781,4
204,243,201.535720825195,222.75,217.633407592773,329.549835205078,4
107,108,0.0,0.0,0.0,206.102828979492,4
338,232,188.571426391602,129.642852783203,82.3810119628906,273.730316162109,4
525,143,11.7857141494751,799.071411132812,662.736755371094,796.501586914062,3
257,121,119.035713195801,406.607147216797,596.340148925781,692.376708984375,3
373,73,0.0,5.89285707473755,86.069709777832,199.662124633789,4
300,93,119.035713195801,63.6428565979004,134.022842407227,62.2602310180664,4
84,77,128.464279174805,0.0,86.069709777832,294.125915527344,4
403,104,616.392883300781,28.2857151031494,711.919494628906,295.199371337891,1
476,106,101.357139587402,680.035705566406,703.3125,699.890869140625,3
160,189,33.0,0.0,54.100959777832,269.4365234375,4
357,98,537.428588867188,176.785720825195,682.409851074219,0.0,1
163,91,135.535720825195,232.178573608398,158.614181518555,370.341033935547,4
279,94,154.392852783203,414.857147216797,624.620178222656,654.805847167969,3
720,311,690.642883300781,365.357147216797,745.117797851562,337.063995361328,1
107,272,29.4642848968506,223.928573608398,0.0,0.0,4
82,47,66.0,0.0,0.0,272.656860351562,4
137,61,443.142852783203,180.321426391602,625.849731445312,177.11962890625,1
192,104,167.357147216797,0.0,0.0,0.0,4
517,123,637.607116699219,0.0,666.425476074219,100.904510498047,1
209,62,0.0,0.0,0.0,261.92236328125,4
170,82,0.0,0.0,136.481964111328,139.548797607422,4
215,146,124.928573608398,576.321411132812,619.701904296875,713.845764160156,3
111,92,0.0,0.0,0.0,92.31689453125,4
196,83,0.0,86.0357131958008,135.252410888672,286.611755371094,4
400,88,187.392852783203,62.4642868041992,0.0,304.860443115234,4
237,49,50.6785697937012,15.3214282989502,165.991592407227,282.317932128906,4
333,77,597.535705566406,109.607139587402,667.655029296875,4.29380893707275,1
178,116,64.8214263916016,97.8214263916016,205.337738037109,343.504730224609,4
210,105,579.857116699219,9.4285717010498,652.900268554688,270.509979248047,1
239,160,167.357147216797,96.6428604125977,170.909851074219,355.312683105469,4
302,83,565.714294433594,75.4285736083984,684.869018554688,201.809020996094,1
110,38,0.0,0.0,154.925476074219,133.10807800293,4
69,51,0.0,102.535713195801,0.0,294.125915527344,4
79,45,36.5357131958008,23.5714282989502,0.0,71.9213027954102,4
102,63,536.25,0.0,682.409851074219,184.6337890625,1
73,75,0.0,77.7857131958008,159.84375,163.164749145508,4
126,87,51.8571434020996,88.3928604125977,67.626205444336,338.137451171875,4
68,29,0.0,69.5357131958008,39.3461532592773,143.84260559082,4
141,63,57.75,88.3928604125977,170.909851074219,190.001052856445,4
60,47,62.4642868041992,121.392860412598,0.0,141.695693969727,4
63,28,76.6071395874023,242.785720825195,11.0661058425903,0.0,4
224,110,497.357147216797,195.642852783203,586.503601074219,274.803771972656,1
118,50,31.8214282989502,0.0,184.435089111328,178.193069458008,4
276,66,515.035705566406,55.3928565979004,643.063720703125,173.899261474609,1
86,133,108.428573608398,160.285720825195,23.3617782592773,12.8814268112183,4
354,134,133.178573608398,272.25,115.579330444336,275.877227783203,4
79,43,0.0,0.0,183.205535888672,63.333683013916,4
276,127,58.9285697937012,83.6785736083984,169.680282592773,374.634826660156,4
87,416,80.1428604125977,0.0,170.909851074219,152.430221557617,4
105,312,142.607147216797,214.5,263.127410888672,187.854141235352,4
652,196,273.428558349609,0.0,0.0,252.261276245117,2
368,54,104.892860412598,116.678573608398,9.83653831481934,154.577117919922,4
196,103,111.964286804199,218.035720825195,184.435089111328,183.560333251953,4
367,104,629.357116699219,241.607147216797,614.783630371094,299.493194580078,1
181,103,115.5,74.25,196.730773925781,108.418678283691,4
65,24,0.0,0.0,111.890625,286.611755371094,4
237,98,15.3214282989502,30.6428565979004,93.4471130371094,286.611755371094,4
235,103,161.464279174805,505.607147216797,656.588928222656,656.952758789062,3
152,113,0.0,213.321426391602,264.356964111328,293.052459716797,4
117,45,485.571441650391,187.392852783203,561.912231445312,136.328430175781,1
413,95,604.607116699219,37.7142868041992,598.799255371094,149.209869384766,1
177,222,228.642852783203,314.678558349609,197.960342407227,381.075561523438,2
103,40,0.0,16.5,102.054084777832,254.408187866211,4
374,108,603.428588867188,0.0,574.207946777344,246.894012451172,1
149,65,510.321441650391,23.5714282989502,622.161071777344,222.204620361328,1
297,56,55.3928565979004,601.071411132812,504.122589111328,673.054565429688,3
202,127,162.642852783203,652.928588867188,727.903869628906,718.139587402344,3
208,135,167.357147216797,169.714279174805,252.061294555664,275.877227783203,4
68,123,0.0,0.0,0.0,111.639038085938,4
272,108,143.785720825195,93.1071395874023,221.322113037109,0.0,4
315,99,182.678573608398,426.642852783203,606.176696777344,647.291687011719,3
319,58,590.464294433594,58.9285697937012,581.585327148438,205.029388427734,1
236,113,109.607139587402,7.07142877578735,0.0,296.272827148438,4
265,158,30.6428565979004,0.0,62.7079315185547,287.685211181641,4
238,145,0.0,35.3571434020996,206.567306518555,93.3903427124023,4
232,81,31.8214282989502,9.4285717010498,110.661056518555,154.577117919922,4
359,135,51.8571434020996,23.5714282989502,0.0,310.227691650391,4
211,131,110.785713195801,406.607147216797,595.110595703125,715.99267578125,3
357,112,629.357116699219,265.178558349609,654.129821777344,163.164749145508,1
60,38,0.0,0.0,0.0,250.114379882812,4
177,103,569.25,0.0,645.522827148438,304.860443115234,1
300,99,62.4642868041992,235.714279174805,100.824516296387,135.254989624023,4
161,102,537.428588867188,57.75,763.561279296875,215.763900756836,1
235,93,143.785720825195,192.107147216797,239.765625,272.656860351562,4
134,137,0.0,146.142852783203,122.956733703613,155.650573730469,4
220,98,86.0357131958008,99.0,3.68870186805725,182.486877441406,4
143,286,162.642852783203,0.0,93.4471130371094,188.927597045898,4
97,278,0.0,108.428573608398,78.6923065185547,178.193069458008,4
141,289,93.1071395874023,185.035720825195,233.617782592773,224.351516723633,4
424,108,651.75,0.0,597.569702148438,229.718780517578,1
451,163,109.607139587402,637.607116699219,543.46875,693.450134277344,3
69,49,25.9285717010498,190.928573608398,0.0,192.14794921875,4
152,40,14.1428575515747,153.214279174805,87.2992782592773,100.904510498047,4
344,75,536.25,0.0,603.717529296875,193.221405029297,1
100,44,0.0,135.535720825195,145.088943481445,0.0,4
194,56,457.285705566406,0.0,652.900268554688,148.136413574219,1
136,109,571.607116699219,67.1785736083984,710.689880371094,324.182586669922,1
145,61,491.464294433594,73.0714263916016,683.639404296875,2.14690446853638,1
61,42,0.0,0.0,127.875,0.0,4
231,124,91.9285736083984,518.571411132812,602.487976074219,703.111206054688,3
467,91,598.714294433594,136.714279174805,675.032470703125,200.735565185547,1
80,27,0.0,0.0,108.201919555664,264.069244384766,4
160,52,1.17857146263123,0.0,62.7079315185547,241.526763916016,4
79,224,0.0,61.2857131958008,54.100959777832,228.645324707031,4
202,140,50.6785697937012,242.785720825195,0.0,302.713531494141,4
269,89,93.1071395874023,143.785720825195,130.334136962891,0.0,4
99,108,12.9642858505249,0.0,87.2992782592773,90.1699905395508,4
244,326,357.107147216797,383.035705566406,254.520431518555,416.499481201172,2
136,83,0.0,149.678573608398,0.0,200.735565185547,4
410,86,638.785705566406,106.071426391602,668.884643554688,229.718780517578,1
66,30,0.0,203.892852783203,49.1826934814453,88.0230865478516,4
157,75,559.821411132812,107.25,745.117797851562,149.209869384766,1
130,144,261.642852783203,355.928558349609,163.532455444336,310.227691650391,2
307,150,24.75,241.607147216797,184.435089111328,0.0,4
421,129,54.2142868041992,177.964279174805,54.100959777832,361.75341796875,4
359,96,557.464294433594,0.0,711.919494628906,214.690444946289,1
107,155,132.0,239.25,260.668273925781,286.611755371094,4
145,70,0.0,165.0,88.5288467407227,59.0398750305176,4
65,156,84.8571395874023,24.75,0.0,194.294860839844,4
248,96,56.5714302062988,0.0,71.3149032592773,257.628540039062,4
221,135,113.142860412598,210.964279174805,132.793273925781,249.040924072266,4
196,83,183.857147216797,0.0,33.1983184814453,200.735565185547,4
60,16,0.0,134.357147216797,9.83653831481934,208.249740600586,4
197,121,25.9285717010498,231.0,83.610580444336,249.040924072266,4
65,29,42.4285697937012,0.0,0.0,240.453308105469,4
106,23,0.0,132.0,0.0,274.803771972656,4
277,83,575.142883300781,66.0,704.542053222656,177.11962890625,1
203,418,25.9285717010498,2.35714292526245,51.6418266296387,154.577117919922,4
65,81,0.0,0.0,0.0,258.701995849609,4
257,163,107.25,624.642883300781,671.34375,696.670532226562,3
84,181,41.25,48.3214302062988,50.4122581481934,167.458557128906,4
60,28,29.4642848968506,0.0,207.796875,226.498428344727,4
196,117,81.3214263916016,649.392883300781,707.001220703125,700.964294433594,3
407,127,608.142883300781,0.0,686.098571777344,265.142700195312,1
268,140,156.75,485.571441650391,743.888244628906,645.144775390625,3
199,58,83.6785736083984,24.75,165.991592407227,144.916061401367,4
60,129,0.0,0.0,173.368988037109,235.086044311523,4
199,115,144.964279174805,28.2857151031494,62.7079315185547,206.102828979492,4
129,129,0.0,110.785713195801,68.8557662963867,89.0965347290039,4
88,72,0.0,69.5357131958008,78.6923065185547,28.983211517334,4
111,54,17.6785717010498,23.5714282989502,24.5913467407227,234.012588500977,4
116,48,0.0,0.0,0.0,127.740821838379,4
70,120,41.25,9.4285717010498,83.610580444336,305.933898925781,4
172,61,0.0,192.107147216797,138.941101074219,135.254989624023,4
294,574,0.0,107.25,35.6574516296387,137.401885986328,4
149,86,119.035713195801,0.0,274.193511962891,323.109130859375,4
192,241,241.607147216797,365.357147216797,115.579330444336,312.374603271484,2
64,53,0.0,117.857139587402,99.594955444336,275.877227783203,4
301,156,0.0,194.464279174805,90.9879837036133,294.125915527344,4
180,85,91.9285736083984,143.785720825195,225.010818481445,136.328430175781,4
230,116,96.6428604125977,0.0,100.824516296387,132.034622192383,4
386,81,551.571411132812,0.0,686.098571777344,113.785942077637,1
169,153,321.75,311.142852783203,244.683898925781,325.256042480469,2
345,85,605.785705566406,49.5,619.701904296875,93.3903427124023,1
340,109,90.75,414.857147216797,667.655029296875,636.557189941406,3
75,141,21.2142848968506,216.857147216797,46.7235565185547,280.171051025391,4
163,127,192.107147216797,222.75,57.789665222168,290.905548095703,4
90,118,127.285713195801,0.0,97.1358184814453,127.740821838379,4
216,58,89.5714263916016,500.892852783203,536.091369628906,641.924438476562,3
191,90,0.0,588.107116699219,660.277648925781,658.026245117188,3
127,72,0.0,87.2142868041992,29.509614944458,273.730316162109,4
230,121,69.5357131958008,631.714294433594,635.686279296875,694.523620605469,3
69,84,0.0,0.0,86.069709777832,142.769149780273,4
156,84,546.857116699219,0.0,702.082946777344,203.955932617188,1
83,59,64.8214263916016,174.428573608398,39.3461532592773,210.396636962891,4
67,95,0.0,4.7142858505249,67.626205444336,242.600204467773,4
93,72,130.821426391602,174.428573608398,154.925476074219,114.859390258789,4
333,121,132.0,107.25,110.661056518555,257.628540039062,4
142,54,58.9285697937012,25.9285717010498,222.551681518555,241.526763916016,4
85,69,115.5,69.5357131958008,35.6574516296387,281.244476318359,4
105,49,0.0,0.0,0.0,237.232955932617,4
229,266,173.25,294.642852783203,216.403839111328,363.900329589844,4
422,129,194.464279174805,218.035720825195,114.349761962891,258.701995849609,4
395,105,654.107116699219,137.892852783203,622.161071777344,21.4690456390381,1
163,82,70.7142868041992,561.0,641.834106445312,627.969543457031,3
131,16,41.25,77.7857131958008,102.054084777832,155.650573730469,4
60,25,0.0,28.2857151031494,110.661056518555,119.153198242188,4
328,74,50.6785697937012,605.785705566406,553.305297851562,710.625366210938,3
171,94,0.0,81.3214263916016,11.0661058425903,187.854141235352,4
111,367,45.9642868041992,117.857139587402,0.0,214.690444946289,4
174,84,45.9642868041992,188.571426391602,585.274047851562,199.662124633789,4
268,126,133.178573608398,0.0,173.368988037109,272.656860351562,4
85,340,0.0,102.535713195801,0.0,93.3903427124023,4
284,68,553.928588867188,115.5,688.557678222656,2.14690446853638,1
259,203,159.107147216797,127.285713195801,249.602157592773,577.517333984375,3
283,128,662.357116699219,331.178558349609,703.3125,411.132202148438,1
186,43,47.1428565979004,0.0,240.995193481445,60.1133270263672,4
98,62,122.571426391602,0.0,0.0,252.261276245117,4
524,182,280.5,317.035705566406,172.139419555664,235.086044311523,2
319,81,550.392883300781,193.285720825195,721.755981445312,282.317932128906,1
153,100,122.571426391602,30.6428565979004,0.0,254.408187866211,4
125,186,173.25,34.1785697937012,146.318511962891,223.278076171875,4
59,66,0.0,155.571426391602,0.0,225.42497253418,4
88,77,0.0,121.392860412598,217.633407592773,155.650573730469,4
342,98,54.2142868041992,50.6785697937012,282.800476074219,159.944381713867,4
229,221,320.571441650391,286.392852783203,271.734375,387.516265869141,2
193,89,14.1428575515747,185.035720825195,141.400238037109,228.645324707031,4
377,96,619.928588867188,139.071426391602,647.981994628906,226.498428344727,1
115,125,142.607147216797,186.214279174805,66.3966369628906,179.266525268555,4
64,104,0.0,15.3214282989502,79.921875,239.379852294922,4
133,59,94.2857131958008,176.785720825195,0.0,124.520462036133,4
242,122,63.6428565979004,80.1428604125977,157.384613037109,341.357818603516,4
272,81,9.4285717010498,529.178588867188,619.701904296875,647.291687011719,3
136,147,0.0,141.428573608398,7.3774037361145,255.481643676758,4
118,347,0.0,213.321426391602,104.513221740723,236.15950012207,4
393,84,0.0,189.75,131.563705444336,42.9380912780762,4
240,135,116.678573608398,272.25,18.443510055542,296.272827148438,4
111,50,0.0,20.0357151031494,134.022842407227,194.294860839844,4
130,87,120.214286804199,241.607147216797,51.6418266296387,310.227691650391,4
151,65,0.0,36.5357131958008,98.3653869628906,136.328430175781,4
134,51,0.0,53.0357131958008,200.419464111328,235.086044311523,4
263,139,182.678573608398,142.607147216797,190.582931518555,0.0,4
424,110,0.0,0.0,163.532455444336,218.984252929688,4
133,70,133.178573608398,160.285720825195,99.594955444336,330.623291015625,4
169,91,7.07142877578735,182.678573608398,188.123794555664,199.662124633789,4
162,42,358.285705566406,0.0,478.301696777344,203.955932617188,2
207,93,199.178573608398,201.535720825195,111.890625,109.492126464844,4
61,34,0.0,0.0,17.2139415740967,231.865692138672,4
150,101,176.785720825195,128.464279174805,145.088943481445,267.289611816406,4
198,104,0.0,133.178573608398,260.668273925781,206.102828979492,4
360,126,200.357147216797,774.321411132812,616.013244628906,765.371459960938,3
112,102,0.0,0.0,143.859375,108.418678283691,4
236,58,87.2142868041992,133.178573608398,4.91826915740967,202.882476806641,4
161,39,0.0,95.4642868041992,2.45913457870483,214.690444946289,4
66,52,0.0,0.0,0.0,191.074508666992,4
221,130,87.2142868041992,225.107147216797,323.376190185547,205.029388427734,4
159,170,312.321441650391,330.0,274.193511962891,288.758666992188,2
190,84,0.0,48.3214302062988,180.746398925781,158.870941162109,4
67,37,0.0,27.1071434020996,14.754807472229,132.034622192383,4
268,167,0.0,134.357147216797,150.007217407227,251.18782043457,4
416,144,22.3928565979004,206.25,124.186294555664,201.809020996094,4
149,101,609.321411132812,162.642852783203,734.051696777344,293.052459716797,1
234,128,552.75,0.0,629.538452148438,281.244476318359,1
434,103,14.1428575515747,102.535713195801,0.0,0.0,4
242,179,0.0,63.6428565979004,0.0,264.069244384766,4
305,79,559.821411132812,0.0,495.515625,254.408187866211,1
65,14,47.1428565979004,165.0,249.602157592773,212.543548583984,4
244,133,126.107139587402,71.8928604125977,38.116584777832,265.142700195312,4
142,80,0.0,69.5357131958008,127.875,242.600204467773,4
106,118,553.928588867188,298.178558349609,731.592529296875,245.820571899414,1
103,80,0.0,249.857147216797,98.3653869628906,148.136413574219,4
159,75,513.857116699219,242.785720825195,659.048095703125,232.93913269043,1
226,279,167.357147216797,304.071441650391,141.400238037109,317.741882324219,4
256,80,68.3571395874023,115.5,104.513221740723,355.312683105469,4
153,155,300.535705566406,245.142852783203,196.730773925781,234.012588500977,2
580,187,175.607147216797,744.857116699219,655.359375,806.162658691406,3
524,132,106.071426391602,0.0,81.1514434814453,261.92236328125,4
60,234,97.8214263916016,133.178573608398,125.415863037109,261.92236328125,4
139,98,129.642852783203,161.464279174805,145.088943481445,211.470092773438,4
204,113,0.0,108.428573608398,66.3966369628906,249.040924072266,4
229,88,0.0,22.3928565979004,143.859375,114.859390258789,4
93,68,438.428558349609,0.0,485.679077148438,323.109130859375,1
158,57,0.0,0.0,0.0,247.967468261719,4
208,125,157.928573608398,0.0,0.0,207.176284790039,4
91,94,2.35714292526245,0.0,108.201919555664,294.125915527344,4
325,96,516.214294433594,0.0,536.091369628906,278.024139404297,1
203,114,75.4285736083984,243.964279174805,54.100959777832,247.967468261719,4
209,71,170.892852783203,81.3214263916016,147.548080444336,284.46484375,4
132,173,54.2142868041992,93.1071395874023,67.626205444336,186.780685424805,4
216,417,242.785720825195,287.571441650391,311.080535888672,291.97900390625,2
446,161,113.142860412598,234.535720825195,89.758415222168,16.1017837524414,4
342,86,583.392883300781,93.1071395874023,565.600952148438,302.713531494141,1
154,277,226.285720825195,258.107147216797,274.193511962891,358.533050537109,2
511,109,57.75,658.821411132812,529.943481445312,773.959106445312,3
118,40,20.0357151031494,0.0,0.0,135.254989624023,4
82,41,0.0,202.714279174805,161.073318481445,132.034622192383,4
179,260,267.535705566406,312.321441650391,247.143035888672,355.312683105469,2
105,264,312.321441650391,319.392852783203,135.252410888672,343.504730224609,2
297,97,101.357139587402,208.607147216797,72.5444717407227,289.832122802734,4
97,187,0.0,106.071426391602,109.431488037109,311.301147460938,4
221,121,0.0,192.107147216797,8.60697078704834,0.0,4
153,99,117.857139587402,552.75,708.230773925781,661.24658203125,3
231,132,111.964286804199,255.75,49.1826934814453,333.843658447266,4
232,102,163.821426391602,53.0357131958008,68.8557662963867,310.227691650391,4
151,66,533.892883300781,0.0,727.903869628906,241.526763916016,1
299,180,0.0,9.4285717010498,88.5288467407227,120.226654052734,4
82,96,29.4642848968506,51.8571434020996,118.038459777832,188.927597045898,4
438,111,58.9285697937012,273.428558349609,49.1826934814453,84.8027267456055,4
139,64,522.107116699219,200.357147216797,666.425476074219,137.401885986328,1
201,117,18.8571434020996,0.0,138.941101074219,333.843658447266,4
154,208,241.607147216797,345.321441650391,146.318511962891,224.351516723633,2
217,133,29.4642848968506,255.75,15.984375,237.232955932617,4
74,146,0.0,0.0,0.0,210.396636962891,4
503,139,614.035705566406,111.964286804199,659.048095703125,197.515213012695,1
86,37,0.0,96.6428604125977,0.0,256.555084228516,4
247,263,340.607147216797,337.071441650391,275.423065185547,341.357818603516,2
205,130,28.2857151031494,606.964294433594,622.161071777344,706.331604003906,3
205,78,509.142852783203,48.3214302062988,694.705505371094,283.391387939453,1
218,514,66.0,299.357147216797,193.042068481445,252.261276245117,4
87,135,0.0,48.3214302062988,0.0,236.15950012207,4
145,52,38.8928565979004,0.0,0.0,202.882476806641,4
111,122,37.7142868041992,182.678573608398,150.007217407227,184.6337890625,4
94,36,0.0,0.0,44.2644233703613,54.7460632324219,4
74,110,0.0,160.285720825195,0.0,256.555084228516,4
347,73,572.785705566406,128.464279174805,649.211547851562,35.4239234924316,1
139,55,0.0,154.392852783203,14.754807472229,194.294860839844,4
136,71,0.0,43.6071434020996,240.995193481445,0.0,4
278,186,83.6785736083984,130.821426391602,2.45913457870483,291.97900390625,4
125,82,0.0,199.178573608398,0.0,250.114379882812,4
129,152,255.75,284.035705566406,90.9879837036133,246.894012451172,2
135,206,115.5,87.2142868041992,132.793273925781,231.865692138672,4
92,61,0.0,140.25,170.909851074219,165.311645507812,4
96,175,76.6071395874023,0.0,30.7391834259033,226.498428344727,4
112,82,529.178588867188,0.0,750.036071777344,254.408187866211,1
270,113,155.571426391602,97.8214263916016,46.7235565185547,301.640075683594,4
252,97,518.571411132812,0.0,693.475952148438,287.685211181641,1
92,66,0.0,0.0,120.497596740723,0.0,4
103,82,17.6785717010498,63.6428565979004,0.0,259.775451660156,4
300,96,606.964294433594,0.0,688.557678222656,180.339981079102,1
70,38,42.4285697937012,187.392852783203,0.0,223.278076171875,4
402,95,592.821411132812,0.0,590.192321777344,106.271774291992,1
176,198,247.5,276.964294433594,324.605773925781,284.46484375,2
76,104,103.714286804199,186.214279174805,121.727165222168,201.809020996094,4
309,124,0.0,223.928573608398,7.3774037361145,276.95068359375,4
246,104,113.142860412598,207.428573608398,148.777648925781,298.419738769531,4
267,137,90.75,48.3214302062988,0.0,331.696746826172,4
296,200,142.607147216797,223.928573608398,146.318511962891,197.515213012695,4
221,130,198.0,213.321426391602,161.073318481445,310.227691650391,4
127,63,95.4642868041992,83.6785736083984,116.808891296387,279.097595214844,4
429,108,615.214294433594,199.178573608398,655.359375,198.588668823242,1
224,131,60.1071434020996,114.321426391602,0.0,311.301147460938,4
214,133,84.8571395874023,155.571426391602,0.0,370.341033935547,4
181,81,543.321411132812,28.2857151031494,574.207946777344,163.164749145508,1
339,79,1.17857146263123,0.0,119.268028259277,235.086044311523,4
208,99,54.2142868041992,670.607116699219,659.048095703125,702.037780761719,3
183,153,93.1071395874023,103.714286804199,162.302886962891,125.593910217285,4
306,194,144.964279174805,111.964286804199,164.762023925781,268.363067626953,4
416,87,141.428573608398,0.0,197.960342407227,246.894012451172,4
103,100,0.0,0.0,120.497596740723,181.413436889648,4
425,98,616.392883300781,9.4285717010498,704.542053222656,185.707244873047,1
79,32,89.5714263916016,0.0,0.0,256.555084228516,4
417,108,155.571426391602,142.607147216797,157.384613037109,617.235046386719,3
140,93,160.285720825195,132.0,162.302886962891,294.125915527344,4
158,106,226.285720825195,221.571426391602,163.532455444336,307.007354736328,2
212,91,0.0,0.0,152.466339111328,143.84260559082,4
197,218,235.714279174805,285.214294433594,244.683898925781,311.301147460938,2
60,28,0.0,0.0,0.0,213.617004394531,4
59,28,77.7857131958008,2.35714292526245,97.1358184814453,178.193069458008,4
444,96,141.428573608398,700.071411132812,580.355773925781,720.286437988281,3
256,110,29.4642848968506,680.035705566406,661.507202148438,719.213012695312,3
114,31,0.0,106.071426391602,165.991592407227,20.3955936431885,4
334,113,31.8214282989502,0.0,292.637023925781,216.837356567383,4
242,117,535.071411132812,0.0,558.223571777344,227.571884155273,1
359,94,586.928588867188,24.75,592.651428222656,105.198318481445,1
120,125,76.6071395874023,187.392852783203,147.548080444336,268.363067626953,4
62,12,136.714279174805,0.0,194.271636962891,213.617004394531,4
72,53,0.0,193.285720825195,169.680282592773,0.0,4
272,236,239.25,325.285705566406,272.963928222656,301.640075683594,2
138,95,78.9642868041992,0.0,161.073318481445,352.092346191406,4
472,103,635.25,172.071426391602,630.768005371094,205.029388427734,1
81,224,0.0,90.75,0.0,266.216156005859,4
154,38,0.0,0.0,78.6923065185547,231.865692138672,4
197,116,77.7857131958008,149.678573608398,0.0,19.3221397399902,4
237,130,588.107116699219,152.035720825195,644.293273925781,145.989501953125,1
723,310,529.178588867188,280.5,720.526428222656,399.324249267578,1
252,137,104.892860412598,183.857147216797,162.302886962891,294.125915527344,4
263,150,89.5714263916016,232.178573608398,233.617782592773,249.040924072266,4
122,59,54.2142868041992,56.5714302062988,75.0036087036133,207.176284790039,4
152,276,279.321441650391,368.892852783203,201.649032592773,376.78173828125,2
414,100,584.571411132812,101.357139587402,592.651428222656,179.266525268555,1
308,62,22.3928565979004,665.892883300781,571.748779296875,676.27490234375,3
107,212,0.0,247.5,135.252410888672,134.181533813477,4
446,87,582.214294433594,0.0,672.573303222656,197.515213012695,1
242,97,0.0,22.3928565979004,8.60697078704834,266.216156005859,4
112,95,0.0,23.5714282989502,110.661056518555,167.458557128906,4
340,63,41.25,195.642852783203,125.415863037109,17.175235748291,4
102,24,35.3571434020996,61.2857131958008,212.715148925781,239.379852294922,4
66,68,9.4285717010498,0.0,44.2644233703613,140.62223815918,4
204,93,133.178573608398,165.0,143.859375,261.92236328125,4
149,94,102.535713195801,75.4285736083984,87.2992782592773,291.97900390625,4
208,129,49.5,10.6071424484253,216.403839111328,309.154235839844,4
173,97,117.857139587402,15.3214282989502,188.123794555664,0.0,4
117,154,104.892860412598,133.178573608398,18.443510055542,343.504730224609,4
135,92,0.0,0.0,0.0,141.695693969727,4
434,82,594.0,110.785713195801,606.176696777344,122.373558044434,1
228,119,100.178573608398,579.857116699219,659.048095703125,758.930725097656,3
202,104,25.9285717010498,476.142852783203,586.503601074219,696.670532226562,3
100,35,5.89285707473755,36.5357131958008,0.0,235.086044311523,4
265,69,49.5,16.5,0.0,270.509979248047,4
211,109,40.0714302062988,12.9642858505249,86.069709777832,288.758666992188,4
83,36,49.5,0.0,0.0,135.254989624023,4
105,129,0.0,129.642852783203,137.711532592773,254.408187866211,4
111,29,9.4285717010498,42.4285697937012,95.90625,169.605453491211,4
195,134,76.6071395874023,247.5,194.271636962891,340.284362792969,4
189,66,50.6785697937012,223.928573608398,43.034854888916,223.278076171875,4
166,90,66.0,78.9642868041992,76.233169555664,193.221405029297,4
190,102,221.571426391602,219.214279174805,292.637023925781,369.267578125,2
412,149,70.7142868041992,648.214294433594,618.472351074219,748.196228027344,3
238,104,569.25,108.428573608398,748.806518554688,13.9548797607422,1
72,40,0.0,147.321426391602,174.598556518555,284.46484375,4
249,116,28.2857151031494,150.857147216797,46.7235565185547,293.052459716797,4
152,67,533.892883300781,206.25,681.180297851562,240.453308105469,1
116,25,87.2142868041992,139.071426391602,92.217544555664,186.780685424805,4
97,29,25.9285717010498,64.8214263916016,140.170669555664,105.198318481445,4
179,124,28.2857151031494,153.214279174805,118.038459777832,285.538299560547,4
204,150,0.0,0.0,258.209136962891,283.391387939453,4
209,67,20.0357151031494,126.107139587402,213.944717407227,297.346282958984,4
59,49,83.6785736083984,0.0,132.793273925781,261.92236328125,4
278,101,21.2142848968506,0.0,38.116584777832,109.492126464844,4
175,96,0.0,55.3928565979004,82.3810119628906,79.4354705810547,4
328,134,43.6071434020996,17.6785717010498,227.469955444336,104.124870300293,4
256,114,88.3928604125977,179.142852783203,34.4278831481934,203.955932617188,4
138,247,232.178573608398,420.75,111.890625,303.786987304688,2
286,61,0.0,0.0,17.2139415740967,0.0,4
106,155,0.0,267.535705566406,67.626205444336,180.339981079102,4
134,52,50.6785697937012,208.607147216797,25.8209133148193,114.859390258789,4
106,49,0.0,50.6785697937012,116.808891296387,133.10807800293,4
69,31,0.0,110.785713195801,90.9879837036133,229.718780517578,4
289,68,41.25,585.75,593.880981445312,661.24658203125,3
123,131,177.964279174805,469.071441650391,527.484375,587.178405761719,3
298,156,156.75,226.285720825195,57.789665222168,318.815307617188,4
233,134,0.0,0.0,177.057693481445,245.820571899414,4
332,75,558.642883300781,0.0,639.375,0.0,1
204,85,81.3214263916016,162.642852783203,419.282440185547,106.271774291992,4
177,42,0.0,0.0,145.088943481445,89.0965347290039,4
434,103,150.857147216797,187.392852783203,191.8125,285.538299560547,4
72,50,0.0,153.214279174805,31.96875,0.0,4
424,104,608.142883300781,233.357147216797,582.814880371094,384.2958984375,1
224,208,542.142883300781,278.142852783203,700.853393554688,303.786987304688,1
324,119,95.4642868041992,0.0,234.847351074219,206.102828979492,4
333,108,109.607139587402,181.5,67.626205444336,335.990570068359,4
78,15,0.0,80.1428604125977,0.0,191.074508666992,4
137,121,153.214279174805,139.071426391602,119.268028259277,254.408187866211,4
289,125,132.0,0.0,0.0,0.0,4
312,66,557.464294433594,114.321426391602,580.355773925781,118.079750061035,1
271,184,129.642852783203,149.678573608398,207.796875,188.927597045898,4
220,95,109.607139587402,156.75,118.038459777832,169.605453491211,4
150,91,110.785713195801,536.25,597.569702148438,708.478515625,3
81,47,0.0,0.0,122.956733703613,0.0,4
234,146,43.6071434020996,3.53571438789368,62.7079315185547,343.504730224609,4
67,20,0.0,141.428573608398,0.0,264.069244384766,4
117,145,136.714279174805,326.464294433594,83.610580444336,355.312683105469,4
142,77,0.0,0.0,115.579330444336,197.515213012695,4
79,51,0.0,0.0,0.0,202.882476806641,4
307,120,180.321426391602,71.8928604125977,140.170669555664,329.549835205078,4
156,59,139.071426391602,0.0,130.334136962891,362.826873779297,4
170,70,51.8571434020996,74.25,65.1670684814453,286.611755371094,4
288,140,67.1785736083984,242.785720825195,56.5600967407227,229.718780517578,4
99,102,12.9642858505249,173.25,38.116584777832,330.623291015625,4
226,114,126.107139587402,117.857139587402,255.75,234.012588500977,4
154,43,8.25,0.0,233.617782592773,74.0682067871094,4
127,93,130.821426391602,238.071426391602,220.092544555664,357.459594726562,4
365,173,636.428588867188,147.321426391602,649.211547851562,159.944381713867,1
129,47,41.25,163.821426391602,220.092544555664,282.317932128906,4
191,71,272.25,102.535713195801,361.492797851562,338.137451171875,2
121,89,97.8214263916016,199.178573608398,49.1826934814453,0.0,4
215,117,0.0,398.357147216797,569.289672851562,680.568725585938,3
77,101,0.0,58.9285697937012,0.0,221.131164550781,4
124,78,562.178588867188,137.892852783203,609.865356445312,319.888763427734,1
178,127,107.25,127.285713195801,0.0,50.4522552490234,4
239,169,146.142852783203,109.607139587402,121.727165222168,374.634826660156,4
270,75,78.9642868041992,8.25,162.302886962891,295.199371337891,4
110,46,0.0,170.892852783203,76.233169555664,252.261276245117,4
379,315,295.821441650391,386.571441650391,259.438690185547,377.855194091797,2
381,81,572.785705566406,166.178573608398,585.274047851562,156.724029541016,1
60,201,5.89285707473755,0.0,111.890625,213.617004394531,4
210,107,25.9285717010498,94.2857131958008,30.7391834259033,229.718780517578,4
128,144,60.1071434020996,176.785720825195,0.0,249.040924072266,4
170,81,134.357147216797,22.3928565979004,78.6923065185547,16.1017837524414,4
64,23,76.6071395874023,143.785720825195,56.5600967407227,242.600204467773,4
180,316,311.142852783203,377.142852783203,324.605773925781,422.940185546875,2
142,52,93.1071395874023,10.6071424484253,75.0036087036133,313.448059082031,4
304,88,73.0714263916016,58.9285697937012,199.189910888672,148.136413574219,4
67,195,0.0,48.3214302062988,138.941101074219,278.024139404297,4
104,41,0.0,0.0,56.5600967407227,239.379852294922,4
357,147,111.964286804199,107.25,204.108169555664,357.459594726562,4
69,18,54.2142868041992,0.0,0.0,36.4973754882812,4
289,101,96.6428604125977,611.678588867188,655.359375,663.393493652344,3
321,336,234.535720825195,308.785705566406,179.516830444336,223.278076171875,2
135,182,251.035720825195,292.285705566406,266.816101074219,327.402923583984,2
175,217,334.714294433594,340.607147216797,270.504821777344,381.075561523438,2
61,27,0.0,54.2142868041992,110.661056518555,149.209869384766,4
210,108,169.714279174805,119.035713195801,30.7391834259033,358.533050537109,4
87,27,0.0,222.75,115.579330444336,252.261276245117,4
172,119,144.964279174805,176.785720825195,215.174285888672,202.882476806641,4
191,82,550.392883300781,33.0,718.067321777344,36.4973754882812,1
419,113,154.392852783203,135.535720825195,161.073318481445,289.832122802734,4
349,88,133.178573608398,0.0,0.0,163.164749145508,4
206,114,109.607139587402,104.892860412598,180.746398925781,330.623291015625,4
240,137,506.785705566406,188.571426391602,554.534851074219,347.798522949219,1
85,237,0.0,0.0,0.0,222.204620361328,4
252,107,147.321426391602,99.0,105.742790222168,244.747116088867,4
216,101,95.4642868041992,529.178588867188,646.752380371094,722.433349609375,3
185,101,133.178573608398,120.214286804199,72.5444717407227,176.046173095703,4
173,124,106.071426391602,99.0,65.1670684814453,284.46484375,4
178,79,144.964279174805,231.0,104.513221740723,339.210906982422,4
108,451,121.392860412598,49.5,0.0,222.204620361328,4
277,160,109.607139587402,82.5,169.680282592773,217.91081237793,4
61,33,101.357139587402,73.0714263916016,131.563705444336,208.249740600586,4
93,240,309.964294433594,338.25,250.831726074219,408.985321044922,2
93,219,266.357147216797,287.571441650391,298.784851074219,381.075561523438,2
346,106,119.035713195801,54.2142868041992,185.664657592773,152.430221557617,4
82,122,0.0,222.75,0.0,278.024139404297,4
511,197,180.321426391602,351.214294433594,122.956733703613,575.370422363281,3
135,241,200.357147216797,175.607147216797,152.466339111328,259.775451660156,4
159,74,115.5,54.2142868041992,140.170669555664,257.628540039062,4
122,68,0.0,109.607139587402,0.0,234.012588500977,4
82,176,86.0357131958008,174.428573608398,126.645431518555,322.035675048828,4
76,191,260.464294433594,295.821441650391,109.431488037109,342.431274414062,2
84,62,0.0,0.0,0.0,253.334732055664,4
243,123,84.8571395874023,610.5,719.296875,741.755493164062,3
495,119,49.5,0.0,232.388214111328,214.690444946289,4
109,56,0.0,133.178573608398,22.1322116851807,235.086044311523,4
95,84,0.0,0.0,79.921875,212.543548583984,4
390,157,111.964286804199,30.6428565979004,120.497596740723,80.508918762207,4
90,214,78.9642868041992,0.0,30.7391834259033,199.662124633789,4
323,97,113.142860412598,120.214286804199,142.629806518555,301.640075683594,4
368,669,531.535705566406,259.285705566406,634.456726074219,412.205657958984,1
271,90,562.178588867188,0.0,598.799255371094,207.176284790039,1
59,29,34.1785697937012,22.3928565979004,54.100959777832,200.735565185547,4
203,124,80.1428604125977,161.464279174805,0.0,247.967468261719,4
74,39,2.35714292526245,49.5,0.0,228.645324707031,4
361,80,594.0,115.5,603.717529296875,220.057708740234,1
276,77,168.535720825195,604.607116699219,547.157470703125,649.438598632812,3
275,247,314.678558349609,308.785705566406,143.859375,378.928649902344,2
177,78,502.071441650391,24.75,659.048095703125,52.5991592407227,1
213,189,0.0,498.535705566406,643.063720703125,713.845764160156,3
213,82,122.571426391602,0.0,82.3810119628906,253.334732055664,4
339,99,36.5357131958008,135.535720825195,7.3774037361145,82.6558227539062,4
147,114,102.535713195801,89.5714263916016,284.030059814453,0.0,4
139,46,96.6428604125977,177.964279174805,226.240386962891,276.95068359375,4
325,72,38.8928565979004,67.1785736083984,4.91826915740967,220.057708740234,4
110,31,96.6428604125977,0.0,209.026443481445,293.052459716797,4
71,54,0.0,83.6785736083984,156.155044555664,313.448059082031,4
129,50,71.8928604125977,0.0,158.614181518555,285.538299560547,4
213,111,70.7142868041992,200.357147216797,35.6574516296387,149.209869384766,4
87,36,0.0,154.392852783203,205.337738037109,259.775451660156,4
69,40,0.0,1.17857146263123,0.0,166.385101318359,4
186,68,11.7857141494751,167.357147216797,223.78125,231.865692138672,4
93,152,60.1071434020996,45.9642868041992,59.019229888916,1.07345223426819,4
74,150,71.8928604125977,122.571426391602,102.054084777832,212.543548583984,4
66,35,0.0,0.0,79.921875,236.15950012207,4
166,130,163.821426391602,242.785720825195,190.582931518555,244.747116088867,4
396,117,42.4285697937012,117.857139587402,103.283653259277,300.566619873047,4
107,74,0.0,132.0,18.443510055542,0.0,4
267,123,161.464279174805,209.785720825195,173.368988037109,150.283309936523,4
107,194,135.535720825195,245.142852783203,173.368988037109,205.029388427734,4
164,89,0.0,0.0,30.7391834259033,12.8814268112183,4
91,37,0.0,113.142860412598,375.018035888672,567.856262207031,3
174,105,0.0,144.964279174805,161.073318481445,313.448059082031,4
251,75,5.89285707473755,480.857147216797,624.620178222656,614.014709472656,3
292,101,553.928588867188,121.392860412598,616.013244628906,143.84260559082,1
277,103,182.678573608398,606.964294433594,635.686279296875,694.523620605469,3
232,142,35.3571434020996,121.392860412598,169.680282592773,259.775451660156,4
114,33,82.5,0.0,0.0,253.334732055664,4
209,70,107.25,126.107139587402,252.061294555664,238.306396484375,4
91,109,0.0,133.178573608398,106.972358703613,154.577117919922,4
74,124,0.0,104.892860412598,110.661056518555,299.493194580078,4
85,50,48.3214302062988,50.6785697937012,0.0,144.916061401367,4
60,56,116.678573608398,84.8571395874023,129.104568481445,17.175235748291,4
312,114,84.8571395874023,127.285713195801,199.189910888672,110.565582275391,4
90,281,30.6428565979004,146.142852783203,143.859375,176.046173095703,4
373,118,581.035705566406,143.785720825195,443.873809814453,0.0,1
125,115,56.5714302062988,188.571426391602,154.925476074219,294.125915527344,4
84,82,0.0,0.0,129.104568481445,200.735565185547,4
226,67,0.0,100.178573608398,159.84375,127.740821838379,4
416,81,132.0,737.785705566406,611.094970703125,777.179443359375,3
66,65,0.0,0.0,0.0,190.001052856445,4
309,146,186.214279174805,449.035705566406,630.768005371094,670.907653808594,3
151,162,103.714286804199,261.642852783203,243.454330444336,264.069244384766,4
362,95,71.8928604125977,54.2142868041992,92.217544555664,266.216156005859,4
92,138,142.607147216797,245.142852783203,191.8125,367.120666503906,4
109,73,0.0,157.928573608398,0.0,266.216156005859,4
146,130,0.0,75.4285736083984,0.0,200.735565185547,4
148,84,0.0,0.0,110.661056518555,253.334732055664,4
271,112,84.8571395874023,0.0,0.0,239.379852294922,4
208,105,177.964279174805,147.321426391602,162.302886962891,291.97900390625,4
150,64,135.535720825195,47.1428565979004,143.859375,280.171051025391,4
136,85,108.428573608398,144.964279174805,93.4471130371094,271.583435058594,4
254,150,583.392883300781,0.0,767.25,298.419738769531,1
118,59,33.0,227.464279174805,72.5444717407227,309.154235839844,4
207,86,553.928588867188,146.142852783203,689.787231445312,0.0,1
60,29,41.25,0.0,151.236785888672,222.204620361328,4
241,133,590.464294433594,168.535720825195,774.627380371094,117.006294250488,1
85,178,11.7857141494751,143.785720825195,13.525239944458,232.93913269043,4
93,83,157.928573608398,27.1071434020996,206.567306518555,92.31689453125,4
256,137,63.6428565979004,114.321426391602,0.0,202.882476806641,4
148,114,110.785713195801,215.678573608398,7.3774037361145,25.7628536224365,4
468,142,114.321426391602,166.178573608398,81.1514434814453,199.662124633789,4
444,126,602.25,192.107147216797,703.3125,169.605453491211,1
64,81,265.178558349609,271.071441650391,276.652648925781,226.498428344727,2
197,110,143.785720825195,122.571426391602,17.2139415740967,279.097595214844,4
458,118,50.6785697937012,0.0,146.318511962891,223.278076171875,4
361,72,122.571426391602,0.0,244.683898925781,304.860443115234,4
83,94,0.0,2.35714292526245,0.0,256.555084228516,4
351,76,44.7857131958008,0.0,71.3149032592773,150.283309936523,4
111,65,0.0,0.0,55.3305282592773,16.1017837524414,4
127,75,503.25,0.0,727.903869628906,91.2434387207031,1
60,48,55.3928565979004,177.964279174805,13.525239944458,211.470092773438,4
185,88,0.0,601.071411132812,661.507202148438,655.879333496094,3
218,264,225.107147216797,261.642852783203,304.932678222656,346.725067138672,2
67,160,103.714286804199,0.0,0.0,259.775451660156,4
187,84,107.25,234.535720825195,223.78125,185.707244873047,4
156,49,0.0,104.892860412598,167.221160888672,125.593910217285,4
85,78,54.2142868041992,0.0,0.0,135.254989624023,4
198,140,0.0,102.535713195801,193.042068481445,259.775451660156,4
278,242,233.357147216797,284.035705566406,234.847351074219,290.905548095703,2
251,141,1.17857146263123,192.107147216797,43.034854888916,218.984252929688,4
190,93,499.714294433594,90.75,667.655029296875,244.747116088867,1
253,132,202.714279174805,471.428558349609,627.079345703125,663.393493652344,3
73,27,0.0,80.1428604125977,0.0,46.158447265625,4
212,101,147.321426391602,1.17857146263123,113.120193481445,266.216156005859,4
72,116,0.0,0.0,0.0,106.271774291992,4
116,70,0.0,0.0,145.088943481445,274.803771972656,4
161,102,375.964294433594,149.678573608398,585.274047851562,254.408187866211,2
250,106,47.1428565979004,596.357116699219,694.705505371094,635.483764648438,3
240,126,54.2142868041992,185.035720825195,234.847351074219,310.227691650391,4
63,75,20.0357151031494,157.928573608398,153.695907592773,278.024139404297,4
312,102,128.464279174805,166.178573608398,298.784851074219,182.486877441406,4
79,93,0.0,37.7142868041992,194.271636962891,218.984252929688,4
323,154,159.107147216797,202.714279174805,142.629806518555,268.363067626953,4
77,62,0.0,0.0,54.100959777832,196.441757202148,4
392,92,578.678588867188,168.535720825195,663.966369628906,157.797485351562,1
125,63,489.107147216797,140.25,662.736755371094,325.256042480469,1
102,94,107.25,190.928573608398,229.929092407227,318.815307617188,4
399,80,617.571411132812,83.6785736083984,568.060119628906,187.854141235352,1
260,103,597.535705566406,187.392852783203,676.262023925781,325.256042480469,1
71,115,95.4642868041992,0.0,0.0,265.142700195312,4
109,27,0.0,21.2142848968506,0.0,0.0,4
263,119,89.5714263916016,177.964279174805,173.368988037109,201.809020996094,4
182,108,180.321426391602,132.0,130.334136962891,357.459594726562,4
352,121,36.5357131958008,137.892852783203,0.0,305.933898925781,4
73,85,255.75,255.75,240.995193481445,330.623291015625,2
61,77,0.0,0.0,0.0,208.249740600586,4
96,345,0.0,0.0,33.1983184814453,267.289611816406,4
142,59,24.75,0.0,0.0,188.927597045898,4
304,120,23.5714282989502,228.642852783203,54.100959777832,287.685211181641,4
200,132,95.4642868041992,96.6428604125977,152.466339111328,320.962219238281,4
80,26,103.714286804199,0.0,6.14783668518066,217.91081237793,4
137,141,36.5357131958008,0.0,108.201919555664,269.4365234375,4
359,103,174.428573608398,134.357147216797,213.944717407227,77.288558959961,4
416,123,0.0,218.035720825195,186.894226074219,163.164749145508,4
308,65,17.6785717010498,3.53571438789368,92.217544555664,203.955932617188,4
89,76,0.0,149.678573608398,0.0,254.408187866211,4
296,138,103.714286804199,267.535705566406,228.699523925781,171.752365112305,4
192,142,153.214279174805,220.392852783203,232.388214111328,147.062957763672,4
72,56,66.0,126.107139587402,105.742790222168,155.650573730469,4
61,43,0.0,0.0,121.727165222168,0.0,4
84,75,69.5357131958008,0.0,4.91826915740967,156.724029541016,4
348,114,106.071426391602,518.571411132812,659.048095703125,678.421813964844,3
75,53,0.0,0.0,56.5600967407227,265.142700195312,4
150,84,0.0,0.0,39.3461532592773,3.22035670280457,4
62,49,0.0,0.0,0.0,250.114379882812,4
290,126,57.75,144.964279174805,0.0,267.289611816406,4
376,121,56.5714302062988,44.7857131958008,0.0,290.905548095703,4
141,332,128.464279174805,330.0,98.3653869628906,0.0,4
63,37,56.5714302062988,0.0,38.116584777832,229.718780517578,4
117,75,0.0,54.2142868041992,272.963928222656,95.537254333496,4
146,161,589.285705566406,0.0,601.258422851562,267.289611816406,1
252,167,99.0,297.0,248.372589111328,337.063995361328,4
308,167,110.785713195801,213.321426391602,81.1514434814453,364.973754882812,4
362,96,28.2857151031494,629.357116699219,542.239196777344,733.167907714844,3
66,64,68.3571395874023,61.2857131958008,0.0,55.8195190429688,4
235,166,133.178573608398,243.964279174805,28.2800483703613,319.888763427734,4
166,116,50.6785697937012,110.785713195801,109.431488037109,274.803771972656,4
364,80,601.071411132812,77.7857131958008,570.519226074219,244.747116088867,1
117,146,41.25,3.53571438789368,63.9375,99.8310623168945,4
87,145,121.392860412598,246.321426391602,67.626205444336,234.012588500977,4
383,84,617.571411132812,108.428573608398,662.736755371094,158.870941162109,1
258,113,54.2142868041992,18.8571434020996,150.007217407227,83.7292785644531,4
237,113,0.0,60.1071434020996,0.0,195.368316650391,4
60,100,0.0,137.892852783203,0.0,291.97900390625,4
115,25,0.0,120.214286804199,0.0,320.962219238281,4
364,83,186.214279174805,0.0,83.610580444336,201.809020996094,4
159,284,299.357147216797,447.857147216797,279.111785888672,403.618041992188,2
142,96,64.8214263916016,0.0,90.9879837036133,124.520462036133,4
218,286,312.321441650391,364.178558349609,249.602157592773,439.041961669922,2
157,144,24.75,0.0,268.045684814453,273.730316162109,4
424,92,176.785720825195,128.464279174805,175.828125,316.668426513672,4
220,113,77.7857131958008,167.357147216797,805.366577148438,260.848907470703,4
80,81,0.0,78.9642868041992,33.1983184814453,90.1699905395508,4
379,77,54.2142868041992,78.9642868041992,0.0,256.555084228516,4
323,104,0.0,66.0,249.602157592773,217.91081237793,4
237,154,17.6785717010498,152.035720825195,164.762023925781,244.747116088867,4
183,94,103.714286804199,119.035713195801,108.201919555664,329.549835205078,4
112,141,28.2857151031494,0.0,131.563705444336,196.441757202148,4
237,216,173.25,614.035705566406,512.729553222656,688.082885742188,3
391,85,599.892883300781,167.357147216797,600.028869628906,291.97900390625,1
178,99,88.3928604125977,160.285720825195,0.0,195.368316650391,4
72,22,22.3928565979004,109.607139587402,75.0036087036133,183.560333251953,4
72,50,0.0,0.0,46.7235565185547,260.848907470703,4
406,88,24.75,102.535713195801,0.0,221.131164550781,4
115,58,36.5357131958008,2.35714292526245,167.221160888672,135.254989624023,4
172,112,193.285720825195,150.857147216797,325.835327148438,266.216156005859,4
312,122,83.6785736083984,55.3928565979004,57.789665222168,312.374603271484,4
83,188,75.4285736083984,321.75,135.252410888672,312.374603271484,4
119,54,189.75,137.892852783203,0.0,319.888763427734,4
466,126,643.5,232.178573608398,602.487976074219,97.6841583251953,1
237,111,566.892883300781,134.357147216797,564.371398925781,0.0,1
519,263,372.428558349609,302.892852783203,388.543273925781,299.493194580078,2
159,85,507.964294433594,141.428573608398,729.133422851562,198.588668823242,1
197,158,0.0,225.107147216797,0.0,303.786987304688,4
108,29,8.25,153.214279174805,0.0,174.972717285156,4
106,38,0.0,124.928573608398,0.0,158.870941162109,4
397,92,608.142883300781,109.607139587402,590.192321777344,185.707244873047,1
372,67,556.285705566406,11.7857141494751,575.4375,0.0,1
154,182,23.5714282989502,96.6428604125977,99.594955444336,256.555084228516,4
76,41,0.0,54.2142868041992,50.4122581481934,176.046173095703,4
322,84,42.4285697937012,517.392883300781,576.667053222656,663.393493652344,3
144,255,0.0,0.0,147.548080444336,181.413436889648,4
69,71,0.0,15.3214282989502,0.0,0.0,4
105,56,0.0,0.0,13.525239944458,269.4365234375,4
401,121,550.392883300781,0.0,593.880981445312,67.6274948120117,1
249,104,91.9285736083984,240.428573608398,570.519226074219,595.765991210938,3
225,97,67.1785736083984,91.9285736083984,51.6418266296387,122.373558044434,4
129,208,137.892852783203,198.0,209.026443481445,229.718780517578,4
372,98,124.928573608398,0.0,120.497596740723,195.368316650391,4
243,54,110.785713195801,121.392860412598,20.902645111084,227.571884155273,4
397,108,595.178588867188,111.964286804199,629.538452148438,240.453308105469,1
150,107,18.8571434020996,0.0,11.0661058425903,0.0,4
395,109,146.142852783203,165.0,210.256011962891,149.209869384766,4
64,25,0.0,121.392860412598,54.100959777832,242.600204467773,4
69,116,68.3571395874023,0.0,0.0,0.0,4
260,157,20.0357151031494,141.428573608398,200.419464111328,579.664245605469,3
413,106,543.321411132812,54.2142868041992,625.849731445312,288.758666992188,1
243,134,144.964279174805,163.821426391602,168.450714111328,228.645324707031,4
237,126,36.5357131958008,693.0,668.884643554688,689.156372070312,3
330,91,535.071411132812,28.2857151031494,559.453125,225.42497253418,1
403,118,573.964294433594,0.0,631.997619628906,16.1017837524414,1
117,72,47.1428565979004,0.0,116.808891296387,235.086044311523,4
252,129,169.714279174805,70.7142868041992,200.419464111328,330.623291015625,4
484,99,63.6428565979004,49.5,210.256011962891,218.984252929688,4
160,78,525.642883300781,170.892852783203,676.262023925781,238.306396484375,1
234,84,142.607147216797,235.714279174805,137.711532592773,242.600204467773,4
174,125,114.321426391602,63.6428565979004,152.466339111328,288.758666992188,4
145,60,0.0,45.9642868041992,0.0,42.9380912780762,4
165,60,0.0,102.535713195801,70.085334777832,224.351516723633,4
400,73,106.071426391602,22.3928565979004,153.695907592773,227.571884155273,4
214,124,54.2142868041992,434.892852783203,552.075744628906,638.7041015625,3
590,264,373.607147216797,348.857147216797,228.699523925781,355.312683105469,2
125,78,101.357139587402,190.928573608398,195.501205444336,264.069244384766,4
69,254,0.0,47.1428565979004,0.0,183.560333251953,4
159,56,0.0,0.0,27.050479888916,206.102828979492,4
95,183,111.964286804199,150.857147216797,0.0,209.323196411133,4
128,31,0.0,24.75,204.108169555664,301.640075683594,4
426,119,621.107116699219,100.178573608398,611.094970703125,0.0,1
116,30,143.785720825195,141.428573608398,393.461547851562,44.0115432739258,4
82,91,0.0,89.5714263916016,0.0,210.396636962891,4
144,193,286.392852783203,314.678558349609,200.419464111328,356.386138916016,2
126,158,0.0,42.4285697937012,18.443510055542,252.261276245117,4
242,99,0.0,195.642852783203,94.6766815185547,218.984252929688,4
405,110,100.178573608398,170.892852783203,89.758415222168,578.590759277344,3
113,43,0.0,114.321426391602,106.972358703613,166.385101318359,4
115,96,22.3928565979004,31.8214282989502,0.0,217.91081237793,4
72,106,0.0,0.0,60.2487983703613,173.899261474609,4
297,143,0.0,109.607139587402,207.796875,218.984252929688,4
85,345,143.785720825195,116.678573608398,132.793273925781,39.7177352905273,4
209,103,75.4285736083984,81.3214263916016,223.78125,23.6159496307373,4
293,149,0.0,216.857147216797,249.602157592773,236.15950012207,4
69,38,0.0,0.0,0.0,106.271774291992,4
247,39,0.0,0.0,131.563705444336,212.543548583984,4
254,98,66.0,89.5714263916016,66.3966369628906,293.052459716797,4
223,197,126.107139587402,239.25,141.400238037109,193.221405029297,4
183,138,37.7142868041992,133.178573608398,108.201919555664,280.171051025391,4
125,113,74.25,0.0,28.2800483703613,280.171051025391,4
92,82,0.0,0.0,0.0,228.645324707031,4
126,41,50.6785697937012,156.75,87.2992782592773,197.515213012695,4
273,87,0.0,45.9642868041992,158.614181518555,210.396636962891,4
158,110,193.285720825195,227.464279174805,270.504821777344,349.945434570312,4
471,105,536.25,0.0,661.507202148438,136.328430175781,1
83,130,69.5357131958008,96.6428604125977,173.368988037109,249.040924072266,4
125,186,73.0714263916016,124.928573608398,76.233169555664,134.181533813477,4
342,81,62.4642868041992,759.0,625.849731445312,766.444885253906,3
274,388,0.0,84.8571395874023,188.123794555664,62.2602310180664,4
101,86,0.0,110.785713195801,0.0,311.301147460938,4
223,132,225.107147216797,331.178558349609,239.765625,411.132202148438,2
130,70,0.0,0.0,57.789665222168,217.91081237793,4
158,103,482.035705566406,208.607147216797,630.768005371094,333.843658447266,1
267,139,101.357139587402,144.964279174805,59.019229888916,353.165802001953,4
144,188,84.8571395874023,54.2142868041992,0.0,191.074508666992,4
119,55,0.0,0.0,55.3305282592773,250.114379882812,4
203,74,10.6071424484253,0.0,44.2644233703613,280.171051025391,4
60,46,0.0,8.25,88.5288467407227,240.453308105469,4
137,120,540.964294433594,175.607147216797,666.425476074219,311.301147460938,1
61,29,0.0,0.0,0.0,192.14794921875,4
255,121,630.535705566406,0.0,689.787231445312,310.227691650391,1
348,69,516.214294433594,0.0,544.698303222656,256.555084228516,1
174,88,20.0357151031494,0.0,186.894226074219,290.905548095703,4
407,120,622.285705566406,50.6785697937012,652.900268554688,2.14690446853638,1
370,94,578.678588867188,0.0,623.390625,258.701995849609,1
153,68,120.214286804199,137.892852783203,181.975967407227,327.402923583984,4
481,173,172.071426391602,146.142852783203,0.0,283.391387939453,4
413,69,601.071411132812,110.785713195801,624.620178222656,207.176284790039,1
190,129,7.07142877578735,189.75,168.450714111328,279.097595214844,4
144,74,78.9642868041992,533.892883300781,624.620178222656,609.720886230469,3
129,210,129.642852783203,7.07142877578735,0.0,247.967468261719,4
226,132,120.214286804199,157.928573608398,12.2956733703613,196.441757202148,4
267,135,156.75,16.5,266.816101074219,0.0,4
177,79,0.0,624.642883300781,745.117797851562,693.450134277344,3
134,187,286.392852783203,220.392852783203,205.337738037109,252.261276245117,2
83,45,0.0,122.571426391602,146.318511962891,210.396636962891,4
64,61,0.0,0.0,100.824516296387,169.605453491211,4
366,155,656.464294433594,108.428573608398,597.569702148438,314.521514892578,1
63,78,0.0,40.0714302062988,204.108169555664,318.815307617188,4
272,157,0.0,22.3928565979004,226.240386962891,171.752365112305,4
81,28,51.8571434020996,40.0714302062988,127.875,240.453308105469,4
111,93,24.75,0.0,137.711532592773,304.860443115234,4
359,86,577.5,56.5714302062988,582.814880371094,220.057708740234,1
201,88,491.464294433594,88.3928604125977,569.289672851562,250.114379882812,1
291,145,25.9285717010498,632.892883300781,586.503601074219,695.597045898438,3
88,41,16.5,0.0,114.349761962891,259.775451660156,4
111,104,81.3214263916016,113.142860412598,156.155044555664,262.995788574219,4
123,117,0.0,5.89285707473755,0.0,221.131164550781,4
239,112,34.1785697937012,214.5,60.2487983703613,297.346282958984,4
195,118,564.535705566406,267.535705566406,707.001220703125,153.503677368164,1
426,207,198.0,262.821441650391,375.018035888672,269.4365234375,4
363,88,585.75,206.25,616.013244628906,0.0,1
313,97,0.0,122.571426391602,175.828125,0.0,4
424,83,602.25,91.9285736083984,640.604553222656,214.690444946289,1
220,114,0.0,717.75,743.888244628906,740.682067871094,3
134,47,0.0,109.607139587402,72.5444717407227,281.244476318359,4
182,100,3.53571438789368,0.0,0.0,200.735565185547,4
149,234,368.892852783203,354.75,223.78125,370.341033935547,2
450,133,129.642852783203,169.714279174805,93.4471130371094,76.2151107788086,4
189,91,0.0,12.9642858505249,0.0,152.430221557617,4
67,54,57.75,38.8928565979004,73.774040222168,244.747116088867,4
317,73,73.0714263916016,134.357147216797,231.158660888672,61.1867790222168,4
65,145,0.0,71.8928604125977,159.84375,303.786987304688,4
166,115,45.9642868041992,657.642883300781,634.456726074219,676.27490234375,3
205,78,537.428588867188,87.2142868041992,681.180297851562,135.254989624023,1
264,91,63.6428565979004,61.2857131958008,0.0,326.329498291016,4
111,143,144.964279174805,322.928558349609,115.579330444336,273.730316162109,4
158,56,524.464294433594,122.571426391602,687.328125,0.0,1
70,22,0.0,84.8571395874023,0.0,187.854141235352,4
278,203,43.6071434020996,53.0357131958008,70.085334777832,313.448059082031,4
268,107,78.9642868041992,60.1071434020996,46.7235565185547,287.685211181641,4
253,175,37.7142868041992,128.464279174805,173.368988037109,231.865692138672,4
366,63,135.535720825195,696.535705566406,580.355773925781,731.02099609375,3
227,124,102.535713195801,174.428573608398,8.60697078704834,260.848907470703,4
264,137,538.607116699219,253.392852783203,691.016845703125,332.770202636719,1
73,29,0.0,115.5,67.626205444336,253.334732055664,4
334,87,155.571426391602,190.928573608398,73.774040222168,174.972717285156,4
265,89,139.071426391602,5.89285707473755,73.774040222168,173.899261474609,4
411,110,603.428588867188,264.0,607.40625,60.1133270263672,1
77,8,0.0,110.785713195801,145.088943481445,0.0,4
99,68,1.17857146263123,0.0,0.0,0.0,4
208,104,578.678588867188,100.178573608398,569.289672851562,232.93913269043,1
121,56,513.857116699219,44.7857131958008,738.969970703125,285.538299560547,1
114,44,0.0,99.0,68.8557662963867,139.548797607422,4
369,99,102.535713195801,179.142852783203,0.0,0.0,4
218,107,20.0357151031494,220.392852783203,195.501205444336,255.481643676758,4
296,140,30.6428565979004,175.607147216797,59.019229888916,325.256042480469,4
349,109,41.25,0.0,205.337738037109,135.254989624023,4
290,75,17.6785717010498,22.3928565979004,0.0,179.266525268555,4
224,140,75.4285736083984,216.857147216797,172.139419555664,0.0,4
60,50,0.0,0.0,93.4471130371094,217.91081237793,4
141,32,499.714294433594,45.9642868041992,672.573303222656,186.780685424805,1
344,119,0.0,93.1071395874023,105.742790222168,165.311645507812,4
89,23,23.5714282989502,54.2142868041992,86.069709777832,110.565582275391,4
234,60,29.4642848968506,58.9285697937012,300.014434814453,264.069244384766,4
537,140,610.5,269.892852783203,641.834106445312,280.171051025391,1
285,256,331.178558349609,350.035705566406,173.368988037109,430.454345703125,2
121,58,114.321426391602,0.0,170.909851074219,92.31689453125,4
403,115,610.5,73.0714263916016,597.569702148438,260.848907470703,1
172,100,128.464279174805,555.107116699219,665.195922851562,710.625366210938,3
314,70,0.0,144.964279174805,188.123794555664,0.0,4
176,77,70.7142868041992,76.6071395874023,0.0,178.193069458008,4
153,93,102.535713195801,115.5,12.2956733703613,191.074508666992,4
255,134,81.3214263916016,137.892852783203,97.1358184814453,309.154235839844,4
327,84,0.0,104.892860412598,92.217544555664,216.837356567383,4
155,118,77.7857131958008,0.0,33.1983184814453,42.9380912780762,4
71,68,0.0,95.4642868041992,0.0,246.894012451172,4
332,96,48.3214302062988,8.25,94.6766815185547,147.062957763672,4
293,146,40.0714302062988,57.75,216.403839111328,312.374603271484,4
314,65,0.0,543.321411132812,516.418273925781,648.365173339844,3
146,49,63.6428565979004,0.0,79.921875,227.571884155273,4
311,70,543.321411132812,33.0,647.981994628906,195.368316650391,1
199,97,18.8571434020996,103.714286804199,46.7235565185547,96.6107025146484,4
92,134,88.3928604125977,0.0,0.0,0.0,4
465,89,609.321411132812,0.0,466.006011962891,261.92236328125,1
71,12,43.6071434020996,0.0,164.762023925781,142.769149780273,4
284,108,71.8928604125977,601.071411132812,575.4375,645.144775390625,3
129,91,68.3571395874023,168.535720825195,0.0,41.8646392822266,4
167,75,62.4642868041992,82.5,0.0,284.46484375,4
144,74,559.821411132812,73.0714263916016,709.460327148438,55.8195190429688,1
282,137,1.17857146263123,201.535720825195,185.664657592773,267.289611816406,4
311,69,563.357116699219,0.0,602.487976074219,183.560333251953,1
445,153,155.571426391602,181.5,127.875,351.018890380859,4
125,66,0.0,50.6785697937012,47.953125,170.678909301758,4
382,134,56.5714302062988,0.0,271.734375,289.832122802734,4
68,32,24.75,58.9285697937012,0.0,264.069244384766,4
399,88,588.107116699219,0.0,695.935119628906,67.6274948120117,1
98,159,104.892860412598,234.535720825195,79.921875,9.66106986999512,4
100,46,90.75,0.0,56.5600967407227,0.0,4
470,132,555.107116699219,109.607139587402,472.153839111328,38.6442794799805,1
195,86,552.75,177.964279174805,652.900268554688,258.701995849609,1
207,265,275.785705566406,401.892852783203,247.143035888672,402.544586181641,2
348,95,103.714286804199,0.0,46.7235565185547,203.955932617188,4
82,112,0.0,0.0,71.3149032592773,165.311645507812,4
170,232,380.678558349609,334.714294433594,174.598556518555,331.696746826172,2
265,151,0.0,548.035705566406,681.180297851562,703.111206054688,3
108,55,0.0,146.142852783203,148.777648925781,230.792236328125,4
160,58,0.0,0.0,169.680282592773,140.62223815918,4
403,77,590.464294433594,135.535720825195,623.390625,170.678909301758,1
167,77,517.392883300781,0.0,568.060119628906,33.2770195007324,1
81,29,49.5,134.357147216797,66.3966369628906,280.171051025391,4
384,93,614.035705566406,35.3571434020996,572.978393554688,212.543548583984,1
100,95,157.928573608398,0.0,195.501205444336,188.927597045898,4
83,34,0.0,80.1428604125977,0.0,152.430221557617,4
191,233,364.178558349609,284.035705566406,284.030059814453,262.995788574219,2
234,138,47.1428565979004,113.142860412598,140.170669555664,337.063995361328,4
159,79,141.428573608398,0.0,75.0036087036133,125.593910217285,4
236,75,96.6428604125977,17.6785717010498,136.481964111328,212.543548583984,4
207,195,300.535705566406,155.571426391602,172.139419555664,352.092346191406,2
138,68,0.0,87.2142868041992,132.793273925781,69.774398803711,4
179,148,33.0,259.285705566406,248.372589111328,0.0,4
91,170,169.714279174805,246.321426391602,0.0,199.662124633789,4
82,135,16.5,0.0,0.0,200.735565185547,4
61,30,67.1785736083984,97.8214263916016,25.8209133148193,276.95068359375,4
90,143,123.75,0.0,121.727165222168,172.825805664062,4
83,187,22.3928565979004,186.214279174805,140.170669555664,178.193069458008,4
65,99,17.6785717010498,165.0,150.007217407227,330.623291015625,4
394,230,117.857139587402,33.0,148.777648925781,249.040924072266,4
158,77,94.2857131958008,198.0,179.516830444336,145.989501953125,4
327,111,57.75,0.0,315.998809814453,217.91081237793,4
255,156,0.0,192.107147216797,84.8401412963867,279.097595214844,4
209,126,198.0,497.357147216797,612.324523925781,707.405029296875,3
90,39,0.0,94.2857131958008,0.0,243.67366027832,4
85,25,0.0,99.0,130.334136962891,256.555084228516,4
231,112,148.5,166.178573608398,75.0036087036133,275.877227783203,4
87,187,48.3214302062988,0.0,34.4278831481934,225.42497253418,4
206,95,532.714294433594,111.964286804199,608.635803222656,252.261276245117,1
280,106,73.0714263916016,97.8214263916016,49.1826934814453,329.549835205078,4
87,79,43.6071434020996,0.0,119.268028259277,287.685211181641,4
283,247,272.25,280.5,211.485580444336,329.549835205078,2
219,120,89.5714263916016,205.071426391602,68.8557662963867,255.481643676758,4
71,47,116.678573608398,189.75,231.158660888672,188.927597045898,4
461,169,58.9285697937012,78.9642868041992,125.415863037109,290.905548095703,4
320,81,53.0357131958008,24.75,87.2992782592773,206.102828979492,4
182,87,555.107116699219,146.142852783203,732.822143554688,183.560333251953,1
110,40,115.5,61.2857131958008,222.551681518555,190.001052856445,4
368,95,576.321411132812,116.678573608398,635.686279296875,193.221405029297,1
206,90,90.75,206.25,127.875,234.012588500977,4
441,92,133.178573608398,45.9642868041992,76.233169555664,46.158447265625,4
112,43,0.0,207.428573608398,0.0,264.069244384766,4
536,109,614.035705566406,0.0,607.40625,198.588668823242,1
457,128,604.607116699219,249.857147216797,686.098571777344,215.763900756836,1
91,40,0.0,0.0,0.0,259.775451660156,4
420,111,0.0,176.785720825195,190.582931518555,166.385101318359,4
126,201,97.8214263916016,0.0,170.909851074219,293.052459716797,4
387,106,0.0,662.357116699219,643.063720703125,718.139587402344,3
134,66,539.785705566406,63.6428565979004,645.522827148438,0.0,1
345,81,596.357116699219,47.1428565979004,602.487976074219,161.017837524414,1
183,34,64.8214263916016,94.2857131958008,3.68870186805725,269.4365234375,4
272,166,238.071426391602,254.571426391602,295.096160888672,301.640075683594,2
157,80,33.0,113.142860412598,90.9879837036133,345.651611328125,4
406,80,616.392883300781,0.0,638.145446777344,128.814270019531,1
240,143,97.8214263916016,0.0,108.201919555664,88.0230865478516,4
156,56,0.0,80.1428604125977,0.0,33.2770195007324,4
336,100,88.3928604125977,604.607116699219,501.663452148438,711.698852539062,3
124,408,308.785705566406,321.75,311.080535888672,243.67366027832,2
132,58,466.714294433594,77.7857131958008,661.507202148438,214.690444946289,1
99,200,240.428573608398,167.357147216797,153.695907592773,288.758666992188,2
296,152,134.357147216797,201.535720825195,25.8209133148193,253.334732055664,4
241,104,544.5,110.785713195801,649.211547851562,55.8195190429688,1
74,40,37.7142868041992,53.0357131958008,135.252410888672,288.758666992188,4
96,351,84.8571395874023,159.107147216797,157.384613037109,281.244476318359,4
382,105,642.321411132812,48.3214302062988,725.444702148438,0.0,1
75,279,0.0,0.0,65.1670684814453,220.057708740234,4
375,144,104.892860412598,0.0,104.513221740723,82.6558227539062,4
317,99,634.071411132812,2.35714292526245,703.3125,0.0,1
320,89,168.535720825195,188.571426391602,0.0,193.221405029297,4
226,115,0.0,109.607139587402,119.268028259277,276.95068359375,4
122,279,165.0,423.107147216797,264.356964111328,320.962219238281,4
97,65,200.357147216797,220.392852783203,291.407440185547,273.730316162109,4
112,70,12.9642858505249,104.892860412598,20.902645111084,314.521514892578,4
105,217,144.964279174805,221.571426391602,87.2992782592773,0.0,4
175,202,304.071441650391,268.714294433594,282.800476074219,308.080810546875,2
67,66,0.0,27.1071434020996,0.0,231.865692138672,4
200,72,108.428573608398,107.25,92.217544555664,252.261276245117,4
303,127,579.857116699219,67.1785736083984,580.355773925781,284.46484375,1
85,130,157.928573608398,166.178573608398,159.84375,253.334732055664,4
174,78,4.7142858505249,115.5,0.0,293.052459716797,4
175,105,101.357139587402,42.4285697937012,172.139419555664,30.0566635131836,4
218,117,74.25,103.714286804199,66.3966369628906,262.995788574219,4
330,70,591.642883300781,0.0,676.262023925781,180.339981079102,1
455,89,166.178573608398,239.25,122.956733703613,262.995788574219,4
355,134,71.8928604125977,609.321411132812,719.296875,724.580261230469,3
138,17,57.75,0.0,78.6923065185547,202.882476806641,4
77,74,31.8214282989502,11.7857141494751,1.22956728935242,0.0,4
217,104,111.964286804199,108.428573608398,76.233169555664,231.865692138672,4
169,41,0.0,136.714279174805,0.0,202.882476806641,4
98,151,0.0,161.464279174805,40.5757217407227,0.0,4
123,228,0.0,0.0,136.481964111328,165.311645507812,4
181,113,33.0,11.7857141494751,77.4627380371094,289.832122802734,4
208,96,83.6785736083984,0.0,34.4278831481934,345.651611328125,4
182,62,599.892883300781,3.53571438789368,777.086547851562,34.350471496582,1
327,126,0.0,0.0,201.649032592773,200.735565185547,4
180,93,586.928588867188,55.3928565979004,688.557678222656,179.266525268555,1
210,92,114.321426391602,168.535720825195,146.318511962891,177.11962890625,4
241,143,69.5357131958008,57.75,161.073318481445,255.481643676758,4
424,129,107.25,726.0,542.239196777344,784.693603515625,3
494,149,624.642883300781,0.0,688.557678222656,198.588668823242,1
195,114,22.3928565979004,57.75,46.7235565185547,309.154235839844,4
205,118,63.6428565979004,122.571426391602,56.5600967407227,100.904510498047,4
283,144,97.8214263916016,147.321426391602,173.368988037109,354.2392578125,4
209,107,0.0,200.357147216797,0.0,236.15950012207,4
170,101,108.428573608398,48.3214302062988,131.563705444336,260.848907470703,4
275,132,76.6071395874023,298.178558349609,0.0,340.284362792969,4
136,124,9.4285717010498,120.214286804199,3.68870186805725,279.097595214844,4
124,92,0.0,0.0,0.0,202.882476806641,4
261,290,381.857147216797,364.178558349609,231.158660888672,363.900329589844,2
138,64,0.0,163.821426391602,72.5444717407227,284.46484375,4
177,88,571.607116699219,67.1785736083984,640.604553222656,249.040924072266,1
245,131,81.3214263916016,0.0,742.658630371094,133.10807800293,4
365,142,591.642883300781,129.642852783203,603.717529296875,283.391387939453,1
172,95,0.0,83.6785736083984,122.956733703613,274.803771972656,4
72,81,12.9642858505249,75.4285736083984,0.0,183.560333251953,4
289,92,148.5,172.071426391602,225.010818481445,209.323196411133,4
79,94,16.5,0.0,86.069709777832,163.164749145508,4
137,60,0.0,106.071426391602,92.217544555664,173.899261474609,4
98,119,40.0714302062988,95.4642868041992,0.0,281.244476318359,4
469,107,650.571411132812,47.1428565979004,682.409851074219,151.35676574707,1
213,92,45.9642868041992,228.642852783203,233.617782592773,275.877227783203,4
136,41,64.8214263916016,20.0357151031494,73.774040222168,85.8761825561523,4
238,146,94.2857131958008,172.071426391602,67.626205444336,285.538299560547,4
102,14,0.0,168.535720825195,0.0,220.057708740234,4
126,108,31.8214282989502,0.0,154.925476074219,287.685211181641,4
92,22,121.392860412598,50.6785697937012,162.302886962891,161.017837524414,4
109,49,0.0,149.678573608398,0.0,122.373558044434,4
83,41,104.892860412598,23.5714282989502,0.0,275.877227783203,4
196,296,252.214279174805,324.107147216797,216.403839111328,230.792236328125,2
73,49,0.0,194.464279174805,87.2992782592773,11.8079748153687,4
101,73,0.0,109.607139587402,172.139419555664,11.8079748153687,4
213,107,77.7857131958008,192.107147216797,0.0,254.408187866211,4
381,121,78.9642868041992,63.6428565979004,127.875,89.0965347290039,4
98,33,29.4642848968506,0.0,22.1322116851807,247.967468261719,4
313,119,167.357147216797,70.7142868041992,108.201919555664,316.668426513672,4
122,35,0.0,100.178573608398,0.0,245.820571899414,4
271,105,129.642852783203,89.5714263916016,0.0,282.317932128906,4
314,113,80.1428604125977,101.357139587402,213.944717407227,260.848907470703,4
480,97,41.25,736.607116699219,515.188720703125,758.930725097656,3
181,72,130.821426391602,200.357147216797,126.645431518555,227.571884155273,4
258,112,96.6428604125977,258.107147216797,116.808891296387,229.718780517578,4
201,92,109.607139587402,134.357147216797,242.224761962891,310.227691650391,4
379,87,0.0,180.321426391602,0.0,235.086044311523,4
249,122,102.535713195801,61.2857131958008,140.170669555664,211.470092773438,4
129,195,73.0714263916016,76.6071395874023,0.0,19.3221397399902,4
72,79,0.0,135.535720825195,0.0,166.385101318359,4
72,53,0.0,12.9642858505249,0.0,254.408187866211,4
479,120,150.857147216797,15.3214282989502,191.8125,196.441757202148,4
307,139,239.25,318.214294433594,276.652648925781,421.866729736328,2
72,33,17.6785717010498,0.0,0.0,124.520462036133,4
237,103,43.6071434020996,473.785705566406,638.145446777344,674.127990722656,3
185,77,122.571426391602,489.107147216797,693.475952148438,660.173156738281,3
69,81,0.0,2.35714292526245,151.236785888672,236.15950012207,4
76,29,0.0,90.75,0.0,239.379852294922,4
511,122,634.071411132812,100.178573608398,660.277648925781,308.080810546875,1
88,14,0.0,7.07142877578735,158.614181518555,294.125915527344,4
535,228,688.285705566406,203.892852783203,677.491577148438,235.086044311523,1
293,91,9.4285717010498,78.9642868041992,61.4783668518066,191.074508666992,4
202,109,0.0,41.25,0.0,154.577117919922,4
101,60,2.35714292526245,30.6428565979004,84.8401412963867,297.346282958984,4
263,92,546.857116699219,137.892852783203,663.966369628906,214.690444946289,1
210,213,266.357147216797,262.821441650391,243.454330444336,258.701995849609,2
390,76,96.6428604125977,569.25,473.383422851562,728.874084472656,3
194,97,114.321426391602,254.571426391602,135.252410888672,184.6337890625,4
317,89,76.6071395874023,149.678573608398,191.8125,311.301147460938,4
322,267,293.464294433594,326.464294433594,146.318511962891,300.566619873047,2
120,68,0.0,0.0,185.664657592773,201.809020996094,4
313,130,122.571426391602,234.535720825195,234.847351074219,0.0,4
268,106,551.571411132812,56.5714302062988,671.34375,124.520462036133,1
323,94,549.214294433594,18.8571434020996,657.818481445312,223.278076171875,1
242,35,64.8214263916016,0.0,103.283653259277,290.905548095703,4
215,113,172.071426391602,256.928558349609,99.594955444336,369.267578125,4
272,88,588.107116699219,0.0,625.849731445312,12.8814268112183,1
274,187,58.9285697937012,175.607147216797,99.594955444336,129.887725830078,4
313,150,467.892852783203,240.428573608398,586.503601074219,222.204620361328,1
230,163,259.285705566406,311.142852783203,268.045684814453,206.102828979492,2
236,174,74.25,243.964279174805,232.388214111328,363.900329589844,4
87,167,331.178558349609,333.535705566406,207.796875,315.594970703125,2
102,107,0.0,18.8571434020996,118.038459777832,4.29380893707275,4
94,23,25.9285717010498,12.9642858505249,0.0,229.718780517578,4
140,66,82.5,135.535720825195,0.0,280.171051025391,4
449,123,622.285705566406,218.035720825195,670.114196777344,0.0,1
455,94,622.285705566406,207.428573608398,671.34375,185.707244873047,1
234,107,8.25,187.392852783203,34.4278831481934,184.6337890625,4
67,111,12.9642858505249,0.0,51.6418266296387,78.3620147705078,4
228,101,0.0,570.428588867188,629.538452148438,652.658996582031,3
449,189,625.821411132812,109.607139587402,614.783630371094,284.46484375,1
62,40,0.0,0.0,0.0,264.069244384766,4
142,55,0.0,0.0,143.859375,5.36726140975952,4
174,69,0.0,130.821426391602,14.754807472229,167.458557128906,4
189,111,100.178573608398,181.5,174.598556518555,311.301147460938,4
213,99,36.5357131958008,215.678573608398,82.3810119628906,305.933898925781,4
94,8,44.7857131958008,37.7142868041992,142.629806518555,313.448059082031,4
203,95,565.714294433594,143.785720825195,714.378601074219,240.453308105469,1
301,103,101.357139587402,11.7857141494751,93.4471130371094,24.6894016265869,4
101,259,179.142852783203,311.142852783203,218.862976074219,326.329498291016,4
138,158,139.071426391602,115.5,0.0,281.244476318359,4
69,189,0.0,0.0,71.3149032592773,115.932846069336,4
69,10,0.0,325.285705566406,73.774040222168,171.752365112305,4
270,77,103.714286804199,0.0,127.875,269.4365234375,4
298,234,229.821426391602,339.428558349609,245.913467407227,331.696746826172,2
71,13,0.0,42.4285697937012,0.0,262.995788574219,4
86,43,0.0,0.0,89.758415222168,246.894012451172,4
181,104,5.89285707473755,143.785720825195,130.334136962891,225.42497253418,4
197,68,122.571426391602,0.0,124.186294555664,172.825805664062,4
208,122,76.6071395874023,120.214286804199,27.050479888916,269.4365234375,4
81,39,0.0,114.321426391602,143.859375,196.441757202148,4
140,123,0.0,241.607147216797,207.796875,316.668426513672,4
260,147,177.964279174805,233.357147216797,135.252410888672,195.368316650391,4
97,212,4.7142858505249,42.4285697937012,77.4627380371094,207.176284790039,4
71,81,29.4642848968506,70.7142868041992,82.3810119628906,172.825805664062,4
255,154,0.0,189.75,122.956733703613,374.634826660156,4
137,109,84.8571395874023,63.6428565979004,204.108169555664,176.046173095703,4
150,122,0.0,242.785720825195,0.0,211.470092773438,4
67,76,8.25,58.9285697937012,17.2139415740967,241.526763916016,4
109,53,115.5,121.392860412598,138.941101074219,181.413436889648,4
237,122,113.142860412598,133.178573608398,0.0,238.306396484375,4
139,57,495.0,0.0,770.938720703125,267.289611816406,1
189,90,115.5,153.214279174805,291.407440185547,239.379852294922,4
422,131,559.821411132812,229.821426391602,614.783630371094,258.701995849609,1
421,113,137.892852783203,100.178573608398,143.859375,136.328430175781,4
199,55,17.6785717010498,192.107147216797,0.0,213.617004394531,4
247,142,81.3214263916016,106.071426391602,136.481964111328,80.508918762207,4
111,61,491.464294433594,0.0,564.371398925781,279.097595214844,1
228,111,165.0,64.8214263916016,129.104568481445,255.481643676758,4
82,84,0.0,0.0,43.034854888916,209.323196411133,4
472,92,663.535705566406,89.5714263916016,720.526428222656,0.0,1
159,99,0.0,5.89285707473755,242.224761962891,188.927597045898,4
366,129,90.75,136.714279174805,54.100959777832,333.843658447266,4
70,106,0.0,0.0,0.0,207.176284790039,4
212,149,110.785713195801,210.964279174805,237.306488037109,334.917114257812,4
108,40,0.0,88.3928604125977,168.450714111328,35.4239234924316,4
262,227,341.785705566406,338.25,253.290863037109,344.578186035156,2
110,31,9.4285717010498,69.5357131958008,92.217544555664,113.785942077637,4
243,112,142.607147216797,11.7857141494751,138.941101074219,249.040924072266,4
186,70,102.535713195801,42.4285697937012,248.372589111328,333.843658447266,4
91,39,0.0,0.0,143.859375,253.334732055664,4
229,126,102.535713195801,28.2857151031494,111.890625,196.441757202148,4
197,100,0.0,142.607147216797,87.2992782592773,239.379852294922,4
88,38,0.0,0.0,11.0661058425903,281.244476318359,4
201,87,187.392852783203,147.321426391602,153.695907592773,191.074508666992,4
63,89,124.928573608398,0.0,87.2992782592773,0.0,4
430,190,49.5,99.0,77.4627380371094,230.792236328125,4
169,251,0.0,103.714286804199,72.5444717407227,221.131164550781,4
377,139,0.0,225.107147216797,152.466339111328,235.086044311523,4
262,115,189.75,206.25,568.060119628906,368.194122314453,4
183,96,583.392883300781,22.3928565979004,774.627380371094,268.363067626953,1
155,135,60.1071434020996,2.35714292526245,0.0,164.238189697266,4
94,253,327.642852783203,364.178558349609,253.290863037109,362.826873779297,2
128,256,0.0,167.357147216797,0.0,185.707244873047,4
353,72,540.964294433594,66.0,606.176696777344,269.4365234375,1
138,299,0.0,0.0,204.108169555664,196.441757202148,4
353,87,35.3571434020996,608.142883300781,682.409851074219,688.082885742188,3
63,11,433.714294433594,0.0,475.842559814453,156.724029541016,1
156,68,81.3214263916016,132.0,271.734375,252.261276245117,4
292,85,37.7142868041992,226.285720825195,259.438690185547,162.091293334961,4
360,91,608.142883300781,60.1071434020996,655.359375,136.328430175781,1
390,262,300.535705566406,327.642852783203,215.174285888672,269.4365234375,2
336,139,128.464279174805,0.0,25.8209133148193,231.865692138672,4
246,147,0.0,473.785705566406,596.340148925781,681.642211914062,3
81,100,8.25,0.0,0.0,223.278076171875,4
319,178,186.214279174805,233.357147216797,194.271636962891,255.481643676758,4
135,28,0.0,0.0,18.443510055542,190.001052856445,4
124,101,0.0,146.142852783203,0.0,235.086044311523,4
119,181,124.928573608398,225.107147216797,181.975967407227,271.583435058594,4
364,80,584.571411132812,47.1428565979004,608.635803222656,198.588668823242,1
208,90,51.8571434020996,161.464279174805,172.139419555664,309.154235839844,4
214,115,558.642883300781,58.9285697937012,643.063720703125,53.6726112365723,1
341,64,564.535705566406,109.607139587402,451.251190185547,95.537254333496,1
346,135,56.5714302062988,21.2142848968506,114.349761962891,290.905548095703,4
206,101,136.714279174805,225.107147216797,173.368988037109,181.413436889648,4
273,178,97.8214263916016,206.25,179.516830444336,236.15950012207,4
496,107,638.785705566406,188.571426391602,566.830505371094,0.0,1
136,27,0.0,81.3214263916016,204.108169555664,149.209869384766,4
386,173,583.392883300781,393.642852783203,731.592529296875,393.956970214844,1
107,145,232.178573608398,295.821441650391,180.746398925781,330.623291015625,2
143,92,61.2857131958008,0.0,0.0,164.238189697266,4
265,135,153.214279174805,181.5,126.645431518555,236.15950012207,4
343,150,121.392860412598,0.0,25.8209133148193,150.283309936523,4
369,81,0.0,120.214286804199,217.633407592773,220.057708740234,4
555,119,96.6428604125977,716.571411132812,596.340148925781,754.636962890625,3
61,71,0.0,4.7142858505249,40.5757217407227,191.074508666992,4
248,148,582.214294433594,87.2142868041992,805.366577148438,0.0,1
317,268,241.607147216797,348.857147216797,282.800476074219,251.18782043457,2
66,104,0.0,71.8928604125977,60.2487983703613,62.2602310180664,4
300,148,189.75,10.6071424484253,223.78125,0.0,4
163,234,0.0,0.0,84.8401412963867,261.92236328125,4
193,140,82.5,104.892860412598,137.711532592773,243.67366027832,4
242,117,172.071426391602,154.392852783203,108.201919555664,282.317932128906,4
249,164,106.071426391602,206.25,94.6766815185547,279.097595214844,4
174,67,67.1785736083984,235.714279174805,0.0,0.0,4
70,34,0.0,115.5,54.100959777832,267.289611816406,4
469,69,140.25,66.0,168.450714111328,176.046173095703,4
236,284,241.607147216797,269.892852783203,231.158660888672,308.080810546875,2
301,158,70.7142868041992,89.5714263916016,0.0,266.216156005859,4
74,114,88.3928604125977,207.428573608398,161.073318481445,329.549835205078,4
214,99,101.357139587402,440.785705566406,593.880981445312,670.907653808594,3
176,82,80.1428604125977,9.4285717010498,83.610580444336,302.713531494141,4
299,91,603.428588867188,0.0,568.060119628906,213.617004394531,1
449,89,575.142883300781,187.392852783203,663.966369628906,218.984252929688,1
60,31,0.0,0.0,126.645431518555,243.67366027832,4
205,143,28.2857151031494,67.1785736083984,60.2487983703613,239.379852294922,4
172,61,510.321441650391,3.53571438789368,645.522827148438,108.418678283691,1
74,77,577.5,133.178573608398,708.230773925781,180.339981079102,1
77,206,229.821426391602,293.464294433594,223.78125,364.973754882812,2
113,51,0.0,134.357147216797,110.661056518555,241.526763916016,4
83,36,96.6428604125977,0.0,29.509614944458,250.114379882812,4
345,136,140.25,77.7857131958008,27.050479888916,179.266525268555,4
186,107,24.75,134.357147216797,218.862976074219,201.809020996094,4
197,113,147.321426391602,470.25,569.289672851562,675.201477050781,3
162,152,262.821441650391,411.321441650391,323.376190185547,385.369354248047,2
92,267,21.2142848968506,95.4642868041992,239.765625,122.373558044434,4
174,113,0.0,73.0714263916016,57.789665222168,254.408187866211,4
130,66,10.6071424484253,71.8928604125977,84.8401412963867,0.0,4
435,80,0.0,704.785705566406,547.157470703125,777.179443359375,3
265,157,103.714286804199,623.464294433594,661.507202148438,750.343139648438,3
159,107,568.071411132812,195.642852783203,570.519226074219,237.232955932617,1
307,110,139.071426391602,36.5357131958008,71.3149032592773,124.520462036133,4
235,117,591.642883300781,174.428573608398,707.001220703125,4.29380893707275,1
73,65,70.7142868041992,0.0,0.0,256.555084228516,4
123,192,69.5357131958008,0.0,0.0,301.640075683594,4
200,88,0.0,0.0,65.1670684814453,193.221405029297,4
168,77,0.0,101.357139587402,78.6923065185547,200.735565185547,4
218,250,289.928558349609,279.321441650391,221.322113037109,327.402923583984,2
64,26,0.0,0.0,0.0,307.007354736328,4
291,205,185.035720825195,248.678573608398,150.007217407227,203.955932617188,4
92,355,269.892852783203,328.821441650391,355.344940185547,257.628540039062,2
270,105,75.4285736083984,75.4285736083984,0.0,295.199371337891,4
164,204,5.89285707473755,126.107139587402,154.925476074219,173.899261474609,4
104,101,49.5,185.035720825195,71.3149032592773,162.091293334961,4
244,97,99.0,576.321411132812,625.849731445312,615.088134765625,3
251,127,104.892860412598,235.714279174805,0.0,369.267578125,4
424,121,0.0,477.321441650391,654.129821777344,616.16162109375,3
251,109,0.0,84.8571395874023,197.960342407227,241.526763916016,4
430,113,648.214294433594,154.392852783203,609.865356445312,115.932846069336,1
212,121,75.4285736083984,169.714279174805,167.221160888672,330.623291015625,4
205,93,526.821411132812,37.7142868041992,570.519226074219,271.583435058594,1
232,94,147.321426391602,50.6785697937012,178.287261962891,307.007354736328,4
311,148,84.8571395874023,62.4642868041992,152.466339111328,211.470092773438,4
248,169,132.0,181.5,173.368988037109,307.007354736328,4
153,102,44.7857131958008,117.857139587402,163.532455444336,299.493194580078,4
62,9,346.5,0.0,479.53125,280.171051025391,2
82,31,84.8571395874023,120.214286804199,57.789665222168,221.131164550781,4
259,124,91.9285736083984,86.0357131958008,50.4122581481934,202.882476806641,4
163,116,7.07142877578735,16.5,135.252410888672,200.735565185547,4
68,50,0.0,4.7142858505249,11.0661058425903,202.882476806641,4
98,63,21.2142848968506,119.035713195801,130.334136962891,214.690444946289,4
191,195,314.678558349609,229.821426391602,191.8125,355.312683105469,2
298,115,124.928573608398,572.785705566406,601.258422851562,723.5068359375,3
214,122,99.0,645.857116699219,713.149047851562,718.139587402344,3
108,257,235.714279174805,272.25,154.925476074219,279.097595214844,2
118,63,42.4285697937012,74.25,0.0,299.493194580078,4
60,36,0.0,167.357147216797,103.283653259277,218.984252929688,4
266,112,111.964286804199,182.678573608398,157.384613037109,138.475341796875,4
60,20,37.7142868041992,0.0,0.0,271.583435058594,4
359,83,15.3214282989502,28.2857151031494,164.762023925781,295.199371337891,4
105,72,24.75,104.892860412598,100.824516296387,140.62223815918,4
144,73,48.3214302062988,0.0,61.4783668518066,211.470092773438,4
64,71,31.8214282989502,0.0,114.349761962891,225.42497253418,4
64,57,56.5714302062988,0.0,12.2956733703613,238.306396484375,4
155,93,4.7142858505249,136.714279174805,215.174285888672,282.317932128906,4
273,156,44.7857131958008,199.178573608398,132.793273925781,284.46484375,4
221,292,293.464294433594,390.107147216797,286.489196777344,372.487945556641,2
231,91,192.107147216797,102.535713195801,193.042068481445,174.972717285156,4
108,150,115.5,103.714286804199,190.582931518555,250.114379882812,4
83,36,0.0,0.0,0.0,237.232955932617,4
77,160,0.0,0.0,0.0,305.933898925781,4
132,51,0.0,10.6071424484253,54.100959777832,268.363067626953,4
123,447,0.0,153.214279174805,13.525239944458,235.086044311523,4
163,68,532.714294433594,97.8214263916016,693.475952148438,0.0,1
172,97,113.142860412598,524.464294433594,657.818481445312,702.037780761719,3
375,79,550.392883300781,103.714286804199,631.997619628906,0.0,1
203,131,50.6785697937012,17.6785717010498,76.233169555664,265.142700195312,4
262,111,87.2142868041992,174.428573608398,14.754807472229,254.408187866211,4
284,154,116.678573608398,201.535720825195,82.3810119628906,304.860443115234,4
399,104,64.8214263916016,86.0357131958008,106.972358703613,265.142700195312,4
234,112,36.5357131958008,62.4642868041992,78.6923065185547,297.346282958984,4
112,112,30.6428565979004,227.464279174805,73.774040222168,311.301147460938,4
93,244,45.9642868041992,0.0,17.2139415740967,268.363067626953,4
117,45,71.8928604125977,78.9642868041992,206.567306518555,89.0965347290039,4
73,58,87.2142868041992,0.0,88.5288467407227,200.735565185547,4
273,126,205.071426391602,473.785705566406,614.783630371094,633.336853027344,3
105,44,0.0,170.892852783203,0.0,148.136413574219,4
253,130,90.75,17.6785717010498,30.7391834259033,284.46484375,4
127,53,0.0,28.2857151031494,29.509614944458,0.0,4
94,76,45.9642868041992,0.0,0.0,0.0,4
272,137,48.3214302062988,590.464294433594,525.025268554688,693.450134277344,3
111,238,335.892852783203,297.0,226.240386962891,373.561370849609,2
157,94,115.5,511.5,654.129821777344,663.393493652344,3
451,125,38.8928565979004,0.0,3.68870186805725,355.312683105469,4
207,64,41.25,30.6428565979004,226.240386962891,121.300102233887,4
212,123,0.0,200.357147216797,61.4783668518066,287.685211181641,4
85,211,133.178573608398,10.6071424484253,75.0036087036133,119.153198242188,4
210,111,17.6785717010498,100.178573608398,66.3966369628906,210.396636962891,4
226,94,77.7857131958008,91.9285736083984,54.100959777832,37.5708274841309,4
229,109,565.714294433594,29.4642848968506,624.620178222656,212.543548583984,1
468,106,8.25,537.428588867188,624.620178222656,699.890869140625,3
75,105,54.2142868041992,96.6428604125977,0.0,220.057708740234,4
235,114,231.0,278.142852783203,0.0,324.182586669922,2
200,75,591.642883300781,202.714279174805,629.538452148438,285.538299560547,1
331,65,517.392883300781,61.2857131958008,585.274047851562,30.0566635131836,1
127,46,108.428573608398,0.0,67.626205444336,343.504730224609,4
243,135,93.1071395874023,133.178573608398,98.3653869628906,172.825805664062,4
177,74,69.5357131958008,361.821441650391,616.013244628906,593.619079589844,3
372,86,47.1428565979004,0.0,93.4471130371094,203.955932617188,4
69,23,0.0,0.0,157.384613037109,223.278076171875,4
99,49,0.0,0.0,9.83653831481934,157.797485351562,4
106,35,0.0,182.678573608398,49.1826934814453,269.4365234375,4
77,43,24.75,108.428573608398,108.201919555664,332.770202636719,4
335,114,42.4285697937012,16.5,132.793273925781,54.7460632324219,4
199,250,286.392852783203,221.571426391602,113.120193481445,310.227691650391,2
84,64,37.7142868041992,152.035720825195,6.14783668518066,190.001052856445,4
75,15,0.0,176.785720825195,62.7079315185547,60.1133270263672,4
216,109,172.071426391602,147.321426391602,0.0,298.419738769531,4
73,158,117.857139587402,195.642852783203,0.0,0.0,4
91,79,141.428573608398,58.9285697937012,161.073318481445,285.538299560547,4
162,110,239.25,159.107147216797,242.224761962891,309.154235839844,2
226,94,528.0,126.107139587402,735.28125,141.695693969727,1
416,100,38.8928565979004,97.8214263916016,0.0,1.07345223426819,4
233,130,115.5,206.25,61.4783668518066,320.962219238281,4
108,48,88.3928604125977,207.428573608398,209.026443481445,208.249740600586,4
143,38,0.0,189.75,179.516830444336,208.249740600586,4
151,75,0.0,243.964279174805,81.1514434814453,254.408187866211,4
60,269,0.0,157.928573608398,0.0,230.792236328125,4
110,233,265.178558349609,373.607147216797,272.963928222656,341.357818603516,2
257,167,127.285713195801,330.0,630.768005371094,676.27490234375,3
146,76,0.0,90.75,130.334136962891,192.14794921875,4
156,36,23.5714282989502,169.714279174805,92.217544555664,212.543548583984,4
90,119,67.1785736083984,101.357139587402,137.711532592773,281.244476318359,4
114,67,0.0,80.1428604125977,218.862976074219,153.503677368164,4
60,51,0.0,0.0,15.984375,262.995788574219,4
215,127,89.5714263916016,0.0,202.878601074219,212.543548583984,4
162,85,24.75,100.178573608398,13.525239944458,247.967468261719,4
81,34,0.0,0.0,12.2956733703613,190.001052856445,4
178,230,308.785705566406,317.035705566406,137.711532592773,284.46484375,2
83,45,0.0,48.3214302062988,167.221160888672,151.35676574707,4
220,115,84.8571395874023,87.2142868041992,30.7391834259033,243.67366027832,4
186,145,0.0,23.5714282989502,87.2992782592773,280.171051025391,4
82,71,0.0,111.964286804199,0.0,44.0115432739258,4
117,69,107.25,134.357147216797,293.866577148438,285.538299560547,4
259,194,140.25,103.714286804199,234.847351074219,251.18782043457,4
181,77,153.214279174805,30.6428565979004,178.287261962891,154.577117919922,4
87,33,15.3214282989502,78.9642868041992,178.287261962891,104.124870300293,4
283,143,100.178573608398,254.571426391602,126.645431518555,156.724029541016,4
279,131,0.0,86.0357131958008,157.384613037109,282.317932128906,4
293,66,140.25,20.0357151031494,0.0,312.374603271484,4
193,98,154.392852783203,0.0,125.415863037109,159.944381713867,4
86,76,0.0,86.0357131958008,120.497596740723,0.0,4
73,133,0.0,0.0,2.45913457870483,281.244476318359,4
166,65,464.357147216797,1.17857146263123,604.947143554688,129.887725830078,1
87,93,66.0,0.0,124.186294555664,21.4690456390381,4
81,46,0.0,126.107139587402,0.0,238.306396484375,4
78,79,0.0,0.0,12.2956733703613,294.125915527344,4
88,160,0.0,0.0,0.0,281.244476318359,4
87,60,0.0,0.0,47.953125,5.36726140975952,4
310,159,94.2857131958008,218.035720825195,62.7079315185547,294.125915527344,4
234,90,103.714286804199,524.464294433594,651.670654296875,646.21826171875,3
177,96,578.678588867188,200.357147216797,634.456726074219,136.328430175781,1
161,118,115.5,238.071426391602,124.186294555664,208.249740600586,4
81,20,0.0,0.0,86.069709777832,243.67366027832,4
75,53,1.17857146263123,0.0,29.509614944458,188.927597045898,4
268,123,86.0357131958008,261.642852783203,137.711532592773,243.67366027832,4
248,81,50.6785697937012,3.53571438789368,239.765625,178.193069458008,4
191,104,537.428588867188,99.0,791.841369628906,0.0,1
498,115,619.928588867188,231.0,693.475952148438,0.0,1
66,309,0.0,63.6428565979004,14.754807472229,163.164749145508,4
159,126,51.8571434020996,115.5,56.5600967407227,202.882476806641,4
218,99,63.6428565979004,18.8571434020996,185.664657592773,0.0,4
135,117,97.8214263916016,190.928573608398,169.680282592773,176.046173095703,4
103,101,81.3214263916016,0.0,15.984375,117.006294250488,4
201,117,608.142883300781,0.0,695.935119628906,287.685211181641,1
258,163,588.107116699219,0.0,698.394226074219,270.509979248047,1
64,105,159.107147216797,153.214279174805,46.7235565185547,210.396636962891,4
86,23,0.0,50.6785697937012,31.96875,272.656860351562,4
184,63,102.535713195801,173.25,8.60697078704834,0.0,4
64,234,0.0,0.0,70.085334777832,279.097595214844,4
297,96,153.214279174805,0.0,61.4783668518066,272.656860351562,4
76,8,0.0,233.357147216797,108.201919555664,239.379852294922,4
66,83,226.285720825195,157.928573608398,213.944717407227,272.656860351562,2
149,76,83.6785736083984,196.821426391602,175.828125,234.012588500977,4
516,107,627.0,172.071426391602,603.717529296875,117.006294250488,1
119,140,106.071426391602,56.5714302062988,178.287261962891,107.345222473145,4
260,144,0.0,146.142852783203,159.84375,364.973754882812,4
361,108,82.5,0.0,0.0,309.154235839844,4
226,118,134.357147216797,408.964294433594,725.444702148438,760.004211425781,3
418,117,147.321426391602,0.0,132.793273925781,25.7628536224365,4
197,101,76.6071395874023,97.8214263916016,0.0,231.865692138672,4
182,143,520.928588867188,2.35714292526245,762.331726074219,241.526763916016,1
213,89,35.3571434020996,124.928573608398,0.0,284.46484375,4
191,90,45.9642868041992,153.214279174805,27.050479888916,237.232955932617,4
226,95,127.285713195801,153.214279174805,254.520431518555,11.8079748153687,4
234,82,133.178573608398,280.5,150.007217407227,246.894012451172,4
199,106,148.5,165.0,148.777648925781,213.617004394531,4
245,123,591.642883300781,73.0714263916016,684.869018554688,238.306396484375,1
400,115,517.392883300781,0.0,635.686279296875,221.131164550781,1
118,171,166.178573608398,282.857147216797,153.695907592773,293.052459716797,4
62,192,111.964286804199,97.8214263916016,169.680282592773,244.747116088867,4
193,128,117.857139587402,0.0,126.645431518555,190.001052856445,4
78,159,78.9642868041992,110.785713195801,0.0,176.046173095703,4
121,81,74.25,223.928573608398,253.290863037109,0.0,4
388,74,44.7857131958008,0.0,72.5444717407227,75.1416549682617,4
70,120,0.0,0.0,0.0,209.323196411133,4
188,103,89.5714263916016,117.857139587402,142.629806518555,111.639038085938,4
133,79,122.571426391602,35.3571434020996,114.349761962891,198.588668823242,4
320,106,144.964279174805,0.0,147.548080444336,242.600204467773,4
170,108,87.2142868041992,605.785705566406,600.028869628906,642.997924804688,3
399,123,95.4642868041992,66.0,120.497596740723,110.565582275391,4
100,70,0.0,0.0,134.022842407227,96.6107025146484,4
201,158,22.3928565979004,206.25,0.0,197.515213012695,4
134,88,50.6785697937012,516.214294433594,710.689880371094,601.133239746094,3
76,79,73.0714263916016,68.3571395874023,68.8557662963867,225.42497253418,4
176,100,0.0,241.607147216797,0.0,283.391387939453,4
93,156,0.0,1.17857146263123,124.186294555664,259.775451660156,4
239,92,181.5,278.142852783203,124.186294555664,228.645324707031,4
239,100,101.357139587402,161.464279174805,95.90625,208.249740600586,4
377,109,643.5,0.0,619.701904296875,15.0283317565918,1
62,12,0.0,143.785720825195,4.91826915740967,62.2602310180664,4
219,143,62.4642868041992,130.821426391602,151.236785888672,53.6726112365723,4
425,165,615.214294433594,0.0,656.588928222656,313.448059082031,1
368,333,287.571441650391,348.857147216797,226.240386962891,319.888763427734,2
120,127,0.0,0.0,100.824516296387,0.0,4
265,122,101.357139587402,139.071426391602,177.057693481445,209.323196411133,4
122,329,128.464279174805,241.607147216797,4.91826915740967,195.368316650391,4
199,111,0.0,0.0,29.509614944458,181.413436889648,4
248,115,102.535713195801,615.214294433594,600.028869628906,685.935974121094,3
259,239,321.75,326.464294433594,205.337738037109,390.736633300781,2
316,72,562.178588867188,29.4642848968506,550.846130371094,232.93913269043,1
101,114,0.0,28.2857151031494,0.0,234.012588500977,4
448,130,682.392883300781,0.0,611.094970703125,191.074508666992,1
213,103,40.0714302062988,167.357147216797,180.746398925781,64.4071350097656,4
59,53,0.0,51.8571434020996,0.0,218.984252929688,4
203,198,0.0,33.0,212.715148925781,244.747116088867,4
174,57,76.6071395874023,124.928573608398,136.481964111328,287.685211181641,4
436,87,159.107147216797,635.25,616.013244628906,703.111206054688,3
73,31,57.75,139.071426391602,90.9879837036133,262.995788574219,4
460,109,127.285713195801,54.2142868041992,23.3617782592773,150.283309936523,4
196,116,136.714279174805,195.642852783203,106.972358703613,254.408187866211,4
68,41,134.357147216797,117.857139587402,110.661056518555,85.8761825561523,4
69,62,0.0,0.0,116.808891296387,91.2434387207031,4
493,125,89.5714263916016,156.75,0.0,660.173156738281,3
78,25,0.0,90.75,0.0,272.656860351562,4
194,123,84.8571395874023,0.0,0.0,294.125915527344,4
155,74,579.857116699219,74.25,729.133422851562,291.97900390625,1
80,50,55.3928565979004,0.0,137.711532592773,178.193069458008,4
96,60,170.892852783203,226.285720825195,39.3461532592773,252.261276245117,4
120,203,0.0,0.0,167.221160888672,76.2151107788086,4
358,100,143.785720825195,0.0,23.3617782592773,252.261276245117,4
206,90,93.1071395874023,192.107147216797,276.652648925781,315.594970703125,4
69,81,0.0,61.2857131958008,175.828125,127.740821838379,4
229,149,81.3214263916016,206.25,185.664657592773,310.227691650391,4
164,65,0.0,548.035705566406,575.4375,661.24658203125,3
71,180,0.0,15.3214282989502,0.0,272.656860351562,4
64,147,0.0,124.928573608398,17.2139415740967,194.294860839844,4
139,131,55.3928565979004,0.0,148.777648925781,305.933898925781,4
254,104,153.214279174805,94.2857131958008,93.4471130371094,256.555084228516,4
179,370,0.0,119.035713195801,45.4939918518066,144.916061401367,4
156,33,51.8571434020996,154.392852783203,161.073318481445,201.809020996094,4
389,123,169.714279174805,208.607147216797,86.069709777832,0.0,4
61,11,8.25,0.0,1.22956728935242,161.017837524414,4
362,145,126.107139587402,225.107147216797,104.513221740723,209.323196411133,4
90,94,18.8571434020996,1.17857146263123,72.5444717407227,91.2434387207031,4
128,32,29.4642848968506,90.75,154.925476074219,0.0,4
197,186,23.5714282989502,0.0,0.0,92.31689453125,4
222,115,569.25,216.857147216797,571.748779296875,149.209869384766,1
226,221,232.178573608398,278.142852783203,134.022842407227,260.848907470703,2
173,186,325.285705566406,313.5,6.14783668518066,254.408187866211,2
126,88,169.714279174805,23.5714282989502,234.847351074219,140.62223815918,4
339,200,190.928573608398,210.964279174805,115.579330444336,334.917114257812,4
181,86,557.464294433594,135.535720825195,711.919494628906,270.509979248047,1
218,99,548.035705566406,0.0,622.161071777344,231.865692138672,1
173,212,293.464294433594,317.035705566406,180.746398925781,343.504730224609,2
177,126,132.0,160.285720825195,108.201919555664,349.945434570312,4
98,141,0.0,161.464279174805,0.0,251.18782043457,4
127,36,2.35714292526245,108.428573608398,156.155044555664,272.656860351562,4
231,121,102.535713195801,127.285713195801,6.14783668518066,250.114379882812,4
65,88,76.6071395874023,225.107147216797,0.0,60.1133270263672,4
426,113,142.607147216797,69.5357131958008,55.3305282592773,572.150024414062,3
83,50,0.0,0.0,0.0,136.328430175781,4
450,94,192.107147216797,0.0,55.3305282592773,227.571884155273,4
145,46,95.4642868041992,126.107139587402,114.349761962891,240.453308105469,4
532,284,49.5,11.7857141494751,280.341339111328,0.0,4
112,64,34.1785697937012,0.0,83.610580444336,109.492126464844,4
224,100,0.0,430.178558349609,617.242797851562,656.952758789062,3
84,72,0.0,137.892852783203,13.525239944458,194.294860839844,4
74,46,10.6071424484253,0.0,50.4122581481934,142.769149780273,4
71,198,140.25,0.0,335.671875,161.017837524414,4
163,111,5.89285707473755,150.857147216797,152.466339111328,272.656860351562,4
62,70,0.0,62.4642868041992,131.563705444336,301.640075683594,4
317,282,287.571441650391,305.25,118.038459777832,273.730316162109,2
209,139,89.5714263916016,0.0,131.563705444336,305.933898925781,4
236,128,74.25,148.5,232.388214111328,310.227691650391,4
227,263,238.071426391602,285.214294433594,288.948303222656,312.374603271484,2
435,84,0.0,647.035705566406,558.223571777344,723.5068359375,3
195,137,199.178573608398,248.678573608398,152.466339111328,310.227691650391,4
75,92,78.9642868041992,0.0,104.513221740723,240.453308105469,4
239,130,90.75,239.25,226.240386962891,255.481643676758,4
136,72,163.821426391602,0.0,73.774040222168,139.548797607422,4
228,123,87.2142868041992,167.357147216797,17.2139415740967,194.294860839844,4
224,104,3.53571438789368,73.0714263916016,13.525239944458,345.651611328125,4
218,123,0.0,136.714279174805,0.0,0.0,4
107,51,0.0,117.857139587402,90.9879837036133,90.1699905395508,4
418,137,84.8571395874023,25.9285717010498,318.457946777344,246.894012451172,4
232,148,573.964294433594,1.17857146263123,713.149047851562,193.221405029297,1
275,367,139.071426391602,129.642852783203,254.520431518555,300.566619873047,4
158,71,0.0,143.785720825195,106.972358703613,76.2151107788086,4
166,82,0.0,61.2857131958008,0.0,218.984252929688,4
249,103,0.0,130.821426391602,703.3125,307.007354736328,4
80,52,0.0,154.392852783203,145.088943481445,52.5991592407227,4
124,41,102.535713195801,67.1785736083984,0.0,126.667366027832,4
246,135,117.857139587402,56.5714302062988,205.337738037109,203.955932617188,4
131,70,0.0,93.1071395874023,43.034854888916,203.955932617188,4
81,80,0.0,10.6071424484253,121.727165222168,163.164749145508,4
348,105,561.0,87.2142868041992,708.230773925781,226.498428344727,1
206,94,0.0,106.071426391602,0.0,222.204620361328,4
151,404,0.0,109.607139587402,0.0,312.374603271484,4
253,105,573.964294433594,176.785720825195,689.787231445312,231.865692138672,1
359,66,537.428588867188,30.6428565979004,548.387023925781,0.0,1
158,59,0.0,81.3214263916016,142.629806518555,118.079750061035,4
271,143,0.0,23.5714282989502,92.217544555664,333.843658447266,4
446,159,36.5357131958008,117.857139587402,158.614181518555,238.306396484375,4
130,24,0.0,91.9285736083984,78.6923065185547,180.339981079102,4
500,126,612.857116699219,177.964279174805,631.997619628906,224.351516723633,1
427,101,621.107116699219,124.928573608398,684.869018554688,70.8478469848633,1
243,376,75.4285736083984,94.2857131958008,209.026443481445,42.9380912780762,4
273,156,96.6428604125977,0.0,156.155044555664,239.379852294922,4
350,129,172.071426391602,182.678573608398,365.181488037109,301.640075683594,4
201,82,498.535705566406,0.0,657.818481445312,121.300102233887,1
420,78,96.6428604125977,612.857116699219,607.40625,714.919189453125,3
192,90,83.6785736083984,655.285705566406,661.507202148438,682.715637207031,3
408,185,253.392852783203,327.642852783203,237.306488037109,393.956970214844,2
71,37,0.0,77.7857131958008,189.353363037109,155.650573730469,4
188,134,50.6785697937012,156.75,20.902645111084,280.171051025391,4
69,51,192.107147216797,45.9642868041992,44.2644233703613,298.419738769531,4
124,88,526.821411132812,0.0,758.643005371094,265.142700195312,1
155,79,2.35714292526245,135.535720825195,104.513221740723,157.797485351562,4
224,135,0.0,124.928573608398,292.637023925781,249.040924072266,4
184,97,113.142860412598,210.964279174805,0.0,205.029388427734,4
104,14,0.0,109.607139587402,0.0,62.2602310180664,4
152,104,66.0,54.2142868041992,127.875,267.289611816406,4
66,83,68.3571395874023,0.0,44.2644233703613,142.769149780273,4
203,64,108.428573608398,503.25,661.507202148438,640.851013183594,3
83,130,0.0,141.428573608398,14.754807472229,20.3955936431885,4
246,97,528.0,124.928573608398,654.129821777344,163.164749145508,1
418,86,576.321411132812,47.1428565979004,585.274047851562,254.408187866211,1
187,75,43.6071434020996,12.9642858505249,78.6923065185547,195.368316650391,4
64,12,0.0,144.964279174805,0.0,99.8310623168945,4
74,45,0.0,181.5,20.902645111084,107.345222473145,4
402,163,44.7857131958008,220.392852783203,210.256011962891,164.238189697266,4
168,70,0.0,69.5357131958008,62.7079315185547,6.44071340560913,4
250,91,60.1071434020996,66.0,93.4471130371094,178.193069458008,4
65,21,0.0,0.0,0.0,205.029388427734,4
195,88,128.464279174805,133.178573608398,111.890625,319.888763427734,4
210,78,550.392883300781,0.0,667.655029296875,158.870941162109,1
148,93,0.0,126.107139587402,135.252410888672,170.678909301758,4
303,103,564.535705566406,203.892852783203,655.359375,299.493194580078,1
102,182,62.4642868041992,0.0,0.0,123.447006225586,4
155,53,0.0,162.642852783203,90.9879837036133,253.334732055664,4
201,97,632.892883300781,0.0,721.755981445312,114.859390258789,1
118,146,100.178573608398,31.8214282989502,51.6418266296387,338.137451171875,4
125,119,2.35714292526245,0.0,184.435089111328,235.086044311523,4
59,24,0.0,0.0,127.875,222.204620361328,4
315,93,553.928588867188,96.6428604125977,715.608154296875,49.3788032531738,1
126,51,124.928573608398,175.607147216797,50.4122581481934,41.8646392822266,4
209,106,94.2857131958008,0.0,138.941101074219,265.142700195312,4
233,112,87.2142868041992,525.642883300781,659.048095703125,660.173156738281,3
122,62,0.0,37.7142868041992,6.14783668518066,211.470092773438,4
176,85,54.2142868041992,0.0,79.921875,296.272827148438,4
359,85,88.3928604125977,200.357147216797,0.0,0.0,4
416,122,663.535705566406,91.9285736083984,636.915893554688,0.0,1
89,319,77.7857131958008,218.035720825195,76.233169555664,259.775451660156,4
105,32,0.0,0.0,0.0,157.797485351562,4
85,103,0.0,0.0,86.069709777832,153.503677368164,4
278,231,294.642852783203,318.214294433594,287.71875,385.369354248047,2
145,82,64.8214263916016,604.607116699219,705.771606445312,630.116455078125,3
291,107,132.0,716.571411132812,721.755981445312,714.919189453125,3
188,100,160.285720825195,175.607147216797,188.123794555664,140.62223815918,4
93,87,0.0,7.07142877578735,68.8557662963867,124.520462036133,4
233,114,56.5714302062988,114.321426391602,183.205535888672,310.227691650391,4
220,79,115.5,295.821441650391,261.897827148438,267.289611816406,4
99,52,41.25,200.357147216797,0.0,180.339981079102,4
93,169,245.142852783203,387.75,168.450714111328,307.007354736328,2
122,154,301.714294433594,271.071441650391,93.4471130371094,229.718780517578,2
212,156,56.5714302062988,97.8214263916016,121.727165222168,111.639038085938,4
125,186,20.0357151031494,70.7142868041992,0.0,100.904510498047,4
349,129,161.464279174805,29.4642848968506,0.0,290.905548095703,4
459,128,91.9285736083984,645.857116699219,636.915893554688,690.229797363281,3
202,121,605.785705566406,111.964286804199,711.919494628906,0.0,1
75,24,0.0,218.035720825195,0.0,209.323196411133,4
285,114,60.1071434020996,18.8571434020996,9.83653831481934,98.7576065063477,4
339,182,0.0,226.285720825195,231.158660888672,52.5991592407227,4
387,95,623.464294433594,5.89285707473755,629.538452148438,203.955932617188,1
69,59,0.0,208.607147216797,24.5913467407227,231.865692138672,4
94,45,55.3928565979004,124.928573608398,60.2487983703613,195.368316650391,4
147,241,279.321441650391,313.5,277.882202148438,241.526763916016,2
367,135,135.535720825195,486.75,677.491577148438,712.772277832031,3
539,302,331.178558349609,405.428558349609,298.784851074219,460.511016845703,2
61,181,50.6785697937012,0.0,0.0,108.418678283691,4
314,73,0.0,141.428573608398,129.104568481445,298.419738769531,4
402,169,96.6428604125977,84.8571395874023,196.730773925781,230.792236328125,4
190,100,62.4642868041992,594.0,650.441101074219,688.082885742188,3
366,68,484.392852783203,0.0,576.667053222656,172.825805664062,1
84,194,22.3928565979004,200.357147216797,103.283653259277,302.713531494141,4
110,229,0.0,57.75,110.661056518555,269.4365234375,4
72,71,0.0,0.0,0.0,0.0,4
151,64,0.0,42.4285697937012,71.3149032592773,229.718780517578,4
194,252,289.928558349609,256.928558349609,329.524047851562,399.324249267578,2
333,207,117.857139587402,152.035720825195,260.668273925781,274.803771972656,4
82,39,0.0,37.7142868041992,19.6730766296387,235.086044311523,4
225,98,559.821411132812,147.321426391602,710.689880371094,134.181533813477,1
77,118,0.0,0.0,167.221160888672,264.069244384766,4
138,287,1.17857146263123,54.2142868041992,49.1826934814453,270.509979248047,4
135,217,200.357147216797,246.321426391602,127.875,354.2392578125,4
259,166,76.6071395874023,80.1428604125977,0.0,220.057708740234,4
310,68,116.678573608398,50.6785697937012,115.579330444336,217.91081237793,4
150,104,0.0,216.857147216797,110.661056518555,278.024139404297,4
318,365,330.0,407.785705566406,261.897827148438,398.250793457031,2
175,125,103.714286804199,124.928573608398,148.777648925781,46.158447265625,4
86,55,25.9285717010498,117.857139587402,152.466339111328,132.034622192383,4
124,110,0.0,80.1428604125977,0.0,187.854141235352,4
107,75,60.1071434020996,86.0357131958008,35.6574516296387,195.368316650391,4
169,93,94.2857131958008,0.0,167.221160888672,85.8761825561523,4
286,160,634.071411132812,132.0,725.444702148438,325.256042480469,1
209,118,29.4642848968506,372.428558349609,618.472351074219,691.30322265625,3
224,78,94.2857131958008,73.0714263916016,126.645431518555,255.481643676758,4
187,89,43.6071434020996,16.5,57.789665222168,0.0,4
163,39,0.0,166.178573608398,0.0,318.815307617188,4
345,79,134.357147216797,136.714279174805,6.14783668518066,340.284362792969,4
332,62,147.321426391602,0.0,161.073318481445,155.650573730469,4
138,130,117.857139587402,189.75,252.061294555664,351.018890380859,4
534,114,623.464294433594,139.071426391602,625.849731445312,118.079750061035,1
187,100,187.392852783203,170.892852783203,194.271636962891,249.040924072266,4
143,63,0.0,186.214279174805,44.2644233703613,211.470092773438,4
240,112,563.357116699219,56.5714302062988,743.888244628906,181.413436889648,1
327,73,113.142860412598,179.142852783203,62.7079315185547,264.069244384766,4
231,138,139.071426391602,175.607147216797,146.318511962891,228.645324707031,4
359,140,110.785713195801,181.5,138.941101074219,86.9496307373047,4
102,26,3.53571438789368,0.0,175.828125,242.600204467773,4
240,104,43.6071434020996,103.714286804199,172.139419555664,232.93913269043,4
81,69,27.1071434020996,0.0,50.4122581481934,137.401885986328,4
264,79,0.0,210.964279174805,140.170669555664,244.747116088867,4
173,82,552.75,121.392860412598,772.168273925781,176.046173095703,1
105,100,0.0,67.1785736083984,115.579330444336,253.334732055664,4
320,115,189.75,0.0,83.610580444336,151.35676574707,4
371,113,70.7142868041992,128.464279174805,201.649032592773,165.311645507812,4
88,34,0.0,2.35714292526245,126.645431518555,92.31689453125,4
108,115,114.321426391602,0.0,113.120193481445,311.301147460938,4
414,135,159.107147216797,182.678573608398,206.567306518555,215.763900756836,4
176,82,0.0,22.3928565979004,50.4122581481934,272.656860351562,4
393,93,12.9642858505249,543.321411132812,590.192321777344,719.213012695312,3
107,86,51.8571434020996,0.0,93.4471130371094,320.962219238281,4
217,109,537.428588867188,120.214286804199,703.3125,228.645324707031,1
357,96,51.8571434020996,9.4285717010498,100.824516296387,181.413436889648,4
78,55,0.0,0.0,177.057693481445,75.1416549682617,4
305,240,186.214279174805,299.357147216797,63.9375,349.945434570312,4
380,110,49.5,656.464294433594,592.651428222656,651.585510253906,3
80,182,0.0,0.0,4.91826915740967,139.548797607422,4
101,83,0.0,64.8214263916016,66.3966369628906,259.775451660156,4
93,78,0.0,149.678573608398,215.174285888672,205.029388427734,4
104,140,115.5,272.25,31.96875,290.905548095703,4
92,41,0.0,132.0,0.0,234.012588500977,4
200,104,91.9285736083984,146.142852783203,0.0,0.0,4
310,132,15.3214282989502,128.464279174805,98.3653869628906,206.102828979492,4
89,52,42.4285697937012,68.3571395874023,98.3653869628906,295.199371337891,4
451,129,192.107147216797,60.1071434020996,11.0661058425903,109.492126464844,4
241,100,109.607139587402,115.5,516.418273925781,285.538299560547,4
137,76,17.6785717010498,1.17857146263123,12.2956733703613,223.278076171875,4
281,94,57.75,0.0,34.4278831481934,0.0,4
221,97,201.535720825195,0.0,77.4627380371094,303.786987304688,4
163,21,133.178573608398,147.321426391602,13.525239944458,0.0,4
160,123,0.0,69.5357131958008,99.594955444336,249.040924072266,4
99,92,108.428573608398,35.3571434020996,62.7079315185547,264.069244384766,4
214,104,55.3928565979004,136.714279174805,28.2800483703613,258.701995849609,4
186,90,95.4642868041992,124.928573608398,168.450714111328,272.656860351562,4
141,67,7.07142877578735,62.4642868041992,167.221160888672,120.226654052734,4
230,102,0.0,126.107139587402,126.645431518555,258.701995849609,4
194,149,30.6428565979004,123.75,88.5288467407227,339.210906982422,4
448,115,568.071411132812,100.178573608398,625.849731445312,286.611755371094,1
142,142,143.785720825195,34.1785697937012,146.318511962891,247.967468261719,4
127,116,53.0357131958008,245.142852783203,751.265625,5.36726140975952,4
75,91,38.8928565979004,96.6428604125977,14.754807472229,172.825805664062,4
216,132,0.0,515.035705566406,639.375,665.540405273438,3
60,18,0.0,0.0,0.0,77.288558959961,4
396,96,80.1428604125977,67.1785736083984,121.727165222168,211.470092773438,4
73,158,0.0,0.0,36.887020111084,274.803771972656,4
328,139,53.0357131958008,93.1071395874023,244.683898925781,266.216156005859,4
94,38,31.8214282989502,15.3214282989502,126.645431518555,259.775451660156,4
144,47,68.3571395874023,207.428573608398,34.4278831481934,166.385101318359,4
257,37,0.0,53.0357131958008,193.042068481445,115.932846069336,4
503,127,597.535705566406,34.1785697937012,640.604553222656,223.278076171875,1
255,137,55.3928565979004,236.892852783203,161.073318481445,227.571884155273,4
309,346,360.642852783203,359.464294433594,334.442321777344,392.883514404297,2
132,173,74.25,104.892860412598,164.762023925781,284.46484375,4
330,151,559.821411132812,101.357139587402,694.705505371094,217.91081237793,1
230,142,25.9285717010498,272.25,41.805290222168,222.204620361328,4
227,93,80.1428604125977,30.6428565979004,118.038459777832,66.5540390014648,4
131,71,487.928558349609,240.428573608398,568.060119628906,197.515213012695,1
61,3,0.0,80.1428604125977,130.334136962891,270.509979248047,4
231,128,1.17857146263123,122.571426391602,152.466339111328,301.640075683594,4
263,156,77.7857131958008,89.5714263916016,217.633407592773,119.153198242188,4
74,25,4.7142858505249,44.7857131958008,0.0,257.628540039062,4
101,64,67.1785736083984,126.107139587402,159.84375,313.448059082031,4
79,56,77.7857131958008,0.0,18.443510055542,252.261276245117,4
104,71,0.0,150.857147216797,120.497596740723,245.820571899414,4
184,250,333.535705566406,274.607147216797,264.356964111328,352.092346191406,2
319,167,0.0,5.89285707473755,2.45913457870483,267.289611816406,4
69,94,135.535720825195,0.0,156.155044555664,231.865692138672,4
472,150,195.642852783203,744.857116699219,675.032470703125,787.913940429688,3
81,160,9.4285717010498,66.0,72.5444717407227,256.555084228516,4
168,80,568.071411132812,4.7142858505249,801.677856445312,169.605453491211,1
80,85,48.3214302062988,193.285720825195,44.2644233703613,171.752365112305,4
68,50,0.0,210.964279174805,120.497596740723,166.385101318359,4
223,124,129.642852783203,27.1071434020996,148.777648925781,198.588668823242,4
112,67,0.0,42.4285697937012,104.513221740723,0.0,4
377,71,0.0,685.928588867188,667.655029296875,694.523620605469,3
248,131,0.0,62.4642868041992,92.217544555664,310.227691650391,4
275,155,120.214286804199,78.9642868041992,38.116584777832,242.600204467773,4
231,86,86.0357131958008,37.7142868041992,215.174285888672,262.995788574219,4
292,107,0.0,206.25,54.100959777832,318.815307617188,4
154,228,82.5,148.5,0.0,223.278076171875,4
223,98,84.8571395874023,152.035720825195,157.384613037109,235.086044311523,4
393,95,95.4642868041992,74.25,152.466339111328,236.15950012207,4
183,106,572.785705566406,9.4285717010498,745.117797851562,196.441757202148,1
243,48,0.0,108.428573608398,0.0,295.199371337891,4
215,116,61.2857131958008,175.607147216797,748.806518554688,104.124870300293,4
72,44,0.0,123.75,57.789665222168,325.256042480469,4
126,84,27.1071434020996,278.142852783203,603.717529296875,631.18994140625,3
212,108,562.178588867188,132.0,724.215148925781,272.656860351562,1
279,128,15.3214282989502,274.607147216797,164.762023925781,196.441757202148,4
389,111,569.25,77.7857131958008,600.028869628906,184.6337890625,1
448,163,51.8571434020996,109.607139587402,111.890625,0.0,4
365,113,0.0,144.964279174805,0.0,216.837356567383,4
116,50,43.6071434020996,45.9642868041992,126.645431518555,247.967468261719,4
65,34,0.0,169.714279174805,0.0,213.617004394531,4
106,106,0.0,106.071426391602,129.104568481445,15.0283317565918,4
124,123,77.7857131958008,198.0,164.762023925781,373.561370849609,4
60,59,89.5714263916016,38.8928565979004,35.6574516296387,259.775451660156,4
118,108,75.4285736083984,115.5,215.174285888672,198.588668823242,4
79,78,0.0,192.107147216797,47.953125,138.475341796875,4
262,67,61.2857131958008,70.7142868041992,122.956733703613,232.93913269043,4
283,68,146.142852783203,582.214294433594,575.4375,631.18994140625,3
64,32,17.6785717010498,0.0,1.22956728935242,262.995788574219,4
236,85,27.1071434020996,408.964294433594,591.421875,635.483764648438,3
219,155,49.5,190.928573608398,165.991592407227,274.803771972656,4
85,50,67.1785736083984,0.0,81.1514434814453,194.294860839844,4
452,97,44.7857131958008,174.428573608398,170.909851074219,252.261276245117,4
491,107,627.0,77.7857131958008,700.853393554688,271.583435058594,1
192,73,149.678573608398,14.1428575515747,92.217544555664,334.917114257812,4
187,94,0.0,117.857139587402,39.3461532592773,290.905548095703,4
390,88,562.178588867188,209.785720825195,688.557678222656,247.967468261719,1
219,139,598.714294433594,109.607139587402,813.973571777344,103.051414489746,1
64,54,0.0,180.321426391602,14.754807472229,195.368316650391,4
134,118,0.0,154.392852783203,0.0,251.18782043457,4
61,35,0.0,122.571426391602,41.805290222168,235.086044311523,4
240,117,117.857139587402,5.89285707473755,9.83653831481934,215.763900756836,4
60,19,49.5,15.3214282989502,86.069709777832,170.678909301758,4
119,33,71.8928604125977,133.178573608398,1.22956728935242,276.95068359375,4
446,96,603.428588867188,0.0,691.016845703125,33.2770195007324,1
328,90,109.607139587402,162.642852783203,0.0,345.651611328125,4
66,104,0.0,0.0,170.909851074219,250.114379882812,4
112,83,0.0,43.6071434020996,118.038459777832,195.368316650391,4
124,155,180.321426391602,301.714294433594,0.0,282.317932128906,4
227,114,100.178573608398,0.0,178.287261962891,158.870941162109,4
156,75,0.0,150.857147216797,161.073318481445,281.244476318359,4
102,176,0.0,43.6071434020996,0.0,0.0,4
82,194,100.178573608398,0.0,0.0,226.498428344727,4
76,114,0.0,146.142852783203,99.594955444336,196.441757202148,4
239,116,63.6428565979004,504.428558349609,473.383422851562,669.834228515625,3
199,134,140.25,120.214286804199,135.252410888672,200.735565185547,4
179,104,17.6785717010498,129.642852783203,114.349761962891,325.256042480469,4
197,87,74.25,553.928588867188,575.4375,680.568725585938,3
247,138,142.607147216797,284.035705566406,150.007217407227,325.256042480469,4
168,112,84.8571395874023,0.0,103.283653259277,298.419738769531,4
119,332,0.0,157.928573608398,62.7079315185547,0.0,4
71,25,0.0,0.0,44.2644233703613,273.730316162109,4
184,70,12.9642858505249,0.0,0.0,218.984252929688,4
147,68,55.3928565979004,130.821426391602,104.513221740723,223.278076171875,4
159,57,476.142852783203,113.142860412598,731.592529296875,227.571884155273,1
134,148,0.0,100.178573608398,0.0,0.0,4
276,125,57.75,104.892860412598,0.0,284.46484375,4
189,79,49.5,61.2857131958008,0.0,200.735565185547,4
339,72,89.5714263916016,206.25,179.516830444336,64.4071350097656,4
144,88,28.2857151031494,63.6428565979004,141.400238037109,230.792236328125,4
629,177,700.071411132812,34.1785697937012,756.183898925781,238.306396484375,1
160,104,558.642883300781,7.07142877578735,571.748779296875,268.363067626953,1
259,151,553.928588867188,116.678573608398,704.542053222656,246.894012451172,1
114,48,0.0,0.0,148.777648925781,66.5540390014648,4
299,148,66.0,616.392883300781,612.324523925781,694.523620605469,3
262,129,487.928558349609,111.964286804199,662.736755371094,302.713531494141,1
120,86,500.892852783203,104.892860412598,606.176696777344,130.961181640625,1
110,45,141.428573608398,186.214279174805,20.902645111084,279.097595214844,4
186,42,101.357139587402,86.0357131958008,136.481964111328,96.6107025146484,4
69,44,0.0,94.2857131958008,44.2644233703613,44.0115432739258,4
60,49,14.1428575515747,95.4642868041992,248.372589111328,258.701995849609,4
358,114,82.5,77.7857131958008,156.155044555664,111.639038085938,4
96,25,0.0,103.714286804199,0.0,120.226654052734,4
353,90,41.25,675.321411132812,624.620178222656,702.037780761719,3
69,135,0.0,0.0,120.497596740723,120.226654052734,4
142,84,0.0,167.357147216797,108.201919555664,207.176284790039,4
114,102,265.178558349609,300.535705566406,279.111785888672,398.250793457031,2
351,98,601.071411132812,223.928573608398,527.484375,264.069244384766,1
197,102,70.7142868041992,100.178573608398,131.563705444336,244.747116088867,4
92,52,0.0,86.0357131958008,62.7079315185547,283.391387939453,4
79,51,187.392852783203,0.0,170.909851074219,262.995788574219,4
533,97,655.285705566406,0.0,617.242797851562,47.2318992614746,1
134,311,0.0,0.0,45.4939918518066,247.967468261719,4
212,121,142.607147216797,0.0,108.201919555664,255.481643676758,4
88,50,0.0,0.0,76.233169555664,206.102828979492,4
192,73,186.214279174805,239.25,30.7391834259033,274.803771972656,4
134,86,23.5714282989502,11.7857141494751,591.421875,190.001052856445,4
179,335,0.0,256.928558349609,0.0,222.204620361328,4
426,98,605.785705566406,128.464279174805,746.347351074219,223.278076171875,1
259,99,29.4642848968506,213.321426391602,210.256011962891,145.989501953125,4
123,53,0.0,126.107139587402,0.0,65.4805908203125,4
233,114,18.8571434020996,73.0714263916016,127.875,250.114379882812,4
267,184,80.1428604125977,45.9642868041992,185.664657592773,361.75341796875,4
83,236,57.75,0.0,0.0,246.894012451172,4
205,90,83.6785736083984,182.678573608398,102.054084777832,225.42497253418,4
331,85,107.25,116.678573608398,309.850952148438,220.057708740234,4
108,63,103.714286804199,49.5,193.042068481445,281.244476318359,4
376,93,20.0357151031494,108.428573608398,28.2800483703613,214.690444946289,4
61,151,0.0,49.5,45.4939918518066,272.656860351562,4
192,105,0.0,5.89285707473755,0.0,338.137451171875,4
81,61,175.607147216797,246.321426391602,270.504821777344,272.656860351562,4
119,113,41.25,186.214279174805,0.0,80.508918762207,4
348,118,603.428588867188,161.464279174805,625.849731445312,222.204620361328,1
80,32,61.2857131958008,14.1428575515747,147.548080444336,220.057708740234,4
159,55,111.964286804199,360.642852783203,561.912231445312,574.296936035156,3
174,64,0.0,18.8571434020996,45.4939918518066,136.328430175781,4
223,115,9.4285717010498,124.928573608398,159.84375,104.124870300293,4
72,49,0.0,41.25,0.0,134.181533813477,4
252,157,180.321426391602,148.5,263.127410888672,224.351516723633,4
250,55,87.2142868041992,0.0,0.0,82.6558227539062,4
443,114,578.678588867188,0.0,686.098571777344,291.97900390625,1
404,148,223.928573608398,808.5,630.768005371094,834.072387695312,3
336,125,556.285705566406,146.142852783203,693.475952148438,202.882476806641,1
143,41,55.3928565979004,0.0,52.871395111084,59.0398750305176,4
138,43,0.0,5.89285707473755,0.0,232.93913269043,4
76,77,0.0,160.285720825195,0.0,257.628540039062,4
188,121,86.0357131958008,24.75,39.3461532592773,275.877227783203,4
106,97,22.3928565979004,20.0357151031494,180.746398925781,216.837356567383,4
254,95,507.964294433594,57.75,586.503601074219,114.859390258789,1
71,18,0.0,11.7857141494751,145.088943481445,247.967468261719,4
417,92,629.357116699219,0.0,627.079345703125,0.0,1
344,77,57.75,0.0,60.2487983703613,273.730316162109,4
146,243,73.0714263916016,66.0,98.3653869628906,210.396636962891,4
85,20,0.0,114.321426391602,43.034854888916,193.221405029297,4
137,263,194.464279174805,247.5,118.038459777832,356.386138916016,4
378,102,134.357147216797,605.785705566406,545.927856445312,677.348388671875,3
223,122,596.357116699219,129.642852783203,575.4375,318.815307617188,1
111,65,41.25,15.3214282989502,0.0,141.695693969727,4
219,123,0.0,87.2142868041992,122.956733703613,343.504730224609,4
66,30,0.0,0.0,0.0,261.92236328125,4
113,138,30.6428565979004,0.0,177.057693481445,216.837356567383,4
302,167,583.392883300781,47.1428565979004,600.028869628906,287.685211181641,1
189,133,84.8571395874023,94.2857131958008,218.862976074219,341.357818603516,4
188,253,194.464279174805,260.464294433594,196.730773925781,369.267578125,4
205,102,180.321426391602,0.0,90.9879837036133,213.617004394531,4
187,69,114.321426391602,156.75,178.287261962891,250.114379882812,4
279,107,104.892860412598,181.5,154.925476074219,178.193069458008,4
89,76,499.714294433594,137.892852783203,660.277648925781,232.93913269043,1
237,172,147.321426391602,319.392852783203,179.516830444336,315.594970703125,4
155,82,0.0,170.892852783203,68.8557662963867,216.837356567383,4
217,78,525.642883300781,64.8214263916016,743.888244628906,149.209869384766,1
218,118,153.214279174805,60.1071434020996,223.78125,218.984252929688,4
71,26,91.9285736083984,3.53571438789368,4.91826915740967,150.283309936523,4
158,71,579.857116699219,157.928573608398,721.755981445312,278.024139404297,1
231,133,43.6071434020996,599.892883300781,541.009643554688,709.551940917969,3
134,274,220.392852783203,330.0,275.423065185547,406.838409423828,2
372,129,43.6071434020996,0.0,0.0,261.92236328125,4
63,95,183.857147216797,126.107139587402,87.2992782592773,267.289611816406,4
386,95,585.75,14.1428575515747,602.487976074219,307.007354736328,1
298,61,0.0,300.535705566406,103.283653259277,242.600204467773,4
480,138,630.535705566406,181.5,647.981994628906,290.905548095703,1
211,110,0.0,262.821441650391,54.100959777832,242.600204467773,4
384,70,588.107116699219,0.0,638.145446777344,103.051414489746,1
415,82,553.928588867188,307.607147216797,559.453125,205.029388427734,1
216,91,18.8571434020996,126.107139587402,132.793273925781,117.006294250488,4
137,78,146.142852783203,0.0,429.118988037109,334.917114257812,4
147,91,97.8214263916016,114.321426391602,143.859375,317.741882324219,4
252,134,27.1071434020996,154.392852783203,190.582931518555,213.617004394531,4
270,132,0.0,205.071426391602,0.0,303.786987304688,4
68,28,70.7142868041992,0.0,0.0,300.566619873047,4
250,119,42.4285697937012,364.178558349609,679.950744628906,654.805847167969,3
126,122,60.1071434020996,128.464279174805,73.774040222168,329.549835205078,4
145,37,0.0,179.142852783203,175.828125,285.538299560547,4
163,86,148.5,75.4285736083984,102.054084777832,318.815307617188,4
482,101,561.0,103.714286804199,603.717529296875,247.967468261719,1
403,100,548.035705566406,25.9285717010498,585.274047851562,271.583435058594,1
111,67,452.571441650391,0.0,679.950744628906,256.555084228516,1
87,36,0.0,0.0,0.0,96.6107025146484,4
112,327,0.0,24.75,88.5288467407227,322.035675048828,4
168,67,81.3214263916016,166.178573608398,178.287261962891,256.555084228516,4
130,75,47.1428565979004,0.0,400.838928222656,278.024139404297,4
63,226,0.0,0.0,68.8557662963867,0.0,4
68,92,0.0,0.0,46.7235565185547,258.701995849609,4
60,36,0.0,0.0,102.054084777832,78.3620147705078,4
76,77,0.0,66.0,0.0,130.961181640625,4
144,53,229.821426391602,218.035720825195,162.302886962891,304.860443115234,2
165,172,0.0,162.642852783203,169.680282592773,12.8814268112183,4
169,117,106.071426391602,0.0,0.0,36.4973754882812,4
134,120,153.214279174805,75.4285736083984,136.481964111328,246.894012451172,4
203,72,68.3571395874023,136.714279174805,185.664657592773,132.034622192383,4
279,52,549.214294433594,0.0,607.40625,0.0,1
467,124,596.357116699219,192.107147216797,579.126220703125,247.967468261719,1
61,8,0.0,0.0,0.0,100.904510498047,4
349,85,595.178588867188,103.714286804199,657.818481445312,253.334732055664,1
233,139,78.9642868041992,458.464294433594,162.302886962891,215.763900756836,4
329,77,40.0714302062988,21.2142848968506,110.661056518555,75.1416549682617,4
93,49,45.9642868041992,165.0,0.0,334.917114257812,4
215,121,23.5714282989502,597.535705566406,630.768005371094,660.173156738281,3
413,106,594.0,111.964286804199,710.689880371094,312.374603271484,1
70,103,133.178573608398,117.857139587402,114.349761962891,16.1017837524414,4
409,105,126.107139587402,575.142883300781,504.122589111328,685.935974121094,3
287,115,147.321426391602,207.428573608398,0.0,268.363067626953,4
237,111,192.107147216797,30.6428565979004,35.6574516296387,25.7628536224365,4
88,37,0.0,0.0,68.8557662963867,266.216156005859,4
66,12,12.9642858505249,45.9642868041992,49.1826934814453,0.0,4
149,96,0.0,87.2142868041992,177.057693481445,224.351516723633,4
320,208,328.821441650391,401.892852783203,463.546875,461.58447265625,2
260,196,122.571426391602,159.107147216797,92.217544555664,138.475341796875,4
115,189,149.678573608398,275.785705566406,228.699523925781,258.701995849609,4
191,60,126.107139587402,81.3214263916016,308.621398925781,0.0,4
365,77,0.0,146.142852783203,2.45913457870483,254.408187866211,4
186,98,122.571426391602,221.571426391602,121.727165222168,251.18782043457,4
91,68,0.0,0.0,0.0,223.278076171875,4
145,149,280.5,285.214294433594,253.290863037109,381.075561523438,2
100,73,155.571426391602,223.928573608398,288.948303222656,262.995788574219,4
284,141,0.0,174.428573608398,110.661056518555,347.798522949219,4
176,110,95.4642868041992,116.678573608398,183.205535888672,134.181533813477,4
193,225,225.107147216797,341.785705566406,199.189910888672,324.182586669922,2
259,93,166.178573608398,568.071411132812,606.176696777344,674.127990722656,3
224,52,106.071426391602,29.4642848968506,169.680282592773,6.44071340560913,4
90,58,109.607139587402,88.3928604125977,0.0,197.515213012695,4
277,58,0.0,219.214279174805,27.050479888916,249.040924072266,4
164,98,7.07142877578735,179.142852783203,127.875,22.5424976348877,4
113,337,9.4285717010498,0.0,102.054084777832,198.588668823242,4
193,146,83.6785736083984,287.571441650391,17.2139415740967,261.92236328125,4
359,111,21.2142848968506,525.642883300781,630.768005371094,617.235046386719,3
117,31,53.0357131958008,40.0714302062988,127.875,138.475341796875,4
630,203,167.357147216797,674.142883300781,590.192321777344,793.281188964844,3
124,100,154.392852783203,233.357147216797,70.085334777832,144.916061401367,4
135,68,557.464294433594,100.178573608398,705.771606445312,167.458557128906,1
66,79,33.0,84.8571395874023,163.532455444336,138.475341796875,4
173,111,135.535720825195,104.892860412598,255.75,287.685211181641,4
79,16,0.0,102.535713195801,95.90625,251.18782043457,4
197,115,578.678588867188,0.0,769.709106445312,32.2035675048828,1
235,88,47.1428565979004,221.571426391602,211.485580444336,299.493194580078,4
119,48,0.0,0.0,62.7079315185547,227.571884155273,4
418,298,589.285705566406,249.857147216797,681.180297851562,154.577117919922,1
282,123,576.321411132812,0.0,313.539672851562,171.752365112305,1
333,184,97.8214263916016,175.607147216797,97.1358184814453,272.656860351562,4
494,159,50.6785697937012,261.642852783203,172.139419555664,238.306396484375,4
183,94,0.0,609.321411132812,703.3125,718.139587402344,3
128,65,551.571411132812,0.0,757.413452148438,201.809020996094,1
336,68,75.4285736083984,154.392852783203,75.0036087036133,347.798522949219,4
105,34,0.0,10.6071424484253,114.349761962891,186.780685424805,4
137,229,260.464294433594,341.785705566406,240.995193481445,347.798522949219,2
358,64,576.321411132812,268.714294433594,612.324523925781,0.0,1
209,129,132.0,212.142852783203,194.271636962891,303.786987304688,4
465,140,645.857116699219,137.892852783203,569.289672851562,0.0,1
171,94,20.0357151031494,160.285720825195,0.0,101.977966308594,4
146,45,165.0,0.0,0.0,0.0,4
416,84,629.357116699219,0.0,618.472351074219,264.069244384766,1
66,50,12.9642858505249,73.0714263916016,9.83653831481934,138.475341796875,4
462,115,592.821411132812,101.357139587402,631.997619628906,259.775451660156,1
149,75,3.53571438789368,579.857116699219,623.390625,601.133239746094,3
70,83,56.5714302062988,199.178573608398,115.579330444336,202.882476806641,4
91,48,0.0,49.5,35.6574516296387,0.0,4
88,25,0.0,0.0,0.0,244.747116088867,4
98,42,0.0,36.5357131958008,125.415863037109,0.0,4
64,42,0.0,142.607147216797,146.318511962891,317.741882324219,4
194,132,0.0,51.8571434020996,104.513221740723,302.713531494141,4
95,334,0.0,141.428573608398,189.353363037109,270.509979248047,4
288,117,119.035713195801,175.607147216797,216.403839111328,312.374603271484,4
90,106,0.0,0.0,114.349761962891,84.8027267456055,4
97,294,0.0,43.6071434020996,70.085334777832,96.6107025146484,4
309,137,38.8928565979004,63.6428565979004,143.859375,286.611755371094,4
165,66,176.785720825195,73.0714263916016,301.243988037109,0.0,4
91,38,0.0,0.0,17.2139415740967,187.854141235352,4
85,232,100.178573608398,127.285713195801,229.929092407227,2.14690446853638,4
493,108,229.821426391602,649.392883300781,556.994018554688,781.473266601562,3
105,39,0.0,9.4285717010498,12.2956733703613,188.927597045898,4
345,98,614.035705566406,68.3571395874023,595.110595703125,240.453308105469,1
224,143,101.357139587402,133.178573608398,57.789665222168,311.301147460938,4
97,29,102.535713195801,0.0,115.579330444336,185.707244873047,4
124,119,0.0,9.4285717010498,83.610580444336,271.583435058594,4
168,86,523.285705566406,0.0,692.246398925781,261.92236328125,1
444,110,625.821411132812,146.142852783203,570.519226074219,166.385101318359,1
198,147,0.0,89.5714263916016,98.3653869628906,286.611755371094,4
387,92,56.5714302062988,62.4642868041992,93.4471130371094,240.453308105469,4
149,43,42.4285697937012,0.0,223.78125,163.164749145508,4
232,47,41.25,0.0,216.403839111328,98.7576065063477,4
221,140,77.7857131958008,173.25,181.975967407227,211.470092773438,4
333,230,558.642883300781,451.392852783203,714.378601074219,399.324249267578,1
226,114,149.678573608398,524.464294433594,625.849731445312,674.127990722656,3
202,302,179.142852783203,15.3214282989502,222.551681518555,0.0,4
197,92,0.0,643.5,714.378601074219,727.800659179688,3
110,28,0.0,174.428573608398,24.5913467407227,246.894012451172,4
347,304,8.25,155.571426391602,98.3653869628906,269.4365234375,4
166,106,44.7857131958008,49.5,184.435089111328,267.289611816406,4
232,154,50.6785697937012,194.464279174805,0.0,262.995788574219,4
90,53,163.821426391602,141.428573608398,346.737976074219,301.640075683594,4
165,90,469.071441650391,177.964279174805,693.475952148438,181.413436889648,1
75,46,38.8928565979004,0.0,150.007217407227,147.062957763672,4
228,150,130.821426391602,258.107147216797,46.7235565185547,305.933898925781,4
154,94,70.7142868041992,14.1428575515747,162.302886962891,237.232955932617,4
206,112,88.3928604125977,132.0,205.337738037109,271.583435058594,4
62,210,0.0,149.678573608398,45.4939918518066,186.780685424805,4
225,132,102.535713195801,0.0,45.4939918518066,238.306396484375,4
285,64,24.75,0.0,197.960342407227,132.034622192383,4
154,102,60.1071434020996,305.25,77.4627380371094,326.329498291016,4
405,116,133.178573608398,122.571426391602,105.742790222168,0.0,4
75,54,133.178573608398,119.035713195801,60.2487983703613,154.577117919922,4
210,75,0.0,170.892852783203,14.754807472229,121.300102233887,4
78,75,0.0,18.8571434020996,0.0,241.526763916016,4
215,93,0.0,68.3571395874023,350.426696777344,62.2602310180664,4
181,92,75.4285736083984,0.0,207.796875,218.984252929688,4
118,209,54.2142868041992,20.0357151031494,109.431488037109,201.809020996094,4
72,199,47.1428565979004,148.5,47.953125,220.057708740234,4
129,170,175.607147216797,289.928558349609,228.699523925781,226.498428344727,4
247,137,0.0,636.428588867188,654.129821777344,712.772277832031,3
230,81,525.642883300781,152.035720825195,688.557678222656,205.029388427734,1
136,167,269.892852783203,233.357147216797,181.975967407227,301.640075683594,2
123,43,0.0,68.3571395874023,124.186294555664,49.3788032531738,4
134,487,45.9642868041992,0.0,75.0036087036133,144.916061401367,4
423,182,179.142852783203,117.857139587402,113.120193481445,273.730316162109,4
217,83,486.75,141.428573608398,678.721130371094,220.057708740234,1
180,132,33.0,0.0,0.0,216.837356567383,4
252,116,93.1071395874023,99.0,88.5288467407227,275.877227783203,4
248,161,143.785720825195,38.8928565979004,229.929092407227,286.611755371094,4
85,118,42.4285697937012,0.0,146.318511962891,157.797485351562,4
172,220,0.0,137.892852783203,60.2487983703613,218.984252929688,4
136,46,0.0,54.2142868041992,162.302886962891,177.11962890625,4
63,110,0.0,0.0,209.026443481445,271.583435058594,4
236,121,0.0,243.964279174805,228.699523925781,358.533050537109,4
98,81,8.25,0.0,86.069709777832,215.763900756836,4
118,35,78.9642868041992,0.0,29.509614944458,255.481643676758,4
149,155,199.178573608398,300.535705566406,295.096160888672,236.15950012207,4
228,124,38.8928565979004,188.571426391602,207.796875,0.0,4
106,41,58.9285697937012,82.5,113.120193481445,156.724029541016,4
81,83,128.464279174805,201.535720825195,202.878601074219,251.18782043457,4
212,118,104.892860412598,441.964294433594,727.903869628906,651.585510253906,3
285,144,156.75,113.142860412598,131.563705444336,241.526763916016,4
89,31,3.53571438789368,60.1071434020996,25.8209133148193,235.086044311523,4
167,140,0.0,0.0,186.894226074219,227.571884155273,4
217,144,15.3214282989502,234.535720825195,0.0,253.334732055664,4
63,20,0.0,0.0,147.548080444336,191.074508666992,4
368,79,617.571411132812,0.0,659.048095703125,221.131164550781,1
181,147,0.0,0.0,202.878601074219,86.9496307373047,4
174,171,129.642852783203,102.535713195801,94.6766815185547,257.628540039062,4
374,73,51.8571434020996,66.0,67.626205444336,52.5991592407227,4
197,113,139.071426391602,221.571426391602,141.400238037109,0.0,4
272,112,280.5,219.214279174805,233.617782592773,256.555084228516,2
238,119,185.035720825195,549.214294433594,635.686279296875,663.393493652344,3
295,98,565.714294433594,181.5,597.569702148438,255.481643676758,1
192,100,43.6071434020996,83.6785736083984,83.610580444336,0.0,4
180,108,45.9642868041992,155.571426391602,24.5913467407227,206.102828979492,4
82,73,35.3571434020996,185.035720825195,130.334136962891,231.865692138672,4
401,105,557.464294433594,0.0,500.433898925781,266.216156005859,1
73,99,0.0,0.0,17.2139415740967,17.175235748291,4
153,102,82.5,67.1785736083984,111.890625,281.244476318359,4
124,54,0.0,0.0,228.699523925781,15.0283317565918,4
124,111,0.0,0.0,180.746398925781,96.6107025146484,4
176,381,31.8214282989502,0.0,94.6766815185547,249.040924072266,4
378,85,62.4642868041992,757.821411132812,635.686279296875,781.473266601562,3
101,306,161.464279174805,31.8214282989502,11.0661058425903,181.413436889648,4
284,96,130.821426391602,91.9285736083984,30.7391834259033,256.555084228516,4
413,130,149.678573608398,0.0,17.2139415740967,201.809020996094,4
99,28,29.4642848968506,194.464279174805,0.0,206.102828979492,4
624,236,365.357147216797,391.285705566406,345.508422851562,316.668426513672,2
60,66,20.0357151031494,154.392852783203,0.0,247.967468261719,4
187,111,0.0,74.25,102.054084777832,270.509979248047,4
90,77,0.0,0.0,0.0,290.905548095703,4
573,165,186.214279174805,162.642852783203,28.2800483703613,163.164749145508,4
225,84,114.321426391602,94.2857131958008,147.548080444336,281.244476318359,4
248,131,569.25,194.464279174805,711.919494628906,228.645324707031,1
197,107,540.964294433594,40.0714302062988,676.262023925781,41.8646392822266,1
234,105,0.0,500.892852783203,625.849731445312,675.201477050781,3
430,214,260.464294433594,265.178558349609,274.193511962891,285.538299560547,2
416,173,109.607139587402,235.714279174805,52.871395111084,232.93913269043,4
194,93,0.0,239.25,62.7079315185547,258.701995849609,4
125,50,15.3214282989502,0.0,162.302886962891,0.0,4
397,104,173.25,738.964294433594,644.293273925781,788.987426757812,3
440,110,168.535720825195,144.964279174805,216.403839111328,0.0,4
168,87,17.6785717010498,111.964286804199,119.268028259277,47.2318992614746,4
215,89,120.214286804199,58.9285697937012,99.594955444336,353.165802001953,4
142,56,144.964279174805,122.571426391602,0.0,200.735565185547,4
223,116,161.464279174805,135.535720825195,100.824516296387,255.481643676758,4
240,165,140.25,160.285720825195,147.548080444336,281.244476318359,4
375,137,93.1071395874023,173.25,279.111785888672,255.481643676758,4
185,124,102.535713195801,227.464279174805,92.217544555664,273.730316162109,4
247,126,163.821426391602,196.821426391602,195.501205444336,357.459594726562,4
60,18,0.0,45.9642868041992,229.929092407227,254.408187866211,4
224,318,0.0,142.607147216797,105.742790222168,138.475341796875,4
160,119,0.0,77.7857131958008,142.629806518555,176.046173095703,4
178,202,172.071426391602,571.607116699219,618.472351074219,690.229797363281,3
63,10,9.4285717010498,167.357147216797,2.45913457870483,296.272827148438,4
196,108,107.25,621.107116699219,682.409851074219,714.919189453125,3
328,69,15.3214282989502,14.1428575515747,0.0,272.656860351562,4
239,225,311.142852783203,315.857147216797,206.567306518555,209.323196411133,2
101,78,31.8214282989502,5.89285707473755,59.019229888916,144.916061401367,4
256,297,255.75,337.071441650391,264.356964111328,310.227691650391,2
92,53,0.0,21.2142848968506,0.0,120.226654052734,4
85,50,143.785720825195,0.0,167.221160888672,91.2434387207031,4
247,129,80.1428604125977,200.357147216797,88.5288467407227,86.9496307373047,4
62,48,0.0,0.0,125.415863037109,19.3221397399902,4
285,102,0.0,218.035720825195,92.217544555664,267.289611816406,4
84,61,0.0,121.392860412598,0.0,229.718780517578,4
209,143,195.642852783203,128.464279174805,130.334136962891,158.870941162109,4
416,142,108.428573608398,128.464279174805,17.2139415740967,307.007354736328,4
181,85,54.2142868041992,30.6428565979004,113.120193481445,266.216156005859,4
262,53,37.7142868041992,0.0,0.0,166.385101318359,4
168,97,88.3928604125977,229.821426391602,0.0,253.334732055664,4
76,122,0.0,0.0,62.7079315185547,240.453308105469,4
275,161,146.142852783203,91.9285736083984,92.217544555664,346.725067138672,4
173,105,88.3928604125977,64.8214263916016,154.925476074219,179.266525268555,4
76,40,0.0,0.0,164.762023925781,32.2035675048828,4
475,105,645.857116699219,0.0,644.293273925781,0.0,1
326,73,4.7142858505249,30.6428565979004,132.793273925781,33.2770195007324,4
122,90,33.0,0.0,71.3149032592773,0.0,4
108,80,12.9642858505249,0.0,59.019229888916,86.9496307373047,4
206,75,0.0,0.0,145.088943481445,318.815307617188,4
388,65,573.964294433594,0.0,650.441101074219,23.6159496307373,1
293,150,571.607116699219,27.1071434020996,715.608154296875,0.0,1
271,96,17.6785717010498,41.25,252.061294555664,152.430221557617,4
120,39,116.678573608398,135.535720825195,170.909851074219,174.972717285156,4
123,36,12.9642858505249,116.678573608398,71.3149032592773,118.079750061035,4
133,52,0.0,113.142860412598,35.6574516296387,0.0,4
260,157,140.25,222.75,0.0,265.142700195312,4
382,88,610.5,212.142852783203,727.903869628906,215.763900756836,1
151,85,15.3214282989502,526.821411132812,609.865356445312,604.353637695312,3
447,93,605.785705566406,215.678573608398,672.573303222656,0.0,1
284,103,134.357147216797,206.25,292.637023925781,252.261276245117,4
367,177,74.25,0.0,137.711532592773,0.0,4
310,146,166.178573608398,172.071426391602,167.221160888672,0.0,4
217,137,36.5357131958008,114.321426391602,135.252410888672,276.95068359375,4
80,43,89.5714263916016,84.8571395874023,0.0,174.972717285156,4
105,53,4.7142858505249,11.7857141494751,175.828125,208.249740600586,4
232,133,100.178573608398,121.392860412598,66.3966369628906,246.894012451172,4
187,103,57.75,168.535720825195,50.4122581481934,215.763900756836,4
203,120,99.0,190.928573608398,0.0,172.825805664062,4
357,128,106.071426391602,220.392852783203,216.403839111328,295.199371337891,4
63,92,29.4642848968506,44.7857131958008,52.871395111084,0.0,4
323,113,93.1071395874023,91.9285736083984,19.6730766296387,164.238189697266,4
168,99,93.1071395874023,117.857139587402,244.683898925781,290.905548095703,4
291,72,179.142852783203,212.142852783203,34.4278831481934,200.735565185547,4
128,66,97.8214263916016,24.75,265.586547851562,119.153198242188,4
81,110,0.0,61.2857131958008,82.3810119628906,275.877227783203,4
142,78,0.0,120.214286804199,111.890625,305.933898925781,4
288,129,119.035713195801,220.392852783203,0.0,291.97900390625,4
182,90,136.714279174805,470.25,606.176696777344,576.44384765625,3
117,22,0.0,206.25,82.3810119628906,211.470092773438,4
60,41,0.0,0.0,0.0,0.0,4
405,86,114.321426391602,34.1785697937012,65.1670684814453,161.017837524414,4
78,183,75.4285736083984,0.0,223.78125,0.0,4
127,37,0.0,70.7142868041992,110.661056518555,257.628540039062,4
273,153,27.1071434020996,163.821426391602,68.8557662963867,287.685211181641,4
88,41,67.1785736083984,0.0,0.0,206.102828979492,4
213,125,64.8214263916016,255.75,167.221160888672,275.877227783203,4
319,232,192.107147216797,351.214294433594,183.205535888672,323.109130859375,4
130,217,266.357147216797,294.642852783203,60.2487983703613,331.696746826172,2
239,112,41.25,107.25,195.501205444336,246.894012451172,4
119,71,89.5714263916016,0.0,84.8401412963867,211.470092773438,4
395,90,129.642852783203,47.1428565979004,93.4471130371094,117.006294250488,4
342,140,81.3214263916016,18.8571434020996,240.995193481445,140.62223815918,4
184,44,69.5357131958008,30.6428565979004,185.664657592773,305.933898925781,4
235,130,0.0,622.285705566406,581.585327148438,683.7890625,3
264,136,538.607116699219,0.0,536.091369628906,205.029388427734,1
238,103,78.9642868041992,119.035713195801,54.100959777832,191.074508666992,4
80,38,78.9642868041992,0.0,134.022842407227,128.814270019531,4
214,96,0.0,77.7857131958008,172.139419555664,0.0,4
100,19,15.3214282989502,30.6428565979004,193.042068481445,123.447006225586,4
269,117,71.8928604125977,200.357147216797,110.661056518555,200.735565185547,4
66,56,0.0,0.0,35.6574516296387,98.7576065063477,4
146,240,0.0,146.142852783203,256.979553222656,223.278076171875,4
155,153,272.25,341.785705566406,59.019229888916,300.566619873047,2
214,119,0.0,42.4285697937012,9.83653831481934,307.007354736328,4
378,100,637.607116699219,102.535713195801,448.792053222656,296.272827148438,1
240,109,48.3214302062988,0.0,153.695907592773,67.6274948120117,4
336,114,132.0,222.75,129.104568481445,255.481643676758,4
200,125,156.75,213.321426391602,59.019229888916,256.555084228516,4
256,91,0.0,67.1785736083984,0.0,137.401885986328,4
311,66,43.6071434020996,159.107147216797,65.1670684814453,366.047210693359,4
214,79,91.9285736083984,0.0,0.0,202.882476806641,4
147,126,0.0,210.964279174805,104.513221740723,261.92236328125,4
277,193,176.785720825195,298.178558349609,231.158660888672,279.097595214844,4
476,162,0.0,179.142852783203,211.485580444336,235.086044311523,4
91,16,27.1071434020996,0.0,0.0,355.312683105469,4
294,172,122.571426391602,228.642852783203,108.201919555664,280.171051025391,4
202,93,60.1071434020996,9.4285717010498,174.598556518555,291.97900390625,4
96,183,0.0,0.0,31.96875,215.763900756836,4
439,156,141.428573608398,8.25,106.972358703613,245.820571899414,4
381,114,121.392860412598,137.892852783203,104.513221740723,216.837356567383,4
213,119,551.571411132812,161.464279174805,716.837768554688,237.232955932617,1
65,61,0.0,100.178573608398,0.0,231.865692138672,4
278,150,643.5,223.928573608398,684.869018554688,316.668426513672,1
148,25,8.25,192.107147216797,0.0,289.832122802734,4
239,153,83.6785736083984,103.714286804199,179.516830444336,322.035675048828,4
141,100,45.9642868041992,0.0,95.90625,228.645324707031,4
167,73,153.214279174805,133.178573608398,0.0,0.0,4
669,224,656.464294433594,242.785720825195,702.082946777344,236.15950012207,1
95,53,88.3928604125977,0.0,178.287261962891,238.306396484375,4
192,230,318.214294433594,347.678558349609,296.325714111328,354.2392578125,2
185,106,90.75,281.678558349609,55.3305282592773,0.0,4
142,97,176.785720825195,313.5,206.567306518555,366.047210693359,4
144,276,0.0,102.535713195801,0.0,260.848907470703,4
191,110,21.2142848968506,90.75,67.626205444336,210.396636962891,4
305,119,68.3571395874023,15.3214282989502,82.3810119628906,251.18782043457,4
325,154,150.857147216797,0.0,72.5444717407227,115.932846069336,4
340,294,335.892852783203,445.5,218.862976074219,429.380889892578,2
244,171,181.5,208.607147216797,156.155044555664,181.413436889648,4
61,165,0.0,229.821426391602,99.594955444336,254.408187866211,4
171,62,519.75,166.178573608398,671.34375,124.520462036133,1
132,23,107.25,0.0,93.4471130371094,212.543548583984,4
236,143,0.0,150.857147216797,174.598556518555,265.142700195312,4
120,164,111.964286804199,284.035705566406,164.762023925781,288.758666992188,4
120,193,196.821426391602,268.714294433594,221.322113037109,312.374603271484,4
85,78,43.6071434020996,43.6071434020996,23.3617782592773,259.775451660156,4
98,27,84.8571395874023,0.0,73.774040222168,240.453308105469,4
234,133,30.6428565979004,709.5,634.456726074219,735.314819335938,3
123,86,0.0,76.6071395874023,130.334136962891,245.820571899414,4
106,61,129.642852783203,16.5,93.4471130371094,222.204620361328,4
446,107,627.0,115.5,679.950744628906,232.93913269043,1
440,89,163.821426391602,618.75,545.927856445312,756.783813476562,3
427,123,76.6071395874023,130.821426391602,35.6574516296387,275.877227783203,4
84,73,80.1428604125977,0.0,98.3653869628906,310.227691650391,4
549,127,0.0,710.678588867188,564.371398925781,779.326354980469,3
66,26,23.5714282989502,38.8928565979004,150.007217407227,185.707244873047,4
104,102,124.928573608398,81.3214263916016,168.450714111328,279.097595214844,4
59,25,0.0,0.0,115.579330444336,224.351516723633,4
150,55,0.0,30.6428565979004,0.0,109.492126464844,4
64,11,0.0,0.0,81.1514434814453,187.854141235352,4
93,52,127.285713195801,179.142852783203,0.0,2.14690446853638,4
283,181,78.9642868041992,234.535720825195,45.4939918518066,262.995788574219,4
168,238,345.321441650391,380.678558349609,78.6923065185547,370.341033935547,2
431,82,58.9285697937012,482.035705566406,624.620178222656,609.720886230469,3
235,108,0.0,44.7857131958008,134.022842407227,215.763900756836,4
340,94,0.0,152.035720825195,0.0,228.645324707031,4
236,109,132.0,81.3214263916016,41.805290222168,220.057708740234,4
277,129,95.4642868041992,94.2857131958008,13.525239944458,260.848907470703,4
193,95,7.07142877578735,434.892852783203,587.733154296875,711.698852539062,3
106,116,223.928573608398,124.928573608398,47.953125,287.685211181641,2
255,139,34.1785697937012,77.7857131958008,178.287261962891,313.448059082031,4
185,224,302.892852783203,167.357147216797,210.256011962891,206.102828979492,2
255,52,502.071441650391,80.1428604125977,565.600952148438,16.1017837524414,1
166,152,70.7142868041992,209.785720825195,0.0,302.713531494141,4
388,81,163.821426391602,91.9285736083984,2.45913457870483,122.373558044434,4
447,90,571.607116699219,0.0,644.293273925781,210.396636962891,1
119,97,48.3214302062988,76.6071395874023,92.217544555664,229.718780517578,4
239,117,103.714286804199,101.357139587402,14.754807472229,241.526763916016,4
248,153,57.75,231.0,232.388214111328,39.7177352905273,4
65,42,0.0,14.1428575515747,114.349761962891,214.690444946289,4
269,74,94.2857131958008,189.75,254.520431518555,249.040924072266,4
82,116,71.8928604125977,294.642852783203,145.088943481445,296.272827148438,4
393,75,103.714286804199,605.785705566406,538.550476074219,712.772277832031,3
75,114,0.0,140.25,50.4122581481934,282.317932128906,4
400,89,67.1785736083984,605.785705566406,548.387023925781,722.433349609375,3
126,63,535.071411132812,0.0,720.526428222656,197.515213012695,1
385,142,245.142852783203,590.464294433594,616.013244628906,622.602294921875,3
99,191,38.8928565979004,0.0,118.038459777832,195.368316650391,4
84,164,0.0,137.892852783203,0.0,173.899261474609,4
289,122,113.142860412598,9.4285717010498,199.189910888672,310.227691650391,4
151,84,57.75,153.214279174805,89.758415222168,171.752365112305,4
90,115,0.0,0.0,0.0,210.396636962891,4
61,47,0.0,0.0,0.0,0.0,4
190,102,120.214286804199,256.928558349609,212.715148925781,283.391387939453,4
426,83,565.714294433594,30.6428565979004,702.082946777344,272.656860351562,1
150,146,9.4285717010498,165.0,59.019229888916,244.747116088867,4
139,76,515.035705566406,83.6785736083984,630.768005371094,0.0,1
147,85,496.178558349609,1.17857146263123,689.787231445312,296.272827148438,1
288,143,122.571426391602,126.107139587402,158.614181518555,318.815307617188,4
181,83,89.5714263916016,445.5,584.044494628906,597.912902832031,3
308,137,132.0,97.8214263916016,40.5757217407227,216.837356567383,4
323,82,97.8214263916016,678.857116699219,628.308898925781,684.862548828125,3
389,113,17.6785717010498,190.928573608398,38.116584777832,202.882476806641,4
125,230,116.678573608398,308.785705566406,60.2487983703613,280.171051025391,4
106,63,0.0,48.3214302062988,72.5444717407227,63.333683013916,4
208,74,123.75,0.0,115.579330444336,149.209869384766,4
69,25,0.0,0.0,0.0,0.0,4
180,82,165.0,96.6428604125977,210.256011962891,199.662124633789,4
204,116,87.2142868041992,166.178573608398,151.236785888672,225.42497253418,4
111,51,0.0,169.714279174805,0.0,227.571884155273,4
387,81,169.714279174805,130.821426391602,204.108169555664,326.329498291016,4
317,60,0.0,185.035720825195,0.0,269.4365234375,4
190,121,62.4642868041992,540.964294433594,628.308898925781,663.393493652344,3
203,84,14.1428575515747,96.6428604125977,7.3774037361145,267.289611816406,4
235,179,190.928573608398,201.535720825195,34.4278831481934,215.763900756836,4
370,331,361.821441650391,309.964294433594,302.473571777344,337.063995361328,2
340,65,0.0,582.214294433594,572.978393554688,667.687316894531,3
215,186,275.785705566406,297.0,225.010818481445,271.583435058594,2
140,167,55.3928565979004,227.464279174805,41.805290222168,235.086044311523,4
82,88,153.214279174805,0.0,0.0,93.3903427124023,4
238,105,14.1428575515747,231.0,168.450714111328,273.730316162109,4
64,49,14.1428575515747,113.142860412598,25.8209133148193,152.430221557617,4
100,98,12.9642858505249,162.642852783203,132.793273925781,157.797485351562,4
281,158,153.214279174805,160.285720825195,223.78125,341.357818603516,4
93,48,102.535713195801,77.7857131958008,116.808891296387,142.769149780273,4
160,86,14.1428575515747,139.071426391602,12.2956733703613,270.509979248047,4
156,57,553.928588867188,159.107147216797,757.413452148438,274.803771972656,1
237,117,56.5714302062988,24.75,6.14783668518066,184.6337890625,4
258,128,123.75,156.75,94.6766815185547,273.730316162109,4
75,49,0.0,28.2857151031494,63.9375,268.363067626953,4
71,51,0.0,0.0,0.0,251.18782043457,4
261,240,267.535705566406,315.857147216797,228.699523925781,237.232955932617,2
297,77,17.6785717010498,84.8571395874023,178.287261962891,0.0,4
219,149,84.8571395874023,129.642852783203,94.6766815185547,266.216156005859,4
445,121,76.6071395874023,700.071411132812,600.028869628906,849.100708007812,3
86,36,48.3214302062988,0.0,56.5600967407227,235.086044311523,4
142,82,0.0,17.6785717010498,0.0,218.984252929688,4
411,124,27.1071434020996,143.785720825195,253.290863037109,314.521514892578,4
193,151,0.0,122.571426391602,512.729553222656,240.453308105469,4
265,205,243.964279174805,278.142852783203,228.699523925781,344.578186035156,2
184,76,156.75,141.428573608398,218.862976074219,241.526763916016,4
558,170,623.464294433594,148.5,655.359375,352.092346191406,1
128,44,29.4642848968506,0.0,60.2487983703613,252.261276245117,4
138,253,269.892852783203,418.392852783203,236.076919555664,368.194122314453,2
103,64,0.0,94.2857131958008,0.0,182.486877441406,4
187,153,0.0,99.0,145.088943481445,229.718780517578,4
60,16,53.0357131958008,0.0,99.594955444336,4.29380893707275,4
223,107,160.285720825195,88.3928604125977,213.944717407227,331.696746826172,4
132,57,23.5714282989502,60.1071434020996,147.548080444336,92.31689453125,4
86,135,0.0,0.0,0.0,230.792236328125,4
75,33,0.0,0.0,103.283653259277,143.84260559082,4
139,233,0.0,148.5,0.0,289.832122802734,4
81,60,0.0,0.0,0.0,209.323196411133,4
248,91,0.0,0.0,66.3966369628906,242.600204467773,4
379,93,573.964294433594,114.321426391602,663.966369628906,157.797485351562,1
143,86,140.25,12.9642858505249,7.3774037361145,0.0,4
264,113,194.464279174805,206.25,178.287261962891,236.15950012207,4
100,40,0.0,38.8928565979004,164.762023925781,264.069244384766,4
140,51,31.8214282989502,75.4285736083984,0.0,5.36726140975952,4
407,95,220.392852783203,710.678588867188,575.4375,752.490051269531,3
74,99,0.0,0.0,0.0,229.718780517578,4
388,136,604.607116699219,76.6071395874023,603.717529296875,256.555084228516,1
206,98,1.17857146263123,0.0,244.683898925781,265.142700195312,4
403,126,75.4285736083984,144.964279174805,167.221160888672,267.289611816406,4
228,121,42.4285697937012,154.392852783203,19.6730766296387,252.261276245117,4
327,72,615.214294433594,162.642852783203,730.362976074219,148.136413574219,1
288,97,114.321426391602,161.464279174805,0.0,211.470092773438,4
184,30,109.607139587402,226.285720825195,150.007217407227,235.086044311523,4
86,125,0.0,0.0,12.2956733703613,199.662124633789,4
274,62,625.821411132812,233.357147216797,650.441101074219,244.747116088867,1
179,112,133.178573608398,584.571411132812,590.192321777344,666.613830566406,3
135,107,486.75,107.25,587.733154296875,88.0230865478516,1
104,44,0.0,214.5,19.6730766296387,215.763900756836,4
202,93,111.964286804199,107.25,229.929092407227,53.6726112365723,4
171,112,90.75,27.1071434020996,59.019229888916,76.2151107788086,4
67,66,20.0357151031494,4.7142858505249,156.155044555664,257.628540039062,4
198,104,10.6071424484253,602.25,622.161071777344,680.568725585938,3
327,68,510.321441650391,0.0,619.701904296875,77.288558959961,1
87,82,0.0,68.3571395874023,0.0,200.735565185547,4
215,90,90.75,134.357147216797,177.057693481445,268.363067626953,4
245,163,110.785713195801,186.214279174805,63.9375,200.735565185547,4
141,36,0.0,0.0,60.2487983703613,235.086044311523,4
302,87,68.3571395874023,0.0,172.139419555664,295.199371337891,4
274,61,90.75,182.678573608398,78.6923065185547,185.707244873047,4
198,37,7.07142877578735,133.178573608398,11.0661058425903,201.809020996094,4
80,64,140.25,25.9285717010498,153.695907592773,66.5540390014648,4
95,227,21.2142848968506,5.89285707473755,103.283653259277,196.441757202148,4
233,107,0.0,225.107147216797,46.7235565185547,0.0,4
375,92,584.571411132812,87.2142868041992,657.818481445312,113.785942077637,1
81,60,24.75,84.8571395874023,0.0,119.153198242188,4
359,68,41.25,0.0,19.6730766296387,0.0,4
90,52,36.5357131958008,0.0,2.45913457870483,70.8478469848633,4
213,175,312.321441650391,346.5,217.633407592773,371.414489746094,2
311,69,474.964294433594,0.0,496.745178222656,290.905548095703,1
173,228,274.607147216797,331.178558349609,199.189910888672,382.149017333984,2
107,186,67.1785736083984,166.178573608398,196.730773925781,200.735565185547,4
71,270,0.0,71.8928604125977,103.283653259277,299.493194580078,4
105,94,0.0,142.607147216797,0.0,291.97900390625,4
444,92,141.428573608398,707.142883300781,595.110595703125,777.179443359375,3
140,102,67.1785736083984,18.8571434020996,0.0,0.0,4
578,115,195.642852783203,187.392852783203,0.0,262.995788574219,4
77,140,0.0,0.0,0.0,229.718780517578,4
111,54,0.0,83.6785736083984,0.0,171.752365112305,4
134,52,515.035705566406,16.5,623.390625,202.882476806641,1
97,280,34.1785697937012,0.0,225.010818481445,273.730316162109,4
211,138,122.571426391602,25.9285717010498,131.563705444336,326.329498291016,4
196,105,48.3214302062988,209.785720825195,158.614181518555,322.035675048828,4
365,84,44.7857131958008,704.785705566406,566.830505371094,692.376708984375,3
461,115,610.5,0.0,666.425476074219,126.667366027832,1
65,31,35.3571434020996,0.0,15.984375,140.62223815918,4
443,110,604.607116699219,225.107147216797,571.748779296875,217.91081237793,1
91,275,249.857147216797,322.928558349609,43.034854888916,388.589721679688,2
79,100,18.8571434020996,208.607147216797,259.438690185547,294.125915527344,4
282,106,498.535705566406,55.3928565979004,552.075744628906,268.363067626953,1
226,142,0.0,226.285720825195,77.4627380371094,130.961181640625,4
176,97,103.714286804199,162.642852783203,31.96875,229.718780517578,4
68,32,8.25,76.6071395874023,33.1983184814453,226.498428344727,4
560,257,284.035705566406,623.464294433594,517.647827148438,741.755493164062,3
414,146,0.0,148.5,105.742790222168,139.548797607422,4
62,90,24.75,0.0,15.984375,222.204620361328,4
491,142,115.5,91.9285736083984,307.391815185547,191.074508666992,4
71,145,0.0,0.0,0.0,50.4522552490234,4
147,108,111.964286804199,140.25,232.388214111328,284.46484375,4
235,52,0.0,104.892860412598,29.509614944458,0.0,4
198,67,107.25,15.3214282989502,125.415863037109,237.232955932617,4
263,127,78.9642868041992,38.8928565979004,83.610580444336,349.945434570312,4
472,173,702.428588867188,139.071426391602,662.736755371094,140.62223815918,1
184,105,55.3928565979004,0.0,116.808891296387,91.2434387207031,4
117,129,195.642852783203,313.5,14.754807472229,356.386138916016,4
79,36,21.2142848968506,0.0,39.3461532592773,0.0,4
344,133,601.071411132812,116.678573608398,574.207946777344,243.67366027832,1
69,40,0.0,0.0,0.0,50.4522552490234,4
405,118,44.7857131958008,0.0,244.683898925781,345.651611328125,4
78,156,38.8928565979004,108.428573608398,0.0,133.10807800293,4
222,98,75.4285736083984,120.214286804199,83.610580444336,317.741882324219,4
438,229,516.214294433594,276.964294433594,655.359375,362.826873779297,1
61,195,77.7857131958008,0.0,0.0,151.35676574707,4
122,80,0.0,162.642852783203,0.0,207.176284790039,4
311,180,76.6071395874023,167.357147216797,204.108169555664,243.67366027832,4
224,129,0.0,215.678573608398,162.302886962891,337.063995361328,4
127,75,529.178588867188,225.107147216797,688.557678222656,165.311645507812,1
136,67,0.0,94.2857131958008,45.4939918518066,25.7628536224365,4
124,114,299.357147216797,200.357147216797,156.155044555664,275.877227783203,2
72,199,14.1428575515747,83.6785736083984,1.22956728935242,223.278076171875,4
438,119,55.3928565979004,103.714286804199,0.0,0.0,4
175,117,96.6428604125977,175.607147216797,0.0,151.35676574707,4
87,158,29.4642848968506,0.0,30.7391834259033,103.051414489746,4
174,127,162.642852783203,0.0,134.022842407227,205.029388427734,4
199,88,86.0357131958008,498.535705566406,558.223571777344,618.308471679688,3
151,38,99.0,0.0,43.034854888916,226.498428344727,4
143,161,12.9642858505249,0.0,0.0,180.339981079102,4
424,144,597.535705566406,188.571426391602,708.230773925781,168.531997680664,1
298,130,100.178573608398,592.821411132812,667.655029296875,683.7890625,3
221,153,0.0,301.714294433594,630.768005371094,296.272827148438,4
192,112,88.3928604125977,115.5,201.649032592773,165.311645507812,4
412,90,240.428573608398,64.8214263916016,115.579330444336,297.346282958984,2
148,138,0.0,179.142852783203,73.774040222168,216.837356567383,4
904,377,608.142883300781,328.821441650391,602.487976074219,210.396636962891,1
248,157,18.8571434020996,411.321441650391,688.557678222656,712.772277832031,3
247,158,0.0,11.7857141494751,113.120193481445,234.012588500977,4
107,139,0.0,127.285713195801,102.054084777832,88.0230865478516,4
261,107,568.071411132812,240.428573608398,722.985595703125,256.555084228516,1
60,17,56.5714302062988,0.0,184.435089111328,49.3788032531738,4
183,121,0.0,668.25,730.362976074219,694.523620605469,3
85,44,0.0,0.0,0.0,324.182586669922,4
171,86,0.0,143.785720825195,159.84375,281.244476318359,4
92,379,0.0,161.464279174805,194.271636962891,158.870941162109,4
108,35,63.6428565979004,143.785720825195,0.0,286.611755371094,4
105,61,106.071426391602,48.3214302062988,181.975967407227,259.775451660156,4
174,63,562.178588867188,266.357147216797,694.705505371094,237.232955932617,1
90,26,71.8928604125977,0.0,0.0,0.0,4
106,177,246.321426391602,267.535705566406,152.466339111328,261.92236328125,2
62,47,0.0,91.9285736083984,0.0,67.6274948120117,4
333,75,610.5,0.0,661.507202148438,236.15950012207,1
272,120,123.75,176.785720825195,43.034854888916,334.917114257812,4
304,155,28.2857151031494,109.607139587402,97.1358184814453,0.0,4
76,53,84.8571395874023,0.0,84.8401412963867,229.718780517578,4
210,77,119.035713195801,189.75,236.076919555664,294.125915527344,4
222,135,148.5,207.428573608398,199.189910888672,305.933898925781,4
85,41,0.0,55.3928565979004,0.0,279.097595214844,4
489,119,209.785720825195,751.928588867188,604.947143554688,786.840515136719,3
375,76,0.0,94.2857131958008,7.3774037361145,170.678909301758,4
144,206,17.6785717010498,0.0,62.7079315185547,311.301147460938,4
160,84,103.714286804199,154.392852783203,0.0,280.171051025391,4
159,109,552.75,238.071426391602,740.199523925781,335.990570068359,1
68,86,0.0,21.2142848968506,0.0,188.927597045898,4
357,78,583.392883300781,106.071426391602,665.195922851562,222.204620361328,1
404,159,128.464279174805,202.714279174805,71.3149032592773,367.120666503906,4
144,49,0.0,120.214286804199,275.423065185547,0.0,4
207,160,114.321426391602,166.178573608398,29.509614944458,162.091293334961,4
81,160,0.0,81.3214263916016,78.6923065185547,267.289611816406,4
76,53,0.0,0.0,0.0,279.097595214844,4
142,61,34.1785697937012,168.535720825195,0.0,148.136413574219,4
71,68,0.0,123.75,0.0,71.9213027954102,4
131,60,2.35714292526245,130.821426391602,0.0,185.707244873047,4
197,44,0.0,218.035720825195,106.972358703613,55.8195190429688,4
266,115,0.0,256.928558349609,0.0,341.357818603516,4
73,35,36.5357131958008,61.2857131958008,184.435089111328,315.594970703125,4
235,121,38.8928565979004,110.785713195801,140.170669555664,297.346282958984,4
388,121,596.357116699219,69.5357131958008,606.176696777344,31.1301155090332,1
357,85,589.285705566406,189.75,754.954345703125,228.645324707031,1
131,166,241.607147216797,301.714294433594,12.2956733703613,301.640075683594,2
84,43,2.35714292526245,177.964279174805,84.8401412963867,229.718780517578,4
422,102,583.392883300781,198.0,639.375,289.832122802734,1
174,90,505.607147216797,30.6428565979004,639.375,284.46484375,1
157,85,166.178573608398,141.428573608398,75.0036087036133,325.256042480469,4
84,127,76.6071395874023,0.0,14.754807472229,247.967468261719,4
212,108,37.7142868041992,654.107116699219,590.192321777344,725.653747558594,3
255,108,565.714294433594,88.3928604125977,724.215148925781,284.46484375,1
294,86,161.464279174805,0.0,247.143035888672,197.515213012695,4
293,92,507.964294433594,71.8928604125977,564.371398925781,202.882476806641,1
256,115,97.8214263916016,193.285720825195,218.862976074219,203.955932617188,4
148,30,90.75,4.7142858505249,54.100959777832,184.6337890625,4
208,94,134.357147216797,612.857116699219,560.682678222656,687.009460449219,3
189,365,154.392852783203,239.25,177.057693481445,33.2770195007324,4
114,342,0.0,64.8214263916016,0.0,94.4637985229492,4
459,133,96.6428604125977,163.821426391602,54.100959777832,276.95068359375,4
112,105,107.25,165.0,114.349761962891,270.509979248047,4
283,186,165.0,141.428573608398,30.7391834259033,308.080810546875,4
168,74,113.142860412598,0.0,66.3966369628906,294.125915527344,4
68,21,74.25,84.8571395874023,73.774040222168,272.656860351562,4
60,115,0.0,0.0,122.956733703613,90.1699905395508,4
302,59,507.964294433594,185.035720825195,591.421875,226.498428344727,1
234,119,124.928573608398,167.357147216797,157.384613037109,224.351516723633,4
104,41,2.35714292526245,101.357139587402,68.8557662963867,194.294860839844,4
202,74,0.0,526.821411132812,591.421875,573.223510742188,3
321,116,146.142852783203,55.3928565979004,92.217544555664,210.396636962891,4
315,99,29.4642848968506,100.178573608398,226.240386962891,0.0,4
261,94,332.357147216797,220.392852783203,339.360565185547,243.67366027832,2
252,92,132.0,0.0,736.510803222656,46.158447265625,4
240,147,88.3928604125977,187.392852783203,165.991592407227,359.606506347656,4
153,89,0.0,486.75,603.717529296875,638.7041015625,3
369,244,57.75,130.821426391602,28.2800483703613,298.419738769531,4
345,65,540.964294433594,0.0,556.994018554688,0.0,1
155,75,538.607116699219,203.892852783203,726.674255371094,222.204620361328,1
372,106,610.5,100.178573608398,611.094970703125,184.6337890625,1
78,69,161.464279174805,0.0,108.201919555664,311.301147460938,4
190,147,18.8571434020996,213.321426391602,211.485580444336,0.0,4
70,42,89.5714263916016,0.0,0.0,120.226654052734,4
85,88,0.0,82.5,103.283653259277,223.278076171875,4
158,60,469.071441650391,2.35714292526245,561.912231445312,213.617004394531,1
94,65,82.5,37.7142868041992,67.626205444336,168.531997680664,4
107,22,99.0,169.714279174805,56.5600967407227,284.46484375,4
92,56,0.0,62.4642868041992,103.283653259277,188.927597045898,4
252,107,596.357116699219,170.892852783203,745.117797851562,174.972717285156,1
239,121,44.7857131958008,185.035720825195,0.0,323.109130859375,4
165,76,175.607147216797,64.8214263916016,207.796875,205.029388427734,4
293,181,110.785713195801,181.5,0.0,234.012588500977,4
299,71,0.0,5.89285707473755,0.0,181.413436889648,4
93,37,67.1785736083984,0.0,0.0,76.2151107788086,4
93,67,506.785705566406,114.321426391602,746.347351074219,187.854141235352,1
91,29,41.25,28.2857151031494,170.909851074219,212.543548583984,4
274,327,222.75,337.071441650391,250.831726074219,313.448059082031,2
447,112,0.0,621.107116699219,418.052886962891,755.710388183594,3
290,156,200.357147216797,86.0357131958008,94.6766815185547,315.594970703125,4
175,244,321.75,327.642852783203,205.337738037109,386.442810058594,2
259,301,275.785705566406,243.964279174805,239.765625,267.289611816406,2
62,69,0.0,0.0,55.3305282592773,286.611755371094,4
132,74,166.178573608398,100.178573608398,271.734375,0.0,4
274,120,95.4642868041992,28.2857151031494,232.388214111328,348.871978759766,4
424,207,63.6428565979004,155.571426391602,55.3305282592773,254.408187866211,4
223,134,154.392852783203,272.25,134.022842407227,237.232955932617,4
270,332,242.785720825195,335.892852783203,135.252410888672,309.154235839844,2
241,270,272.25,295.821441650391,180.746398925781,348.871978759766,2
149,51,0.0,215.678573608398,202.878601074219,229.718780517578,4
242,153,103.714286804199,80.1428604125977,0.0,282.317932128906,4
236,95,139.071426391602,214.5,183.205535888672,170.678909301758,4
70,263,0.0,30.6428565979004,0.0,255.481643676758,4
299,58,505.607147216797,0.0,581.585327148438,80.508918762207,1
364,93,139.071426391602,0.0,0.0,31.1301155090332,4
342,122,177.964279174805,108.428573608398,23.3617782592773,171.752365112305,4
201,243,182.678573608398,313.5,201.649032592773,268.363067626953,4
69,12,94.2857131958008,66.0,0.0,230.792236328125,4
164,254,240.428573608398,307.607147216797,167.221160888672,337.063995361328,2
230,90,563.357116699219,182.678573608398,716.837768554688,122.373558044434,1
156,154,99.0,268.714294433594,110.661056518555,276.95068359375,4
310,91,123.75,141.428573608398,76.233169555664,220.057708740234,4
139,164,156.75,0.0,164.762023925781,242.600204467773,4
144,28,29.4642848968506,0.0,119.268028259277,311.301147460938,4
68,107,12.9642858505249,169.714279174805,0.0,177.11962890625,4
339,63,147.321426391602,42.4285697937012,14.754807472229,303.786987304688,4
110,29,109.607139587402,120.214286804199,165.991592407227,220.057708740234,4
320,66,127.285713195801,678.857116699219,571.748779296875,706.331604003906,3
69,29,45.9642868041992,0.0,0.0,0.0,4
67,57,0.0,64.8214263916016,12.2956733703613,208.249740600586,4
69,154,0.0,0.0,0.0,112.71248626709,4
62,161,252.214279174805,260.464294433594,340.590148925781,338.137451171875,2
69,186,267.535705566406,287.571441650391,239.765625,360.679962158203,2
160,76,73.0714263916016,91.9285736083984,51.6418266296387,302.713531494141,4
243,127,123.75,738.964294433594,676.262023925781,748.196228027344,3
185,79,7.07142877578735,0.0,138.941101074219,217.91081237793,4
339,105,95.4642868041992,153.214279174805,19.6730766296387,269.4365234375,4
329,147,5.89285707473755,0.0,92.217544555664,224.351516723633,4
86,265,108.428573608398,239.25,265.586547851562,196.441757202148,4
129,84,129.642852783203,0.0,0.0,235.086044311523,4
203,52,47.1428565979004,111.964286804199,118.038459777832,179.266525268555,4
225,102,67.1785736083984,49.5,290.177886962891,215.763900756836,4
255,59,27.1071434020996,153.214279174805,150.007217407227,174.972717285156,4
697,289,470.25,360.642852783203,592.651428222656,391.81005859375,1
312,152,42.4285697937012,115.5,110.661056518555,264.069244384766,4
131,79,0.0,110.785713195801,232.388214111328,288.758666992188,4
261,149,68.3571395874023,223.928573608398,24.5913467407227,40.791187286377,4
60,43,0.0,100.178573608398,0.0,251.18782043457,4
60,10,0.0,8.25,0.0,212.543548583984,4
191,83,573.964294433594,95.4642868041992,659.048095703125,307.007354736328,1
137,65,64.8214263916016,14.1428575515747,0.0,106.271774291992,4
170,41,10.6071424484253,114.321426391602,116.808891296387,190.001052856445,4
262,131,113.142860412598,609.321411132812,676.262023925781,739.608581542969,3
90,21,58.9285697937012,140.25,172.139419555664,224.351516723633,4
87,37,3.53571438789368,0.0,0.0,244.747116088867,4
77,36,0.0,0.0,108.201919555664,133.10807800293,4
67,59,0.0,0.0,140.170669555664,148.136413574219,4
80,63,5.89285707473755,0.0,167.221160888672,165.311645507812,4
363,109,139.071426391602,229.821426391602,0.0,280.171051025391,4
231,111,0.0,269.892852783203,236.076919555664,217.91081237793,4
221,127,106.071426391602,89.5714263916016,148.777648925781,275.877227783203,4
487,150,236.892852783203,313.5,13.525239944458,333.843658447266,2
146,22,93.1071395874023,110.785713195801,132.793273925781,98.7576065063477,4
286,123,116.678573608398,473.785705566406,636.915893554688,645.144775390625,3
74,38,0.0,38.8928565979004,0.0,243.67366027832,4
274,336,308.785705566406,414.857147216797,202.878601074219,357.459594726562,2
98,50,0.0,24.75,41.805290222168,0.0,4
129,125,0.0,123.75,110.661056518555,138.475341796875,4
181,141,500.892852783203,106.071426391602,730.362976074219,0.0,1
218,157,616.392883300781,42.4285697937012,604.947143554688,187.854141235352,1
216,115,0.0,4.7142858505249,207.796875,151.35676574707,4
235,88,2.35714292526245,84.8571395874023,349.197113037109,234.012588500977,4
131,39,86.0357131958008,102.535713195801,118.038459777832,171.752365112305,4
83,69,0.0,0.0,0.0,267.289611816406,4
418,102,599.892883300781,74.25,545.927856445312,165.311645507812,1
84,117,0.0,129.642852783203,77.4627380371094,228.645324707031,4
218,90,0.0,71.8928604125977,134.022842407227,213.617004394531,4
275,121,12.9642858505249,182.678573608398,191.8125,347.798522949219,4
95,29,28.2857151031494,0.0,0.0,181.413436889648,4
165,84,34.1785697937012,157.928573608398,115.579330444336,10.734522819519,4
217,111,94.2857131958008,254.571426391602,154.925476074219,348.871978759766,4
79,22,42.4285697937012,0.0,157.384613037109,199.662124633789,4
90,152,96.6428604125977,122.571426391602,0.0,138.475341796875,4
93,75,66.0,166.178573608398,175.828125,208.249740600586,4
267,104,121.392860412598,141.428573608398,35.6574516296387,199.662124633789,4
321,104,0.0,57.75,43.034854888916,214.690444946289,4
184,122,71.8928604125977,108.428573608398,83.610580444336,283.391387939453,4
102,73,60.1071434020996,163.821426391602,94.6766815185547,191.074508666992,4
351,165,130.821426391602,0.0,22.1322116851807,367.120666503906,4
137,95,471.428558349609,0.0,541.009643554688,313.448059082031,1
291,171,132.0,0.0,143.859375,298.419738769531,4
174,104,24.75,133.178573608398,125.415863037109,77.288558959961,4
330,146,174.428573608398,177.964279174805,40.5757217407227,178.193069458008,4
198,73,56.5714302062988,611.678588867188,611.094970703125,688.082885742188,3
101,53,143.785720825195,0.0,0.0,154.577117919922,4
107,97,11.7857141494751,0.0,19.6730766296387,181.413436889648,4
242,383,67.1785736083984,0.0,141.400238037109,174.972717285156,4
287,130,110.785713195801,108.428573608398,730.362976074219,62.2602310180664,4
60,40,88.3928604125977,49.5,0.0,15.0283317565918,4
290,77,135.535720825195,150.857147216797,102.054084777832,142.769149780273,4
110,41,134.357147216797,14.1428575515747,86.069709777832,0.0,4
239,137,0.0,562.178588867188,666.425476074219,724.580261230469,3
193,97,18.8571434020996,8.25,76.233169555664,278.024139404297,4
181,117,518.571411132812,47.1428565979004,775.856994628906,243.67366027832,1
224,105,135.535720825195,440.785705566406,617.242797851562,630.116455078125,3
301,60,530.357116699219,203.892852783203,689.787231445312,230.792236328125,1
116,42,0.0,0.0,49.1826934814453,53.6726112365723,4
78,35,71.8928604125977,175.607147216797,0.0,37.5708274841309,4
349,72,576.321411132812,126.107139587402,593.880981445312,275.877227783203,1
291,116,17.6785717010498,643.5,677.491577148438,725.653747558594,3
325,162,169.714279174805,154.392852783203,0.0,247.967468261719,4
60,116,0.0,0.0,0.0,63.333683013916,4
168,139,3.53571438789368,70.7142868041992,135.252410888672,227.571884155273,4
159,219,279.321441650391,268.714294433594,19.6730766296387,385.369354248047,2
392,74,591.642883300781,5.89285707473755,586.503601074219,114.859390258789,1
246,76,505.607147216797,104.892860412598,617.242797851562,249.040924072266,1
158,121,113.142860412598,0.0,41.805290222168,252.261276245117,4
287,155,113.142860412598,0.0,115.579330444336,179.266525268555,4
383,82,569.25,186.214279174805,677.491577148438,251.18782043457,1
337,67,123.75,86.0357131958008,52.871395111084,199.662124633789,4
72,114,0.0,109.607139587402,38.116584777832,211.470092773438,4
117,443,77.7857131958008,267.535705566406,236.076919555664,303.786987304688,4
84,38,0.0,170.892852783203,36.887020111084,0.0,4
136,110,0.0,116.678573608398,52.871395111084,259.775451660156,4
288,138,81.3214263916016,102.535713195801,25.8209133148193,120.226654052734,4
88,109,0.0,0.0,199.189910888672,222.204620361328,4
107,84,0.0,40.0714302062988,204.108169555664,75.1416549682617,4
286,128,60.1071434020996,0.0,131.563705444336,141.695693969727,4
195,195,20.0357151031494,77.7857131958008,127.875,117.006294250488,4
445,155,657.642883300781,222.75,766.020446777344,278.024139404297,1
209,131,115.5,163.821426391602,88.5288467407227,326.329498291016,4
145,236,221.571426391602,314.678558349609,140.170669555664,335.990570068359,2
247,135,18.8571434020996,660.0,629.538452148438,717.066101074219,3
87,28,101.357139587402,4.7142858505249,27.050479888916,231.865692138672,4
108,79,41.25,101.357139587402,202.878601074219,282.317932128906,4
370,98,610.5,18.8571434020996,698.394226074219,217.91081237793,1
226,140,87.2142868041992,200.357147216797,151.236785888672,236.15950012207,4
149,108,87.2142868041992,172.071426391602,97.1358184814453,155.650573730469,4
255,128,162.642852783203,269.892852783203,103.283653259277,320.962219238281,4
95,34,0.0,100.178573608398,108.201919555664,27.9097595214844,4
73,262,0.0,0.0,116.808891296387,64.4071350097656,4
60,119,0.0,48.3214302062988,65.1670684814453,274.803771972656,4
74,55,84.8571395874023,168.535720825195,167.221160888672,357.459594726562,4
241,115,99.0,81.3214263916016,113.120193481445,42.9380912780762,4
168,113,0.0,82.5,207.796875,207.176284790039,4
297,127,605.785705566406,114.321426391602,791.841369628906,8.5876178741455,1
277,167,599.892883300781,38.8928565979004,738.969970703125,159.944381713867,1
426,155,94.2857131958008,95.4642868041992,298.784851074219,129.887725830078,4
108,49,0.0,42.4285697937012,207.796875,237.232955932617,4
98,56,50.6785697937012,0.0,39.3461532592773,167.458557128906,4
497,252,140.25,147.321426391602,116.808891296387,188.927597045898,4
212,72,64.8214263916016,467.892852783203,554.534851074219,586.104919433594,3
107,61,82.5,73.0714263916016,0.0,198.588668823242,4
70,81,0.0,144.964279174805,20.902645111084,291.97900390625,4
172,123,12.9642858505249,175.607147216797,248.372589111328,312.374603271484,4
349,94,594.0,45.9642868041992,544.698303222656,121.300102233887,1
239,252,269.892852783203,374.785705566406,270.504821777344,245.820571899414,2
191,92,53.0357131958008,121.392860412598,75.0036087036133,205.029388427734,4
161,43,0.0,143.785720825195,106.972358703613,8.5876178741455,4
114,207,286.392852783203,334.714294433594,145.088943481445,376.78173828125,2
243,128,76.6071395874023,71.8928604125977,250.831726074219,113.785942077637,4
84,9,0.0,0.0,31.96875,221.131164550781,4
101,72,478.5,136.714279174805,655.359375,144.916061401367,1
95,114,0.0,109.607139587402,175.828125,4.29380893707275,4
344,104,89.5714263916016,0.0,56.5600967407227,260.848907470703,4
432,165,76.6071395874023,97.8214263916016,265.586547851562,169.605453491211,4
283,131,0.0,64.8214263916016,3.68870186805725,101.977966308594,4
127,90,536.25,0.0,678.721130371094,196.441757202148,1
163,75,109.607139587402,0.0,54.100959777832,240.453308105469,4
109,33,35.3571434020996,155.571426391602,0.0,201.809020996094,4
278,180,95.4642868041992,185.035720825195,67.626205444336,18.2486877441406,4
417,72,29.4642848968506,74.25,138.941101074219,239.379852294922,4
256,125,95.4642868041992,189.75,137.711532592773,315.594970703125,4
237,145,621.107116699219,0.0,704.542053222656,267.289611816406,1
63,63,53.0357131958008,128.464279174805,0.0,326.329498291016,4
247,126,25.9285717010498,170.892852783203,209.026443481445,290.905548095703,4
274,77,41.25,641.142883300781,606.176696777344,695.597045898438,3
566,608,247.5,286.392852783203,315.998809814453,372.487945556641,2
412,80,78.9642868041992,74.25,150.007217407227,9.66106986999512,4
241,122,176.785720825195,176.785720825195,194.271636962891,122.373558044434,4
93,117,22.3928565979004,51.8571434020996,38.116584777832,215.763900756836,4
351,121,629.357116699219,166.178573608398,683.639404296875,256.555084228516,1
81,84,0.0,0.0,104.513221740723,203.955932617188,4
60,27,0.0,121.392860412598,147.548080444336,222.204620361328,4
123,30,0.0,179.142852783203,97.1358184814453,22.5424976348877,4
249,115,130.821426391602,216.857147216797,67.626205444336,253.334732055664,4
205,104,49.5,0.0,0.0,187.854141235352,4
85,105,81.3214263916016,0.0,0.0,231.865692138672,4
213,91,35.3571434020996,0.0,100.824516296387,144.916061401367,4
193,101,108.428573608398,202.714279174805,63.9375,291.97900390625,4
248,129,67.1785736083984,238.071426391602,41.805290222168,232.93913269043,4
77,175,0.0,67.1785736083984,168.450714111328,133.10807800293,4
129,212,259.285705566406,331.178558349609,169.680282592773,347.798522949219,2
61,60,103.714286804199,22.3928565979004,63.9375,626.896118164062,3
367,265,325.285705566406,432.535705566406,320.917053222656,459.437561035156,2
401,97,597.535705566406,186.214279174805,459.858184814453,280.171051025391,1
222,124,80.1428604125977,212.142852783203,34.4278831481934,286.611755371094,4
436,108,635.25,104.892860412598,719.296875,117.006294250488,1
213,83,50.6785697937012,57.75,89.758415222168,228.645324707031,4
246,158,261.642852783203,249.857147216797,264.356964111328,398.250793457031,2
153,44,0.0,0.0,0.0,165.311645507812,4
141,54,0.0,0.0,86.069709777832,300.566619873047,4
171,61,0.0,48.3214302062988,90.9879837036133,159.944381713867,4
107,27,0.0,21.2142848968506,22.1322116851807,15.0283317565918,4
231,90,54.2142868041992,140.25,114.349761962891,184.6337890625,4
235,154,96.6428604125977,144.964279174805,82.3810119628906,112.71248626709,4
282,117,37.7142868041992,544.5,651.670654296875,647.291687011719,3
226,86,3.53571438789368,73.0714263916016,68.8557662963867,289.832122802734,4
60,23,0.0,0.0,147.548080444336,126.667366027832,4
60,129,42.4285697937012,0.0,33.1983184814453,211.470092773438,4
106,115,97.8214263916016,0.0,197.960342407227,0.0,4
250,94,515.035705566406,36.5357131958008,659.048095703125,288.758666992188,1
340,132,115.5,0.0,162.302886962891,271.583435058594,4
349,60,0.0,139.071426391602,0.0,181.413436889648,4
395,94,56.5714302062988,68.3571395874023,55.3305282592773,158.870941162109,4
168,151,0.0,50.6785697937012,15.984375,143.84260559082,4
174,42,70.7142868041992,210.964279174805,95.90625,215.763900756836,4
152,267,340.607147216797,398.357147216797,84.8401412963867,434.748168945312,2
115,166,0.0,122.571426391602,57.789665222168,236.15950012207,4
102,63,117.857139587402,198.0,0.0,111.639038085938,4
178,78,0.0,216.857147216797,189.353363037109,286.611755371094,4
113,66,82.5,0.0,57.789665222168,212.543548583984,4
161,76,95.4642868041992,113.142860412598,228.699523925781,243.67366027832,4
250,126,120.214286804199,89.5714263916016,173.368988037109,206.102828979492,4
203,56,66.0,69.5357131958008,213.944717407227,257.628540039062,4
109,57,0.0,10.6071424484253,0.0,368.194122314453,4
347,92,28.2857151031494,40.0714302062988,122.956733703613,26.8363056182861,4
170,120,0.0,194.464279174805,86.069709777832,358.533050537109,4
385,114,629.357116699219,241.607147216797,675.032470703125,280.171051025391,1
85,17,0.0,0.0,13.525239944458,179.266525268555,4
213,93,74.25,182.678573608398,68.8557662963867,256.555084228516,4
146,180,0.0,88.3928604125977,33.1983184814453,0.0,4
250,52,0.0,99.0,193.042068481445,255.481643676758,4
246,223,314.678558349609,311.142852783203,275.423065185547,293.052459716797,2
96,42,109.607139587402,3.53571438789368,0.0,0.0,4
471,147,0.0,176.785720825195,165.991592407227,288.758666992188,4
112,84,86.0357131958008,225.107147216797,159.84375,307.007354736328,4
109,29,30.6428565979004,27.1071434020996,127.875,153.503677368164,4
203,93,139.071426391602,396.0,625.849731445312,714.919189453125,3
80,71,0.0,218.035720825195,0.0,225.42497253418,4
97,168,0.0,114.321426391602,11.0661058425903,227.571884155273,4
272,189,121.392860412598,14.1428575515747,4.91826915740967,337.063995361328,4
404,80,622.285705566406,123.75,564.371398925781,124.520462036133,1
209,117,557.464294433594,0.0,736.510803222656,246.894012451172,1
102,237,0.0,0.0,185.664657592773,166.385101318359,4
65,17,0.0,0.0,31.96875,0.0,4
383,104,179.142852783203,102.535713195801,43.034854888916,97.6841583251953,4
347,103,17.6785717010498,496.178558349609,627.079345703125,642.997924804688,3
369,108,662.357116699219,0.0,643.063720703125,319.888763427734,1
243,181,136.714279174805,275.785705566406,153.695907592773,290.905548095703,4
173,97,148.5,391.285705566406,550.846130371094,564.635864257812,3
292,80,16.5,136.714279174805,150.007217407227,283.391387939453,4
71,27,10.6071424484253,90.75,52.871395111084,200.735565185547,4
328,61,78.9642868041992,107.25,9.83653831481934,281.244476318359,4
387,189,115.5,183.857147216797,266.816101074219,242.600204467773,4
457,99,81.3214263916016,196.821426391602,0.0,28.983211517334,4
88,50,0.0,36.5357131958008,145.088943481445,181.413436889648,4
194,141,74.25,179.142852783203,118.038459777832,301.640075683594,4
171,80,53.0357131958008,0.0,172.139419555664,111.639038085938,4
202,102,150.857147216797,444.321441650391,617.242797851562,652.658996582031,3
237,50,128.464279174805,153.214279174805,268.045684814453,281.244476318359,4
101,26,0.0,61.2857131958008,103.283653259277,63.333683013916,4
203,85,64.8214263916016,63.6428565979004,0.0,203.955932617188,4
60,66,0.0,25.9285717010498,0.0,285.538299560547,4
63,14,101.357139587402,173.25,0.0,119.153198242188,4
88,43,96.6428604125977,140.25,50.4122581481934,0.0,4
405,98,82.5,812.035705566406,618.472351074219,802.942260742188,3
188,95,584.571411132812,0.0,746.347351074219,74.0682067871094,1
292,87,69.5357131958008,63.6428565979004,127.875,240.453308105469,4
206,108,564.535705566406,160.285720825195,721.755981445312,312.374603271484,1
162,272,116.678573608398,0.0,81.1514434814453,259.775451660156,4
104,51,0.0,48.3214302062988,0.0,97.6841583251953,4
102,160,0.0,55.3928565979004,196.730773925781,51.525707244873,4
301,136,0.0,222.75,114.349761962891,340.284362792969,4
98,49,0.0,216.857147216797,0.0,0.0,4
103,53,102.535713195801,177.964279174805,98.3653869628906,0.0,4
403,87,628.178588867188,15.3214282989502,719.296875,112.71248626709,1
96,35,54.2142868041992,0.0,15.984375,0.0,4
297,85,616.392883300781,146.142852783203,709.460327148438,256.555084228516,1
535,118,656.464294433594,40.0714302062988,672.573303222656,253.334732055664,1
338,236,320.571441650391,274.607147216797,252.061294555664,331.696746826172,2
197,131,134.357147216797,482.035705566406,624.620178222656,660.173156738281,3
67,68,0.0,0.0,47.953125,82.6558227539062,4
335,102,9.4285717010498,162.642852783203,89.758415222168,128.814270019531,4
200,346,165.0,282.857147216797,154.925476074219,257.628540039062,4
97,88,0.0,73.0714263916016,61.4783668518066,158.870941162109,4
146,247,50.6785697937012,140.25,0.0,127.740821838379,4
90,43,0.0,218.035720825195,97.1358184814453,173.899261474609,4
289,107,50.6785697937012,0.0,13.525239944458,195.368316650391,4
228,133,188.571426391602,8.25,11.0661058425903,299.493194580078,4
371,120,189.75,0.0,180.746398925781,283.391387939453,4
109,140,35.3571434020996,120.214286804199,11.0661058425903,222.204620361328,4
183,206,284.035705566406,286.392852783203,44.2644233703613,303.786987304688,2
388,111,101.357139587402,503.25,456.169464111328,707.405029296875,3
212,132,0.0,86.0357131958008,67.626205444336,212.543548583984,4
86,24,153.214279174805,35.3571434020996,66.3966369628906,231.865692138672,4
234,255,196.821426391602,249.857147216797,250.831726074219,315.594970703125,4
131,104,0.0,0.0,234.847351074219,322.035675048828,4
176,101,0.0,200.357147216797,0.0,268.363067626953,4
118,62,50.6785697937012,194.464279174805,31.96875,266.216156005859,4
214,92,0.0,555.107116699219,550.846130371094,653.732421875,3
289,159,36.5357131958008,225.107147216797,195.501205444336,192.14794921875,4
72,84,30.6428565979004,185.035720825195,211.485580444336,150.283309936523,4
163,111,128.464279174805,177.964279174805,213.944717407227,323.109130859375,4
103,88,0.0,186.214279174805,31.96875,295.199371337891,4
141,68,0.0,51.8571434020996,45.4939918518066,140.62223815918,4
171,58,69.5357131958008,70.7142868041992,56.5600967407227,200.735565185547,4
141,174,170.892852783203,306.428558349609,170.909851074219,371.414489746094,4
269,113,8.25,40.0714302062988,172.139419555664,0.0,4
357,68,153.214279174805,135.535720825195,114.349761962891,218.984252929688,4
262,113,74.25,49.5,163.532455444336,258.701995849609,4
101,40,56.5714302062988,50.6785697937012,177.057693481445,193.221405029297,4
59,61,0.0,0.0,0.0,200.735565185547,4
307,75,128.464279174805,596.357116699219,458.628601074219,741.755493164062,3
215,206,68.3571395874023,0.0,194.271636962891,185.707244873047,4
64,42,0.0,0.0,0.0,269.4365234375,4
216,138,148.5,119.035713195801,237.306488037109,280.171051025391,4
73,55,66.0,0.0,38.116584777832,291.97900390625,4
139,127,90.75,142.607147216797,127.875,304.860443115234,4
453,113,0.0,167.357147216797,0.0,231.865692138672,4
527,163,0.0,674.142883300781,555.764404296875,793.281188964844,3
145,60,77.7857131958008,194.464279174805,49.1826934814453,181.413436889648,4
319,146,120.214286804199,89.5714263916016,150.007217407227,304.860443115234,4
155,24,40.0714302062988,77.7857131958008,92.217544555664,273.730316162109,4
311,84,101.357139587402,491.464294433594,628.308898925781,642.997924804688,3
161,70,153.214279174805,23.5714282989502,174.598556518555,288.758666992188,4
92,34,0.0,0.0,118.038459777832,206.102828979492,4
232,119,15.3214282989502,629.357116699219,682.409851074219,695.597045898438,3
92,58,53.0357131958008,96.6428604125977,248.372589111328,223.278076171875,4
277,109,40.0714302062988,48.3214302062988,67.626205444336,282.317932128906,4
289,68,585.75,0.0,561.912231445312,242.600204467773,1
106,109,76.6071395874023,156.75,0.0,250.114379882812,4
496,122,153.214279174805,736.607116699219,602.487976074219,779.326354980469,3
177,39,58.9285697937012,121.392860412598,93.4471130371094,77.288558959961,4
421,111,608.142883300781,0.0,638.145446777344,293.052459716797,1
392,100,589.285705566406,149.678573608398,656.588928222656,281.244476318359,1
240,124,599.892883300781,173.25,708.230773925781,236.15950012207,1
181,95,0.0,0.0,124.186294555664,120.226654052734,4
297,67,11.7857141494751,11.7857141494751,216.403839111328,71.9213027954102,4
109,113,558.642883300781,0.0,707.001220703125,396.103881835938,1
207,231,186.214279174805,299.357147216797,272.963928222656,344.578186035156,4
231,142,90.75,103.714286804199,19.6730766296387,323.109130859375,4
76,44,17.6785717010498,193.285720825195,0.0,288.758666992188,4
270,121,187.392852783203,220.392852783203,174.598556518555,179.266525268555,4
64,51,0.0,153.214279174805,92.217544555664,74.0682067871094,4
174,104,0.0,136.714279174805,156.155044555664,289.832122802734,4
169,98,25.9285717010498,202.714279174805,163.532455444336,3.22035670280457,4
63,25,0.0,22.3928565979004,0.0,281.244476318359,4
274,107,34.1785697937012,179.142852783203,146.318511962891,375.708282470703,4
204,136,0.0,227.464279174805,0.0,318.815307617188,4
85,43,4.7142858505249,42.4285697937012,9.83653831481934,224.351516723633,4
180,202,370.071441650391,276.964294433594,595.110595703125,386.442810058594,2
407,106,584.571411132812,18.8571434020996,629.538452148438,121.300102233887,1
81,21,0.0,101.357139587402,29.509614944458,145.989501953125,4
118,99,20.0357151031494,173.25,54.100959777832,218.984252929688,4
60,713,0.0,63.6428565979004,120.497596740723,154.577117919922,4
97,115,0.0,126.107139587402,146.318511962891,266.216156005859,4
64,37,0.0,42.4285697937012,49.1826934814453,209.323196411133,4
77,62,0.0,0.0,135.252410888672,250.114379882812,4
71,18,83.6785736083984,45.9642868041992,88.5288467407227,83.7292785644531,4
233,136,93.1071395874023,166.178573608398,0.0,353.165802001953,4
66,20,0.0,83.6785736083984,3.68870186805725,234.012588500977,4
297,121,0.0,7.07142877578735,77.4627380371094,314.521514892578,4
277,97,80.1428604125977,121.392860412598,263.127410888672,322.035675048828,4
280,167,110.785713195801,174.428573608398,81.1514434814453,232.93913269043,4
358,128,581.035705566406,82.5,555.764404296875,314.521514892578,1
351,166,82.5,219.214279174805,106.972358703613,264.069244384766,4
307,173,220.392852783203,69.5357131958008,148.777648925781,416.499481201172,2
92,43,33.0,0.0,62.7079315185547,253.334732055664,4
388,81,163.821426391602,61.2857131958008,29.509614944458,134.181533813477,4
443,102,586.928588867188,7.07142877578735,656.588928222656,282.317932128906,1
148,93,115.5,403.071441650391,568.060119628906,639.777526855469,3
70,28,69.5357131958008,11.7857141494751,114.349761962891,155.650573730469,4
358,80,619.928588867188,142.607147216797,665.195922851562,53.6726112365723,1
99,51,0.0,0.0,0.0,199.662124633789,4
416,124,627.0,222.75,644.293273925781,91.2434387207031,1
92,107,200.357147216797,130.821426391602,190.582931518555,255.481643676758,4
133,84,0.0,0.0,51.6418266296387,194.294860839844,4
222,120,181.5,170.892852783203,244.683898925781,54.7460632324219,4
81,101,31.8214282989502,0.0,0.0,273.730316162109,4
375,511,0.0,0.0,300.014434814453,333.843658447266,4
195,79,570.428588867188,0.0,748.806518554688,230.792236328125,1
344,65,566.892883300781,110.785713195801,641.834106445312,280.171051025391,1
139,65,148.5,0.0,122.956733703613,24.6894016265869,4
141,98,71.8928604125977,48.3214302062988,43.034854888916,231.865692138672,4
74,58,129.642852783203,0.0,0.0,0.0,4
164,127,78.9642868041992,192.107147216797,30.7391834259033,212.543548583984,4
378,93,142.607147216797,83.6785736083984,466.006011962891,196.441757202148,4
237,123,616.392883300781,100.178573608398,724.215148925781,237.232955932617,1
198,113,128.464279174805,50.6785697937012,0.0,237.232955932617,4
327,118,50.6785697937012,127.285713195801,77.4627380371094,242.600204467773,4
418,82,601.071411132812,0.0,725.444702148438,0.0,1
149,84,1.17857146263123,195.642852783203,67.626205444336,283.391387939453,4
294,169,82.5,180.321426391602,194.271636962891,192.14794921875,4
283,169,74.25,221.571426391602,280.341339111328,370.341033935547,4
376,138,565.714294433594,169.714279174805,617.242797851562,225.42497253418,1
227,117,116.678573608398,0.0,165.991592407227,308.080810546875,4
119,108,142.607147216797,180.321426391602,226.240386962891,194.294860839844,4
447,125,672.964294433594,0.0,663.966369628906,205.029388427734,1
86,45,0.0,0.0,0.0,113.785942077637,4
96,104,3.53571438789368,90.75,184.435089111328,155.650573730469,4
161,101,235.714279174805,226.285720825195,265.586547851562,232.93913269043,2
345,72,87.2142868041992,83.6785736083984,71.3149032592773,288.758666992188,4
350,87,585.75,179.142852783203,715.608154296875,229.718780517578,1
123,84,16.5,503.25,609.865356445312,617.235046386719,3
127,52,17.6785717010498,0.0,154.925476074219,176.046173095703,4
212,106,0.0,187.392852783203,114.349761962891,122.373558044434,4
94,99,0.0,103.714286804199,15.984375,287.685211181641,4
215,103,557.464294433594,0.0,625.849731445312,57.966423034668,1
66,76,0.0,0.0,4.91826915740967,282.317932128906,4
259,159,157.928573608398,189.75,147.548080444336,254.408187866211,4
226,107,576.321411132812,0.0,736.510803222656,122.373558044434,1
160,36,0.0,0.0,0.0,152.430221557617,4
242,121,0.0,0.0,0.0,129.887725830078,4
261,103,60.1071434020996,90.75,130.334136962891,356.386138916016,4
176,116,9.4285717010498,176.785720825195,0.0,239.379852294922,4
136,91,33.0,14.1428575515747,0.0,212.543548583984,4
363,103,604.607116699219,272.25,576.667053222656,252.261276245117,1
249,113,64.8214263916016,176.785720825195,188.123794555664,244.747116088867,4
119,43,3.53571438789368,12.9642858505249,88.5288467407227,267.289611816406,4
388,72,519.75,148.5,564.371398925781,0.0,1
86,73,456.107147216797,155.571426391602,608.635803222656,135.254989624023,1
277,163,89.5714263916016,180.321426391602,150.007217407227,269.4365234375,4
118,221,321.75,262.821441650391,288.948303222656,399.324249267578,2
111,28,0.0,18.8571434020996,38.116584777832,172.825805664062,4
86,127,29.4642848968506,127.285713195801,125.415863037109,243.67366027832,4
176,95,50.6785697937012,163.821426391602,136.481964111328,352.092346191406,4
305,95,128.464279174805,17.6785717010498,296.325714111328,199.662124633789,4
379,158,196.821426391602,49.5,175.828125,0.0,4
62,133,0.0,34.1785697937012,0.0,90.1699905395508,4
206,116,110.785713195801,97.8214263916016,753.724731445312,262.995788574219,4
81,36,0.0,0.0,0.0,163.164749145508,4
315,75,45.9642868041992,388.928558349609,581.585327148438,593.619079589844,3
116,45,0.0,36.5357131958008,0.0,71.9213027954102,4
225,108,139.071426391602,4.7142858505249,135.252410888672,290.905548095703,4
308,96,550.392883300781,133.178573608398,646.752380371094,136.328430175781,1
131,40,0.0,159.107147216797,0.0,119.153198242188,4
115,241,172.071426391602,297.0,177.057693481445,341.357818603516,4
409,107,144.964279174805,0.0,184.435089111328,113.785942077637,4
238,125,122.571426391602,0.0,178.287261962891,225.42497253418,4
229,102,55.3928565979004,556.285705566406,684.869018554688,632.263366699219,3
113,33,0.0,189.75,0.0,143.84260559082,4
229,96,0.0,259.285705566406,106.972358703613,370.341033935547,4
438,97,53.0357131958008,742.5,564.371398925781,801.868835449219,3
68,177,106.071426391602,24.75,39.3461532592773,16.1017837524414,4
175,48,21.2142848968506,176.785720825195,236.076919555664,209.323196411133,4
154,58,73.0714263916016,0.0,158.614181518555,266.216156005859,4
77,19,0.0,163.821426391602,122.956733703613,155.650573730469,4
439,103,0.0,709.5,597.569702148438,785.767028808594,3
256,193,235.714279174805,189.75,281.570922851562,330.623291015625,2
531,95,154.392852783203,192.107147216797,287.71875,0.0,4
130,59,0.0,0.0,131.563705444336,137.401885986328,4
392,107,546.857116699219,47.1428565979004,597.569702148438,104.124870300293,1
293,113,551.571411132812,0.0,715.608154296875,222.204620361328,1
249,96,142.607147216797,127.285713195801,103.283653259277,310.227691650391,4
99,133,107.25,37.7142868041992,110.661056518555,167.458557128906,4
361,128,140.25,299.357147216797,630.768005371094,360.679962158203,4
88,165,78.9642868041992,0.0,222.551681518555,209.323196411133,4
95,19,76.6071395874023,114.321426391602,62.7079315185547,222.204620361328,4
162,94,109.607139587402,179.142852783203,207.796875,270.509979248047,4
372,230,115.5,544.5,678.721130371094,667.687316894531,3
204,92,81.3214263916016,73.0714263916016,0.0,266.216156005859,4
91,200,0.0,0.0,0.0,106.271774291992,4
205,147,43.6071434020996,172.071426391602,138.941101074219,220.057708740234,4
72,84,24.75,0.0,0.0,300.566619873047,4
552,157,20.0357151031494,140.25,218.862976074219,0.0,4
141,253,276.964294433594,307.607147216797,216.403839111328,370.341033935547,2
194,78,63.6428565979004,54.2142868041992,35.6574516296387,108.418678283691,4
132,107,0.0,136.714279174805,156.155044555664,0.0,4
550,106,630.535705566406,97.8214263916016,656.588928222656,183.560333251953,1
237,97,62.4642868041992,176.785720825195,118.038459777832,291.97900390625,4
95,129,0.0,23.5714282989502,0.0,104.124870300293,4
172,234,335.892852783203,373.607147216797,161.073318481445,326.329498291016,2
233,133,170.892852783203,474.964294433594,684.869018554688,667.687316894531,3
392,160,524.464294433594,235.714279174805,588.962768554688,193.221405029297,1
199,116,87.2142868041992,210.964279174805,260.668273925781,133.10807800293,4
224,62,18.8571434020996,25.9285717010498,554.534851074219,242.600204467773,4
122,69,520.928588867188,69.5357131958008,721.755981445312,165.311645507812,1
250,43,22.3928565979004,58.9285697937012,28.2800483703613,151.35676574707,4
120,91,0.0,189.75,40.5757217407227,122.373558044434,4
90,55,0.0,130.821426391602,75.0036087036133,241.526763916016,4
312,86,0.0,498.535705566406,595.110595703125,634.410278320312,3
187,104,0.0,17.6785717010498,50.4122581481934,42.9380912780762,4
88,83,74.25,29.4642848968506,129.104568481445,262.995788574219,4
63,19,0.0,117.857139587402,0.0,178.193069458008,4
259,107,29.4642848968506,55.3928565979004,158.614181518555,171.752365112305,4
468,117,590.464294433594,0.0,618.472351074219,275.877227783203,1
103,24,0.0,60.1071434020996,0.0,136.328430175781,4
368,103,135.535720825195,196.821426391602,270.504821777344,282.317932128906,4
67,118,16.5,66.0,0.0,157.797485351562,4
91,119,70.7142868041992,0.0,132.793273925781,238.306396484375,4
85,108,0.0,0.0,0.0,152.430221557617,4
477,346,185.035720825195,602.25,657.818481445312,650.512084960938,3
398,106,77.7857131958008,190.928573608398,151.236785888672,272.656860351562,4
232,93,10.6071424484253,598.714294433594,550.846130371094,661.24658203125,3
359,70,0.0,0.0,120.497596740723,262.995788574219,4
402,534,282.857147216797,339.428558349609,272.963928222656,366.047210693359,2
123,130,36.5357131958008,69.5357131958008,105.742790222168,261.92236328125,4
126,111,0.0,51.8571434020996,0.0,220.057708740234,4
294,118,41.25,121.392860412598,105.742790222168,286.611755371094,4
230,116,548.035705566406,166.178573608398,700.853393554688,78.3620147705078,1
146,139,102.535713195801,0.0,86.069709777832,324.182586669922,4
295,84,0.0,188.571426391602,186.894226074219,245.820571899414,4
467,123,133.178573608398,189.75,0.0,212.543548583984,4
347,131,60.1071434020996,91.9285736083984,95.90625,303.786987304688,4
193,111,50.6785697937012,636.428588867188,693.475952148438,724.580261230469,3
382,78,155.571426391602,60.1071434020996,218.862976074219,343.504730224609,4
161,95,80.1428604125977,30.6428565979004,114.349761962891,259.775451660156,4
115,82,0.0,0.0,46.7235565185547,92.31689453125,4
215,73,41.25,619.928588867188,661.507202148438,696.670532226562,3
203,78,90.75,0.0,0.0,369.267578125,4
256,102,148.5,153.214279174805,175.828125,56.8929710388184,4
84,95,163.821426391602,56.5714302062988,178.287261962891,310.227691650391,4
106,27,0.0,0.0,31.96875,287.685211181641,4
134,185,198.0,280.5,223.78125,242.600204467773,4
406,111,634.071411132812,0.0,631.997619628906,222.204620361328,1
220,164,7.07142877578735,144.964279174805,0.0,202.882476806641,4
398,146,77.7857131958008,190.928573608398,127.875,223.278076171875,4
233,137,169.714279174805,149.678573608398,204.108169555664,310.227691650391,4
123,80,0.0,51.8571434020996,40.5757217407227,274.803771972656,4
63,30,75.4285736083984,0.0,100.824516296387,257.628540039062,4
63,58,0.0,4.7142858505249,0.0,326.329498291016,4
300,114,0.0,86.0357131958008,79.921875,199.662124633789,4
264,152,86.0357131958008,153.214279174805,4.91826915740967,333.843658447266,4
246,147,611.678588867188,0.0,770.938720703125,0.0,1
158,104,623.464294433594,248.678573608398,766.020446777344,197.515213012695,1
408,75,2.35714292526245,142.607147216797,265.586547851562,76.2151107788086,4
66,75,29.4642848968506,0.0,122.956733703613,178.193069458008,4
84,27,2.35714292526245,102.535713195801,125.415863037109,214.690444946289,4
332,155,114.321426391602,200.357147216797,209.026443481445,268.363067626953,4
411,93,654.107116699219,155.571426391602,576.667053222656,300.566619873047,1
91,63,203.892852783203,116.678573608398,188.123794555664,11.8079748153687,4
434,91,595.178588867188,74.25,682.409851074219,93.3903427124023,1
220,127,0.0,601.071411132812,649.211547851562,694.523620605469,3
380,151,84.8571395874023,106.071426391602,204.108169555664,255.481643676758,4
94,56,69.5357131958008,130.821426391602,229.929092407227,235.086044311523,4
297,125,0.0,186.214279174805,40.5757217407227,282.317932128906,4
189,96,87.2142868041992,100.178573608398,194.271636962891,343.504730224609,4
514,134,173.25,150.857147216797,195.501205444336,167.458557128906,4
101,118,0.0,160.285720825195,52.871395111084,95.537254333496,4
443,214,128.464279174805,238.071426391602,228.699523925781,284.46484375,4
434,126,136.714279174805,162.642852783203,49.1826934814453,329.549835205078,4
199,114,78.9642868041992,513.857116699219,630.768005371094,646.21826171875,3
273,128,0.0,272.25,86.069709777832,357.459594726562,4
420,80,609.321411132812,89.5714263916016,548.387023925781,232.93913269043,1
161,105,70.7142868041992,386.571441650391,558.223571777344,669.834228515625,3
86,59,66.0,0.0,111.890625,22.5424976348877,4
152,457,0.0,35.3571434020996,14.754807472229,236.15950012207,4
264,119,0.0,169.714279174805,72.5444717407227,371.414489746094,4
74,52,144.964279174805,0.0,20.902645111084,142.769149780273,4
522,225,661.178588867188,206.25,608.635803222656,328.476379394531,1
267,126,130.821426391602,139.071426391602,90.9879837036133,276.95068359375,4
246,351,592.821411132812,0.0,762.331726074219,198.588668823242,1
177,98,0.0,54.2142868041992,164.762023925781,228.645324707031,4
151,310,268.714294433594,344.142852783203,191.8125,385.369354248047,2
300,207,253.392852783203,334.714294433594,217.633407592773,358.533050537109,2
123,137,0.0,15.3214282989502,217.633407592773,299.493194580078,4
250,69,117.857139587402,113.142860412598,313.539672851562,323.109130859375,4
119,201,7.07142877578735,0.0,0.0,69.774398803711,4
121,157,0.0,33.0,81.1514434814453,271.583435058594,4
174,92,558.642883300781,58.9285697937012,804.137023925781,260.848907470703,1
240,80,82.5,583.392883300781,635.686279296875,629.043029785156,3
310,144,90.75,176.785720825195,165.991592407227,0.0,4
238,149,22.3928565979004,16.5,98.3653869628906,234.012588500977,4
191,102,93.1071395874023,183.857147216797,113.120193481445,356.386138916016,4
78,31,2.35714292526245,0.0,55.3305282592773,202.882476806641,4
119,49,0.0,93.1071395874023,115.579330444336,117.006294250488,4
323,109,552.75,0.0,731.592529296875,236.15950012207,1
61,69,0.0,41.25,25.8209133148193,178.193069458008,4
332,190,64.8214263916016,76.6071395874023,0.0,266.216156005859,4
433,90,568.071411132812,104.892860412598,650.441101074219,274.803771972656,1
158,118,535.071411132812,212.142852783203,722.985595703125,240.453308105469,1
178,134,42.4285697937012,157.928573608398,61.4783668518066,98.7576065063477,4
131,208,256.928558349609,292.285705566406,206.567306518555,375.708282470703,2
189,216,304.071441650391,327.642852783203,295.096160888672,386.442810058594,2
208,93,0.0,183.857147216797,0.0,200.735565185547,4
101,411,165.0,274.607147216797,227.469955444336,353.165802001953,4
166,163,324.107147216797,262.821441650391,233.617782592773,326.329498291016,2
375,222,54.2142868041992,10.6071424484253,18.443510055542,134.181533813477,4
441,143,665.892883300781,183.857147216797,677.491577148438,253.334732055664,1
91,212,0.0,0.0,24.5913467407227,185.707244873047,4
368,91,627.0,95.4642868041992,532.402648925781,155.650573730469,1
304,132,0.0,69.5357131958008,0.0,320.962219238281,4
233,176,193.285720825195,88.3928604125977,275.423065185547,261.92236328125,4
423,96,634.071411132812,83.6785736083984,704.542053222656,280.171051025391,1
351,91,503.25,163.821426391602,543.46875,167.458557128906,1
125,187,130.821426391602,287.571441650391,97.1358184814453,270.509979248047,4
165,119,97.8214263916016,0.0,180.746398925781,225.42497253418,4
428,117,2.35714292526245,0.0,120.497596740723,343.504730224609,4
390,98,563.357116699219,0.0,627.079345703125,194.294860839844,1
67,112,0.0,0.0,68.8557662963867,260.848907470703,4
94,83,0.0,0.0,0.0,249.040924072266,4
72,18,0.0,162.642852783203,77.4627380371094,246.894012451172,4
182,113,106.071426391602,229.821426391602,206.567306518555,215.763900756836,4
288,187,113.142860412598,56.5714302062988,167.221160888672,314.521514892578,4
216,99,82.5,41.25,125.415863037109,272.656860351562,4
331,65,91.9285736083984,631.714294433594,513.959106445312,735.314819335938,3
175,102,18.8571434020996,54.2142868041992,193.042068481445,209.323196411133,4
222,98,106.071426391602,20.0357151031494,186.894226074219,13.9548797607422,4
141,78,40.0714302062988,0.0,0.0,269.4365234375,4
273,254,298.178558349609,476.142852783203,205.337738037109,389.663177490234,2
208,108,119.035713195801,0.0,167.221160888672,180.339981079102,4
64,239,0.0,54.2142868041992,0.0,230.792236328125,4
379,61,583.392883300781,192.107147216797,741.429077148438,33.2770195007324,1
255,37,80.1428604125977,43.6071434020996,265.586547851562,317.741882324219,4
234,88,76.6071395874023,208.607147216797,169.680282592773,230.792236328125,4
422,83,136.714279174805,678.857116699219,585.274047851562,762.151123046875,3
91,33,73.0714263916016,0.0,39.3461532592773,208.249740600586,4
62,146,0.0,153.214279174805,0.0,267.289611816406,4
183,242,156.75,280.5,163.532455444336,283.391387939453,4
329,145,161.464279174805,518.571411132812,689.787231445312,713.845764160156,3
358,141,123.75,206.25,34.4278831481934,103.051414489746,4
435,113,174.428573608398,175.607147216797,20.902645111084,259.775451660156,4
231,118,150.857147216797,177.964279174805,237.306488037109,346.725067138672,4
62,25,69.5357131958008,0.0,143.859375,238.306396484375,4
92,90,54.2142868041992,35.3571434020996,0.0,215.763900756836,4
65,73,117.857139587402,222.75,167.221160888672,283.391387939453,4
76,36,0.0,0.0,120.497596740723,215.763900756836,4
98,55,0.0,0.0,11.0661058425903,274.803771972656,4
180,80,563.357116699219,205.071426391602,711.919494628906,91.2434387207031,1
375,123,4.7142858505249,194.464279174805,261.897827148438,246.894012451172,4
228,82,558.642883300781,44.7857131958008,574.207946777344,16.1017837524414,1
424,100,0.0,179.142852783203,116.808891296387,334.917114257812,4
219,108,63.6428565979004,139.071426391602,165.991592407227,105.198318481445,4
332,333,340.607147216797,348.857147216797,309.850952148438,356.386138916016,2
99,21,0.0,76.6071395874023,211.485580444336,154.577117919922,4
74,261,0.0,21.2142848968506,122.956733703613,264.069244384766,4
82,45,0.0,103.714286804199,131.563705444336,203.955932617188,4
254,106,64.8214263916016,165.0,70.085334777832,0.0,4
383,104,121.392860412598,201.535720825195,303.703125,84.8027267456055,4
256,141,167.357147216797,134.357147216797,4.91826915740967,299.493194580078,4
61,20,0.0,3.53571438789368,17.2139415740967,184.6337890625,4
278,176,146.142852783203,117.857139587402,185.664657592773,316.668426513672,4
384,79,190.928573608398,0.0,172.139419555664,135.254989624023,4
83,47,0.0,0.0,89.758415222168,164.238189697266,4
207,103,77.7857131958008,78.9642868041992,43.034854888916,291.97900390625,4
67,37,5.89285707473755,196.821426391602,79.921875,206.102828979492,4
193,117,111.964286804199,259.285705566406,99.594955444336,269.4365234375,4
219,90,91.9285736083984,187.392852783203,41.805290222168,230.792236328125,4
333,87,136.714279174805,47.1428565979004,162.302886962891,218.984252929688,4
267,48,439.607147216797,83.6785736083984,525.025268554688,190.001052856445,1
97,658,0.0,0.0,33.1983184814453,0.0,4
211,101,0.0,0.0,100.824516296387,195.368316650391,4
420,88,0.0,41.25,65.1670684814453,240.453308105469,4
291,164,123.75,185.035720825195,178.287261962891,283.391387939453,4
204,96,103.714286804199,564.535705566406,679.950744628906,593.619079589844,3
293,63,8.25,2.35714292526245,0.0,255.481643676758,4
76,107,96.6428604125977,223.928573608398,189.353363037109,241.526763916016,4
248,110,20.0357151031494,188.571426391602,228.699523925781,0.0,4
185,54,94.2857131958008,0.0,131.563705444336,214.690444946289,4
110,114,0.0,0.0,100.824516296387,251.18782043457,4
60,66,0.0,0.0,0.0,282.317932128906,4
81,222,8.25,25.9285717010498,0.0,206.102828979492,4
95,224,0.0,21.2142848968506,106.972358703613,60.1133270263672,4
313,95,69.5357131958008,14.1428575515747,186.894226074219,2.14690446853638,4
88,76,0.0,0.0,0.0,247.967468261719,4
139,251,246.321426391602,324.107147216797,210.256011962891,300.566619873047,2
183,150,58.9285697937012,253.392852783203,234.847351074219,247.967468261719,4
140,96,91.9285736083984,41.25,0.0,225.42497253418,4
310,76,91.9285736083984,43.6071434020996,147.548080444336,346.725067138672,4
395,170,68.3571395874023,40.0714302062988,150.007217407227,190.001052856445,4
416,126,54.2142868041992,622.285705566406,485.679077148438,810.456481933594,3
201,108,94.2857131958008,137.892852783203,260.668273925781,276.95068359375,4
85,83,0.0,100.178573608398,0.0,269.4365234375,4
194,109,0.0,107.25,114.349761962891,260.848907470703,4
195,123,132.0,219.214279174805,82.3810119628906,305.933898925781,4
64,30,0.0,0.0,0.0,195.368316650391,4
188,125,133.178573608398,216.857147216797,169.680282592773,357.459594726562,4
87,33,0.0,9.4285717010498,116.808891296387,177.11962890625,4
315,68,576.321411132812,162.642852783203,684.869018554688,247.967468261719,1
70,68,0.0,0.0,36.887020111084,281.244476318359,4
144,43,57.75,147.321426391602,0.0,194.294860839844,4
77,82,0.0,202.714279174805,126.645431518555,363.900329589844,4
330,132,183.857147216797,121.392860412598,68.8557662963867,107.345222473145,4
70,53,0.0,96.6428604125977,0.0,163.164749145508,4
288,66,29.4642848968506,190.928573608398,61.4783668518066,293.052459716797,4
497,98,167.357147216797,616.392883300781,506.581726074219,748.196228027344,3
219,131,95.4642868041992,522.107116699219,586.503601074219,646.21826171875,3
186,115,157.928573608398,132.0,223.78125,159.944381713867,4
136,192,334.714294433594,352.392852783203,237.306488037109,317.741882324219,2
139,247,328.821441650391,364.178558349609,229.929092407227,347.798522949219,2
189,101,89.5714263916016,420.75,611.094970703125,616.16162109375,3
199,111,583.392883300781,97.8214263916016,714.378601074219,279.097595214844,1
146,188,38.8928565979004,160.285720825195,159.84375,256.555084228516,4
68,94,0.0,0.0,131.563705444336,97.6841583251953,4
415,92,130.821426391602,114.321426391602,0.0,279.097595214844,4
124,449,0.0,0.0,163.532455444336,253.334732055664,4
117,88,27.1071434020996,280.5,114.349761962891,244.747116088867,4
182,82,0.0,0.0,90.9879837036133,226.498428344727,4
481,102,642.321411132812,83.6785736083984,639.375,65.4805908203125,1
77,42,0.0,42.4285697937012,3.68870186805725,309.154235839844,4
131,144,0.0,66.0,0.0,227.571884155273,4
255,982,248.678573608398,273.428558349609,345.508422851562,331.696746826172,2
122,48,11.7857141494751,38.8928565979004,0.0,207.176284790039,4
164,122,14.1428575515747,61.2857131958008,0.0,283.391387939453,4
443,134,634.071411132812,166.178573608398,606.176696777344,252.261276245117,1
124,54,0.0,5.89285707473755,99.594955444336,255.481643676758,4
477,122,651.75,140.25,691.016845703125,62.2602310180664,1
133,120,0.0,40.0714302062988,184.435089111328,203.955932617188,4
482,128,176.785720825195,724.821411132812,661.507202148438,799.721923828125,3
159,93,503.25,276.964294433594,688.557678222656,257.628540039062,1
268,171,124.928573608398,154.392852783203,184.435089111328,261.92236328125,4
140,71,0.0,97.8214263916016,0.0,177.11962890625,4
281,111,83.6785736083984,202.714279174805,656.588928222656,308.080810546875,4
206,155,104.892860412598,234.535720825195,215.174285888672,134.181533813477,4
64,78,50.6785697937012,150.857147216797,0.0,0.0,4
393,89,628.178588867188,50.6785697937012,657.818481445312,275.877227783203,1
69,187,0.0,120.214286804199,114.349761962891,93.3903427124023,4
240,107,40.0714302062988,657.642883300781,618.472351074219,732.094421386719,3
93,119,160.285720825195,176.785720825195,234.847351074219,119.153198242188,4
143,73,542.142883300781,0.0,713.149047851562,258.701995849609,1
83,51,28.2857151031494,61.2857131958008,121.727165222168,106.271774291992,4
180,91,49.5,96.6428604125977,191.8125,207.176284790039,4
186,77,102.535713195801,0.0,222.551681518555,203.955932617188,4
220,103,148.5,132.0,6.14783668518066,185.707244873047,4
237,241,234.535720825195,335.892852783203,216.403839111328,327.402923583984,2
260,121,53.0357131958008,462.0,635.686279296875,668.7607421875,3
96,55,0.0,0.0,0.0,220.057708740234,4
172,101,493.821441650391,182.678573608398,678.721130371094,267.289611816406,1
120,176,246.321426391602,308.785705566406,164.762023925781,343.504730224609,2
406,119,128.464279174805,17.6785717010498,191.8125,647.291687011719,3
237,98,558.642883300781,0.0,714.378601074219,129.887725830078,1
246,163,27.1071434020996,66.0,63.9375,270.509979248047,4
98,37,0.0,17.6785717010498,134.022842407227,5.36726140975952,4
63,103,0.0,73.0714263916016,154.925476074219,260.848907470703,4
472,140,608.142883300781,161.464279174805,652.900268554688,90.1699905395508,1
93,56,0.0,147.321426391602,0.0,201.809020996094,4
289,187,170.892852783203,486.75,731.592529296875,709.551940917969,3
133,60,55.3928565979004,53.0357131958008,0.0,280.171051025391,4
237,101,18.8571434020996,201.535720825195,47.953125,288.758666992188,4
105,218,94.2857131958008,107.25,109.431488037109,207.176284790039,4
112,60,101.357139587402,3.53571438789368,2.45913457870483,274.803771972656,4
200,107,558.642883300781,234.535720825195,588.962768554688,112.71248626709,1
222,89,603.428588867188,134.357147216797,731.592529296875,0.0,1
208,101,108.428573608398,505.607147216797,672.573303222656,674.127990722656,3
382,136,42.4285697937012,232.178573608398,97.1358184814453,228.645324707031,4
190,108,83.6785736083984,62.4642868041992,57.789665222168,0.0,4
275,212,240.428573608398,317.035705566406,78.6923065185547,368.194122314453,2
62,24,0.0,0.0,13.525239944458,78.3620147705078,4
87,42,62.4642868041992,0.0,0.0,218.984252929688,4
321,144,95.4642868041992,470.25,604.947143554688,636.557189941406,3
64,47,0.0,0.0,0.0,180.339981079102,4
219,107,45.9642868041992,575.142883300781,617.242797851562,655.879333496094,3
378,81,573.964294433594,0.0,695.935119628906,16.1017837524414,1
225,77,506.785705566406,66.0,656.588928222656,198.588668823242,1
299,262,235.714279174805,299.357147216797,193.042068481445,291.97900390625,2
104,113,160.285720825195,459.642852783203,575.4375,632.263366699219,3
224,121,11.7857141494751,75.4285736083984,197.960342407227,140.62223815918,4
190,146,0.0,141.428573608398,102.054084777832,152.430221557617,4
453,101,650.571411132812,0.0,641.834106445312,236.15950012207,1
80,39,103.714286804199,132.0,0.0,107.345222473145,4
136,85,464.357147216797,0.0,606.176696777344,224.351516723633,1
296,158,155.571426391602,208.607147216797,0.0,186.780685424805,4
134,56,54.2142868041992,196.821426391602,185.664657592773,310.227691650391,4
286,128,93.1071395874023,50.6785697937012,31.96875,0.0,4
83,47,0.0,0.0,0.0,239.379852294922,4
81,181,0.0,69.5357131958008,0.0,41.8646392822266,4
423,93,0.0,25.9285717010498,222.551681518555,182.486877441406,4
64,49,0.0,121.392860412598,215.174285888672,86.9496307373047,4
116,99,42.4285697937012,0.0,122.956733703613,324.182586669922,4
215,134,0.0,97.8214263916016,143.859375,265.142700195312,4
90,49,21.2142848968506,0.0,673.802856445312,0.0,4
138,59,555.107116699219,103.714286804199,683.639404296875,2.14690446853638,1
310,253,313.5,353.571441650391,88.5288467407227,333.843658447266,2
278,86,33.0,190.928573608398,79.921875,112.71248626709,4
146,68,63.6428565979004,634.071411132812,694.705505371094,696.670532226562,3
72,42,0.0,0.0,0.0,275.877227783203,4
72,75,0.0,94.2857131958008,0.0,309.154235839844,4
217,113,89.5714263916016,90.75,9.83653831481934,265.142700195312,4
101,58,67.1785736083984,152.035720825195,115.579330444336,200.735565185547,4
95,42,38.8928565979004,0.0,151.236785888672,245.820571899414,4
381,61,53.0357131958008,209.785720825195,108.201919555664,252.261276245117,4
248,146,9.4285717010498,212.142852783203,116.808891296387,95.537254333496,4
68,1023,0.0,114.321426391602,221.322113037109,221.131164550781,4
93,56,0.0,193.285720825195,126.645431518555,0.0,4
257,168,284.035705566406,269.892852783203,271.734375,201.809020996094,2
424,110,630.535705566406,232.178573608398,684.869018554688,229.718780517578,1
254,101,169.714279174805,150.857147216797,81.1514434814453,157.797485351562,4
159,62,22.3928565979004,109.607139587402,45.4939918518066,3.22035670280457,4
93,34,0.0,96.6428604125977,122.956733703613,245.820571899414,4
114,102,20.0357151031494,117.857139587402,185.664657592773,354.2392578125,4
360,133,56.5714302062988,100.178573608398,167.221160888672,0.0,4
423,112,152.035720825195,33.0,0.0,165.311645507812,4
525,148,629.357116699219,17.6785717010498,710.689880371094,266.216156005859,1
167,143,0.0,0.0,156.155044555664,36.4973754882812,4
140,42,0.0,103.714286804199,19.6730766296387,250.114379882812,4
360,106,153.214279174805,612.857116699219,675.032470703125,625.822692871094,3
158,51,503.25,91.9285736083984,672.573303222656,187.854141235352,1
354,251,8.25,115.5,67.626205444336,178.193069458008,4
133,63,0.0,69.5357131958008,22.1322116851807,255.481643676758,4
245,106,114.321426391602,615.214294433594,602.487976074219,692.376708984375,3
83,52,0.0,0.0,0.0,110.565582275391,4
294,81,624.642883300781,99.0,575.4375,97.6841583251953,1
84,126,0.0,58.9285697937012,0.0,178.193069458008,4
247,117,0.0,199.178573608398,193.042068481445,315.594970703125,4
61,96,0.0,0.0,0.0,311.301147460938,4
89,44,0.0,0.0,252.061294555664,184.6337890625,4
108,298,0.0,111.964286804199,43.034854888916,49.3788032531738,4
230,264,234.535720825195,363.0,282.800476074219,276.95068359375,2
93,37,0.0,0.0,61.4783668518066,0.0,4
194,194,339.428558349609,335.892852783203,196.730773925781,330.623291015625,2
73,54,60.1071434020996,2.35714292526245,156.155044555664,172.825805664062,4
259,93,126.107139587402,231.0,118.038459777832,188.927597045898,4
384,80,557.464294433594,14.1428575515747,673.802856445312,172.825805664062,1
131,91,0.0,0.0,179.516830444336,12.8814268112183,4
237,120,49.5,413.678558349609,638.145446777344,626.896118164062,3
116,41,130.821426391602,27.1071434020996,67.626205444336,127.740821838379,4
118,377,0.0,87.2142868041992,40.5757217407227,195.368316650391,4
280,142,193.285720825195,156.75,180.746398925781,214.690444946289,4
142,99,179.142852783203,220.392852783203,143.859375,145.989501953125,4
82,199,0.0,140.25,24.5913467407227,232.93913269043,4
288,150,35.3571434020996,589.285705566406,611.094970703125,724.580261230469,3
285,63,524.464294433594,205.071426391602,638.145446777344,229.718780517578,1
297,169,81.3214263916016,279.321441650391,175.828125,180.339981079102,4
244,109,86.0357131958008,439.607147216797,607.40625,633.336853027344,3
138,93,163.821426391602,162.642852783203,157.384613037109,0.0,4
70,142,0.0,2.35714292526245,174.598556518555,186.780685424805,4
282,290,282.857147216797,341.785705566406,188.123794555664,386.442810058594,2
197,100,172.071426391602,136.714279174805,57.789665222168,286.611755371094,4
154,442,256.928558349609,258.107147216797,309.850952148438,283.391387939453,2
117,61,12.9642858505249,0.0,0.0,232.93913269043,4
207,74,11.7857141494751,242.785720825195,105.742790222168,258.701995849609,4
90,74,20.0357151031494,120.214286804199,24.5913467407227,191.074508666992,4
85,196,0.0,7.07142877578735,0.0,254.408187866211,4
171,84,0.0,162.642852783203,152.466339111328,6.44071340560913,4
277,180,120.214286804199,115.5,145.088943481445,218.984252929688,4
126,189,176.785720825195,245.142852783203,181.975967407227,310.227691650391,4
84,34,0.0,97.8214263916016,102.054084777832,0.0,4
162,68,459.642852783203,0.0,481.990386962891,232.93913269043,1
363,96,90.75,512.678588867188,620.931518554688,635.483764648438,3
261,55,80.1428604125977,187.392852783203,0.0,242.600204467773,4
75,19,23.5714282989502,0.0,170.909851074219,109.492126464844,4
109,92,149.678573608398,66.0,14.754807472229,132.034622192383,4
140,160,3.53571438789368,30.6428565979004,0.0,85.8761825561523,4
137,114,36.5357131958008,34.1785697937012,136.481964111328,173.899261474609,4
203,98,54.2142868041992,594.0,651.670654296875,660.173156738281,3
146,79,438.428558349609,62.4642868041992,563.141845703125,83.7292785644531,1
242,213,115.5,4.7142858505249,95.90625,152.430221557617,4
192,90,90.75,74.25,0.0,282.317932128906,4
67,188,0.0,86.0357131958008,44.2644233703613,152.430221557617,4
235,120,619.928588867188,30.6428565979004,636.915893554688,81.5823745727539,1
83,58,0.0,0.0,116.808891296387,161.017837524414,4
221,104,22.3928565979004,70.7142868041992,138.941101074219,128.814270019531,4
72,67,196.821426391602,0.0,0.0,309.154235839844,4
72,36,33.0,0.0,57.789665222168,237.232955932617,4
144,67,57.75,67.1785736083984,131.563705444336,36.4973754882812,4
114,34,150.857147216797,58.9285697937012,145.088943481445,0.0,4
360,73,584.571411132812,81.3214263916016,478.301696777344,195.368316650391,1
135,64,548.035705566406,0.0,718.067321777344,328.476379394531,1
179,59,0.0,139.071426391602,63.9375,163.164749145508,4
127,85,137.892852783203,16.5,210.256011962891,187.854141235352,4
376,82,173.25,202.714279174805,245.913467407227,271.583435058594,4
78,148,0.0,0.0,75.0036087036133,275.877227783203,4
431,113,648.214294433594,96.6428604125977,673.802856445312,193.221405029297,1
200,122,132.0,116.678573608398,25.8209133148193,230.792236328125,4
72,77,0.0,0.0,226.240386962891,159.944381713867,4
285,121,102.535713195801,44.7857131958008,190.582931518555,243.67366027832,4
200,89,115.5,116.678573608398,0.0,298.419738769531,4
248,124,88.3928604125977,261.642852783203,0.0,201.809020996094,4
101,56,532.714294433594,21.2142848968506,726.674255371094,348.871978759766,1
118,43,84.8571395874023,187.392852783203,146.318511962891,202.882476806641,4
111,92,86.0357131958008,83.6785736083984,127.875,240.453308105469,4
370,185,262.821441650391,367.714294433594,389.772827148438,367.120666503906,2
453,116,2.35714292526245,88.3928604125977,4.91826915740967,312.374603271484,4
84,23,8.25,24.75,146.318511962891,133.10807800293,4
172,94,71.8928604125977,84.8571395874023,216.403839111328,115.932846069336,4
60,67,0.0,109.607139587402,162.302886962891,31.1301155090332,4
276,114,603.428588867188,109.607139587402,716.837768554688,266.216156005859,1
119,44,0.0,0.0,170.909851074219,112.71248626709,4
446,94,612.857116699219,53.0357131958008,623.390625,91.2434387207031,1
273,136,579.857116699219,142.607147216797,710.689880371094,203.955932617188,1
412,82,594.0,201.535720825195,650.441101074219,301.640075683594,1
252,101,9.4285717010498,586.928588867188,596.340148925781,646.21826171875,3
247,101,577.5,180.321426391602,620.931518554688,222.204620361328,1
112,36,0.0,129.642852783203,25.8209133148193,171.752365112305,4
536,281,372.428558349609,320.571441650391,106.972358703613,216.837356567383,2
62,27,109.607139587402,0.0,152.466339111328,246.894012451172,4
349,100,53.0357131958008,0.0,309.850952148438,62.2602310180664,4
189,123,156.75,205.071426391602,114.349761962891,266.216156005859,4
212,120,141.428573608398,221.571426391602,129.104568481445,228.645324707031,4
60,93,2.35714292526245,134.357147216797,0.0,128.814270019531,4
274,155,71.8928604125977,124.928573608398,110.661056518555,349.945434570312,4
113,52,53.0357131958008,0.0,122.956733703613,254.408187866211,4
61,19,0.0,37.7142868041992,0.0,148.136413574219,4
131,194,73.0714263916016,0.0,0.0,19.3221397399902,4
61,94,0.0,0.0,0.0,138.475341796875,4
284,84,177.964279174805,221.571426391602,105.742790222168,0.0,4
100,22,103.714286804199,96.6428604125977,170.909851074219,230.792236328125,4
310,102,0.0,544.5,636.915893554688,652.658996582031,3
162,89,0.0,537.428588867188,677.491577148438,700.964294433594,3
478,234,174.428573608398,146.142852783203,0.0,152.430221557617,4
348,94,149.678573608398,119.035713195801,50.4122581481934,284.46484375,4
414,101,619.928588867188,0.0,630.768005371094,161.017837524414,1
72,91,45.9642868041992,0.0,66.3966369628906,289.832122802734,4
106,157,280.5,254.571426391602,65.1670684814453,343.504730224609,2
63,28,0.0,47.1428565979004,20.902645111084,281.244476318359,4
224,167,137.892852783203,262.821441650391,163.532455444336,288.758666992188,4
321,63,78.9642868041992,172.071426391602,104.513221740723,241.526763916016,4
196,81,81.3214263916016,55.3928565979004,134.022842407227,222.204620361328,4
346,93,127.285713195801,62.4642868041992,132.793273925781,164.238189697266,4
201,122,0.0,106.071426391602,193.042068481445,224.351516723633,4
202,67,21.2142848968506,215.678573608398,39.3461532592773,36.4973754882812,4
163,65,10.6071424484253,100.178573608398,140.170669555664,183.560333251953,4
183,112,66.0,167.357147216797,232.388214111328,267.289611816406,4
211,80,570.428588867188,110.785713195801,590.192321777344,212.543548583984,1
186,91,144.964279174805,183.857147216797,268.045684814453,181.413436889648,4
66,133,76.6071395874023,0.0,125.415863037109,230.792236328125,4
266,121,568.071411132812,143.785720825195,736.510803222656,268.363067626953,1
254,155,305.25,318.214294433594,168.450714111328,309.154235839844,2
113,152,0.0,0.0,79.921875,162.091293334961,4
161,80,56.5714302062988,0.0,140.170669555664,126.667366027832,4
108,20,0.0,0.0,0.0,246.894012451172,4
640,227,228.642852783203,571.607116699219,640.604553222656,662.320068359375,3
380,111,628.178588867188,251.035720825195,568.060119628906,1.07345223426819,1
175,54,576.321411132812,133.178573608398,817.662231445312,213.617004394531,1
111,154,27.1071434020996,116.678573608398,23.3617782592773,227.571884155273,4
245,122,651.75,198.0,647.981994628906,255.481643676758,1
136,42,546.857116699219,0.0,751.265625,236.15950012207,1
171,137,71.8928604125977,222.75,0.0,262.995788574219,4
897,333,608.142883300781,381.857147216797,670.114196777344,335.990570068359,1
270,98,183.857147216797,0.0,181.975967407227,198.588668823242,4
88,61,81.3214263916016,0.0,164.762023925781,94.4637985229492,4
101,52,0.0,97.8214263916016,67.626205444336,71.9213027954102,4
125,156,233.357147216797,196.821426391602,97.1358184814453,308.080810546875,2
486,224,623.464294433594,280.5,673.802856445312,288.758666992188,1
296,141,108.428573608398,162.642852783203,122.956733703613,166.385101318359,4
152,77,503.25,208.607147216797,670.114196777344,295.199371337891,1
199,104,62.4642868041992,172.071426391602,0.0,110.565582275391,4
90,71,0.0,96.6428604125977,0.0,254.408187866211,4
328,124,0.0,100.178573608398,240.995193481445,212.543548583984,4
276,82,543.321411132812,0.0,627.079345703125,283.391387939453,1
309,104,0.0,163.821426391602,229.929092407227,307.007354736328,4
174,152,199.178573608398,227.464279174805,158.614181518555,186.780685424805,4
90,95,517.392883300781,0.0,541.009643554688,186.780685424805,1
586,86,0.0,104.892860412598,29.509614944458,169.605453491211,4
511,132,102.535713195801,0.0,195.501205444336,8.5876178741455,4
139,83,531.535705566406,97.8214263916016,704.542053222656,141.695693969727,1
273,138,183.857147216797,53.0357131958008,47.953125,259.775451660156,4
128,54,66.0,9.4285717010498,260.668273925781,3.22035670280457,4
487,102,67.1785736083984,222.75,38.116584777832,132.034622192383,4
221,112,96.6428604125977,201.535720825195,89.758415222168,315.594970703125,4
139,121,69.5357131958008,194.464279174805,98.3653869628906,34.350471496582,4
434,84,570.428588867188,64.8214263916016,613.554077148438,46.158447265625,1
64,28,41.25,0.0,0.0,0.0,4
380,75,161.464279174805,0.0,0.0,252.261276245117,4
130,61,55.3928565979004,134.357147216797,0.0,246.894012451172,4
68,133,48.3214302062988,106.071426391602,0.0,115.932846069336,4
272,117,203.892852783203,492.642852783203,677.491577148438,694.523620605469,3
353,103,107.25,486.75,550.846130371094,680.568725585938,3
443,152,122.571426391602,193.285720825195,22.1322116851807,212.543548583984,4
234,91,133.178573608398,0.0,140.170669555664,236.15950012207,4
170,227,234.535720825195,294.642852783203,180.746398925781,370.341033935547,2
276,125,35.3571434020996,0.0,84.8401412963867,103.051414489746,4
187,68,550.392883300781,193.285720825195,633.227172851562,236.15950012207,1
71,58,96.6428604125977,0.0,0.0,298.419738769531,4
423,448,391.285705566406,477.321441650391,457.399047851562,475.539337158203,2
76,70,0.0,0.0,47.953125,91.2434387207031,4
406,168,1.17857146263123,144.964279174805,34.4278831481934,208.249740600586,4
72,54,0.0,126.107139587402,111.890625,138.475341796875,4
95,79,160.285720825195,136.714279174805,126.645431518555,238.306396484375,4
65,67,43.6071434020996,267.535705566406,0.0,286.611755371094,4
95,65,0.0,154.392852783203,154.925476074219,119.153198242188,4
128,85,111.964286804199,214.5,223.78125,339.210906982422,4
274,97,27.1071434020996,161.464279174805,0.0,282.317932128906,4
109,184,201.535720825195,325.285705566406,293.866577148438,358.533050537109,4
117,208,674.142883300781,381.857147216797,314.769226074219,294.125915527344,1
229,125,77.7857131958008,200.357147216797,126.645431518555,280.171051025391,4
176,122,0.0,469.071441650391,633.227172851562,632.263366699219,3
180,87,136.714279174805,269.892852783203,0.0,309.154235839844,4
163,74,73.0714263916016,192.107147216797,88.5288467407227,112.71248626709,4
67,34,0.0,177.964279174805,115.579330444336,62.2602310180664,4
98,53,0.0,56.5714302062988,183.205535888672,267.289611816406,4
208,124,0.0,75.4285736083984,75.0036087036133,192.14794921875,4
65,33,0.0,16.5,0.0,203.955932617188,4
301,124,90.75,165.0,153.695907592773,137.401885986328,4
346,93,86.0357131958008,90.75,136.481964111328,358.533050537109,4
156,61,162.642852783203,80.1428604125977,266.816101074219,309.154235839844,4
82,24,136.714279174805,0.0,28.2800483703613,185.707244873047,4
451,78,0.0,591.642883300781,552.075744628906,684.862548828125,3
93,205,0.0,5.89285707473755,79.921875,215.763900756836,4
82,118,0.0,0.0,111.890625,226.498428344727,4
196,102,67.1785736083984,188.571426391602,135.252410888672,282.317932128906,4
564,313,161.464279174805,146.142852783203,256.979553222656,325.256042480469,4
148,88,109.607139587402,71.8928604125977,110.661056518555,156.724029541016,4
183,109,154.392852783203,82.5,215.174285888672,245.820571899414,4
66,44,20.0357151031494,80.1428604125977,36.887020111084,126.667366027832,4
133,113,0.0,0.0,180.746398925781,209.323196411133,4
70,157,83.6785736083984,96.6428604125977,111.890625,140.62223815918,4
221,97,60.1071434020996,543.321411132812,577.896606445312,611.867797851562,3
60,72,454.928558349609,0.0,617.242797851562,151.35676574707,1
154,76,71.8928604125977,140.25,173.368988037109,16.1017837524414,4
70,98,0.0,4.7142858505249,4.91826915740967,0.0,4
515,205,252.214279174805,90.75,0.0,318.815307617188,2
259,155,81.3214263916016,149.678573608398,210.256011962891,211.470092773438,4
136,77,74.25,24.75,148.777648925781,135.254989624023,4
273,107,96.6428604125977,53.0357131958008,243.454330444336,194.294860839844,4
453,110,642.321411132812,176.785720825195,647.981994628906,326.329498291016,1
104,69,0.0,20.0357151031494,75.0036087036133,125.593910217285,4
447,146,140.25,203.892852783203,151.236785888672,212.543548583984,4
169,44,107.25,0.0,0.0,291.97900390625,4
260,153,566.892883300781,0.0,735.28125,218.984252929688,1
145,75,33.0,0.0,81.1514434814453,100.904510498047,4
268,72,81.3214263916016,110.785713195801,189.353363037109,288.758666992188,4
65,87,174.428573608398,122.571426391602,210.256011962891,314.521514892578,4
98,66,0.0,163.821426391602,0.0,254.408187866211,4
365,153,553.928588867188,188.571426391602,636.915893554688,61.1867790222168,1
304,70,582.214294433594,0.0,656.588928222656,50.4522552490234,1
291,120,577.5,0.0,718.067321777344,302.713531494141,1
313,146,0.0,77.7857131958008,496.745178222656,230.792236328125,4
210,59,500.892852783203,77.7857131958008,729.133422851562,205.029388427734,1
375,82,594.0,74.25,538.550476074219,213.617004394531,1
191,105,577.5,173.25,793.070922851562,230.792236328125,1
466,73,629.357116699219,120.214286804199,695.935119628906,228.645324707031,1
138,136,163.821426391602,337.071441650391,240.995193481445,343.504730224609,4
108,431,88.3928604125977,29.4642848968506,196.730773925781,271.583435058594,4
199,124,64.8214263916016,575.142883300781,660.277648925781,733.167907714844,3
401,101,597.535705566406,195.642852783203,654.129821777344,112.71248626709,1
175,66,570.428588867188,159.107147216797,754.954345703125,188.927597045898,1
426,118,75.4285736083984,715.392883300781,584.044494628906,793.281188964844,3
430,112,619.928588867188,0.0,678.721130371094,128.814270019531,1
204,102,107.25,192.107147216797,0.0,113.785942077637,4
234,129,168.535720825195,31.8214282989502,88.5288467407227,200.735565185547,4
237,122,137.892852783203,264.0,63.9375,162.091293334961,4
197,172,279.321441650391,353.571441650391,270.504821777344,322.035675048828,2
173,83,519.75,35.3571434020996,710.689880371094,272.656860351562,1
212,157,8.25,0.0,103.283653259277,222.204620361328,4
467,180,622.285705566406,282.857147216797,634.456726074219,184.6337890625,1
183,75,33.0,100.178573608398,114.349761962891,192.14794921875,4
202,131,66.0,48.3214302062988,111.890625,191.074508666992,4
108,75,0.0,0.0,60.2487983703613,0.0,4
329,105,0.0,0.0,248.372589111328,174.972717285156,4
207,89,564.535705566406,0.0,582.814880371094,242.600204467773,1
119,330,0.0,0.0,82.3810119628906,11.8079748153687,4
301,91,97.8214263916016,0.0,0.0,294.125915527344,4
286,145,0.0,104.892860412598,86.069709777832,319.888763427734,4
104,51,484.392852783203,201.535720825195,609.865356445312,208.249740600586,1
92,63,0.0,0.0,20.902645111084,158.870941162109,4
403,138,187.392852783203,75.4285736083984,93.4471130371094,226.498428344727,4
389,139,173.25,139.071426391602,164.762023925781,237.232955932617,4
257,152,0.0,156.75,156.155044555664,196.441757202148,4
154,84,553.928588867188,34.1785697937012,722.985595703125,276.95068359375,1
169,63,30.6428565979004,128.464279174805,100.824516296387,342.431274414062,4
209,195,259.285705566406,327.642852783203,220.092544555664,308.080810546875,2
75,24,10.6071424484253,0.0,124.186294555664,202.882476806641,4
258,105,88.3928604125977,127.285713195801,721.755981445312,288.758666992188,4
254,122,544.5,18.8571434020996,748.806518554688,181.413436889648,1
202,107,49.5,130.821426391602,36.887020111084,302.713531494141,4
293,143,103.714286804199,0.0,136.481964111328,198.588668823242,4
96,34,162.642852783203,0.0,221.322113037109,223.278076171875,4
272,133,56.5714302062988,233.357147216797,0.0,287.685211181641,4
112,63,0.0,160.285720825195,88.5288467407227,79.4354705810547,4
240,129,8.25,51.8571434020996,31.96875,194.294860839844,4
398,86,129.642852783203,37.7142868041992,124.186294555664,147.062957763672,4
142,79,8.25,9.4285717010498,165.991592407227,218.984252929688,4
146,220,0.0,57.75,0.0,280.171051025391,4
353,69,91.9285736083984,68.3571395874023,40.5757217407227,0.0,4
251,123,128.464279174805,139.071426391602,65.1670684814453,221.131164550781,4
364,112,561.0,160.285720825195,679.950744628906,30.0566635131836,1
219,352,0.0,18.8571434020996,13.525239944458,230.792236328125,4
202,134,615.214294433594,141.428573608398,687.328125,200.735565185547,1
153,64,590.464294433594,134.357147216797,681.180297851562,123.447006225586,1
184,128,62.4642868041992,198.0,110.661056518555,240.453308105469,4
73,8,0.0,159.107147216797,62.7079315185547,265.142700195312,4
106,49,280.5,35.3571434020996,453.710327148438,275.877227783203,2
137,288,162.642852783203,155.571426391602,239.765625,214.690444946289,4
112,78,10.6071424484253,37.7142868041992,202.878601074219,237.232955932617,4
105,113,305.25,331.178558349609,0.0,312.374603271484,2
149,115,113.142860412598,0.0,213.944717407227,284.46484375,4
140,113,1.17857146263123,0.0,0.0,33.2770195007324,4
172,69,546.857116699219,0.0,738.969970703125,260.848907470703,1
246,107,136.714279174805,16.5,165.991592407227,125.593910217285,4
303,121,7.07142877578735,11.7857141494751,237.306488037109,291.97900390625,4
477,121,655.285705566406,54.2142868041992,598.799255371094,252.261276245117,1
170,278,232.178573608398,354.75,276.652648925781,347.798522949219,2
123,50,30.6428565979004,115.5,25.8209133148193,46.158447265625,4
86,177,140.25,255.75,95.90625,300.566619873047,4
227,101,58.9285697937012,30.6428565979004,88.5288467407227,229.718780517578,4
173,77,584.571411132812,45.9642868041992,612.324523925781,298.419738769531,1
172,121,181.5,88.3928604125977,62.7079315185547,305.933898925781,4
176,61,162.642852783203,121.392860412598,165.991592407227,340.284362792969,4
98,42,0.0,21.2142848968506,276.652648925781,269.4365234375,4
210,1023,253.392852783203,399.535705566406,402.068511962891,334.917114257812,2
277,76,160.285720825195,86.0357131958008,151.236785888672,199.662124633789,4
453,130,28.2857151031494,156.75,33.1983184814453,12.8814268112183,4
123,65,27.1071434020996,0.0,169.680282592773,95.537254333496,4
243,120,113.142860412598,126.107139587402,175.828125,120.226654052734,4
515,319,371.25,386.571441650391,386.084136962891,317.741882324219,2
223,99,41.25,0.0,156.155044555664,154.577117919922,4
284,105,121.392860412598,18.8571434020996,181.975967407227,319.888763427734,4
75,30,30.6428565979004,0.0,153.695907592773,224.351516723633,4
416,76,610.5,66.0,737.740356445312,154.577117919922,1
80,46,0.0,0.0,0.0,245.820571899414,4
258,113,511.5,91.9285736083984,652.900268554688,147.062957763672,1
232,147,0.0,142.607147216797,87.2992782592773,227.571884155273,4
213,96,101.357139587402,0.0,118.038459777832,258.701995849609,4
275,76,463.178558349609,2.35714292526245,547.157470703125,267.289611816406,1
170,99,121.392860412598,57.75,0.0,253.334732055664,4
372,99,596.357116699219,147.321426391602,675.032470703125,127.740821838379,1
75,81,99.0,225.107147216797,188.123794555664,260.848907470703,4
355,85,53.0357131958008,132.0,94.6766815185547,289.832122802734,4
558,138,650.571411132812,150.857147216797,624.620178222656,127.740821838379,1
216,120,148.5,632.892883300781,628.308898925781,739.608581542969,3
237,114,80.1428604125977,240.428573608398,28.2800483703613,194.294860839844,4
294,112,107.25,639.964294433594,596.340148925781,639.777526855469,3
236,107,135.535720825195,140.25,159.84375,276.95068359375,4
381,173,240.428573608398,185.035720825195,76.233169555664,314.521514892578,2
198,68,83.6785736083984,47.1428565979004,92.217544555664,239.379852294922,4
63,62,0.0,122.571426391602,62.7079315185547,243.67366027832,4
62,33,0.0,57.75,0.0,197.515213012695,4
61,183,0.0,5.89285707473755,194.271636962891,279.097595214844,4
261,136,196.821426391602,170.892852783203,265.586547851562,83.7292785644531,4
161,106,196.821426391602,221.571426391602,0.0,265.142700195312,4
344,420,17.6785717010498,0.0,270.504821777344,323.109130859375,4
64,66,48.3214302062988,182.678573608398,40.5757217407227,261.92236328125,4
230,105,130.821426391602,142.607147216797,143.859375,316.668426513672,4
88,59,109.607139587402,0.0,265.586547851562,325.256042480469,4
94,50,56.5714302062988,101.357139587402,229.929092407227,265.142700195312,4
82,134,4.7142858505249,0.0,195.501205444336,276.95068359375,4
141,93,50.6785697937012,0.0,111.890625,193.221405029297,4
297,83,149.678573608398,163.821426391602,25.8209133148193,239.379852294922,4
335,152,35.3571434020996,165.0,7.3774037361145,177.11962890625,4
233,139,146.142852783203,347.678558349609,647.981994628906,612.941223144531,3
307,86,126.107139587402,159.107147216797,151.236785888672,320.962219238281,4
363,80,70.7142868041992,69.5357131958008,164.762023925781,111.639038085938,4
122,221,129.642852783203,111.964286804199,132.793273925781,296.272827148438,4
90,178,113.142860412598,116.678573608398,217.633407592773,139.548797607422,4
342,72,601.071411132812,15.3214282989502,585.274047851562,142.769149780273,1
228,91,4.7142858505249,139.071426391602,181.975967407227,332.770202636719,4
105,139,168.535720825195,201.535720825195,122.956733703613,338.137451171875,4
73,12,0.0,27.1071434020996,0.0,123.447006225586,4
444,120,148.5,583.392883300781,523.795654296875,690.229797363281,3
235,102,153.214279174805,156.75,73.774040222168,100.904510498047,4
388,118,155.571426391602,584.571411132812,611.094970703125,709.551940917969,3
230,107,36.5357131958008,205.071426391602,0.0,299.493194580078,4
84,42,0.0,0.0,0.0,142.769149780273,4
105,42,0.0,0.0,0.0,302.713531494141,4
170,236,254.571426391602,319.392852783203,181.975967407227,251.18782043457,2
91,79,3.53571438789368,91.9285736083984,0.0,268.363067626953,4
89,46,0.0,0.0,39.3461532592773,272.656860351562,4
237,139,96.6428604125977,186.214279174805,131.563705444336,258.701995849609,4
161,81,53.0357131958008,29.4642848968506,40.5757217407227,41.8646392822266,4
261,111,126.107139587402,0.0,296.325714111328,0.0,4
202,73,50.6785697937012,342.964294433594,598.799255371094,637.630615234375,3
242,150,355.928558349609,288.75,186.894226074219,236.15950012207,2
151,65,67.1785736083984,143.785720825195,75.0036087036133,281.244476318359,4
287,125,0.0,617.571411132812,698.394226074219,729.947509765625,3
101,83,0.0,20.0357151031494,0.0,270.509979248047,4
333,120,43.6071434020996,728.357116699219,707.001220703125,715.99267578125,3
380,108,606.964294433594,0.0,742.658630371094,226.498428344727,1
101,185,246.321426391602,289.928558349609,276.652648925781,367.120666503906,2
217,143,31.8214282989502,185.035720825195,193.042068481445,208.249740600586,4
327,210,245.142852783203,87.2142868041992,181.975967407227,229.718780517578,2
79,44,0.0,132.0,6.14783668518066,240.453308105469,4
162,73,117.857139587402,163.821426391602,0.0,118.079750061035,4
258,122,23.5714282989502,143.785720825195,41.805290222168,225.42497253418,4
129,210,268.714294433594,334.714294433594,116.808891296387,356.386138916016,2
266,129,166.178573608398,172.071426391602,76.233169555664,241.526763916016,4
354,143,0.0,160.285720825195,189.353363037109,375.708282470703,4
63,40,114.321426391602,0.0,0.0,177.11962890625,4
119,58,21.2142848968506,94.2857131958008,47.953125,156.724029541016,4
225,81,540.964294433594,27.1071434020996,727.903869628906,12.8814268112183,1
328,225,334.714294433594,340.607147216797,280.341339111328,250.114379882812,2
69,17,0.0,0.0,39.3461532592773,128.814270019531,4
113,116,539.785705566406,172.071426391602,718.067321777344,46.158447265625,1
120,40,0.0,0.0,73.774040222168,112.71248626709,4
178,88,10.6071424484253,75.4285736083984,196.730773925781,279.097595214844,4
272,90,110.785713195801,457.285705566406,531.173095703125,575.370422363281,3
230,108,124.928573608398,0.0,31.96875,269.4365234375,4
416,92,575.142883300781,23.5714282989502,541.009643554688,123.447006225586,1
395,129,84.8571395874023,0.0,99.594955444336,329.549835205078,4
223,125,122.571426391602,0.0,103.283653259277,270.509979248047,4
88,173,0.0,0.0,59.019229888916,270.509979248047,4
227,141,104.892860412598,95.4642868041992,154.925476074219,253.334732055664,4
117,93,0.0,143.785720825195,28.2800483703613,243.67366027832,4
264,165,12.9642858505249,252.214279174805,106.972358703613,193.221405029297,4
92,82,159.107147216797,0.0,245.913467407227,237.232955932617,4
333,100,48.3214302062988,84.8571395874023,126.645431518555,145.989501953125,4
494,145,162.642852783203,566.892883300781,580.355773925781,846.953857421875,3
176,222,264.0,335.892852783203,255.75,323.109130859375,2
104,90,71.8928604125977,152.035720825195,250.831726074219,193.221405029297,4
235,132,80.1428604125977,99.0,0.0,96.6107025146484,4
110,42,130.821426391602,49.5,103.283653259277,235.086044311523,4
158,66,487.928558349609,84.8571395874023,671.34375,104.124870300293,1
115,55,0.0,102.535713195801,130.334136962891,279.097595214844,4
203,92,16.5,27.1071434020996,54.100959777832,299.493194580078,4
397,79,33.0,0.0,111.890625,246.894012451172,4
264,98,56.5714302062988,53.0357131958008,163.532455444336,287.685211181641,4
345,72,588.107116699219,0.0,636.915893554688,246.894012451172,1
72,26,0.0,117.857139587402,0.0,151.35676574707,4
88,52,62.4642868041992,123.75,248.372589111328,192.14794921875,4
308,106,195.642852783203,0.0,120.497596740723,104.124870300293,4
92,165,272.25,259.285705566406,196.730773925781,327.402923583984,2
105,194,232.178573608398,291.107147216797,122.956733703613,303.786987304688,2
130,33,0.0,27.1071434020996,115.579330444336,223.278076171875,4
285,117,48.3214302062988,157.928573608398,87.2992782592773,295.199371337891,4
314,151,91.9285736083984,0.0,34.4278831481934,266.216156005859,4
81,106,109.607139587402,51.8571434020996,132.793273925781,237.232955932617,4
149,69,43.6071434020996,238.071426391602,132.793273925781,314.521514892578,4
356,104,21.2142848968506,9.4285717010498,12.2956733703613,209.323196411133,4
144,210,361.821441650391,344.142852783203,263.127410888672,415.426025390625,2
195,100,589.285705566406,88.3928604125977,745.117797851562,171.752365112305,1
353,70,594.0,0.0,633.227172851562,0.0,1
315,64,55.3928565979004,110.785713195801,180.746398925781,69.774398803711,4
132,89,0.0,43.6071434020996,0.0,254.408187866211,4
249,154,84.8571395874023,550.392883300781,726.674255371094,648.365173339844,3
111,198,137.892852783203,351.214294433594,129.104568481445,325.256042480469,4
440,204,129.642852783203,81.3214263916016,0.0,207.176284790039,4
203,135,74.25,188.571426391602,209.026443481445,232.93913269043,4
283,114,117.857139587402,183.857147216797,174.598556518555,208.249740600586,4
239,234,311.142852783203,205.071426391602,252.061294555664,283.391387939453,2
86,59,0.0,97.8214263916016,0.0,15.0283317565918,4
66,186,0.0,68.3571395874023,0.0,315.594970703125,4
108,169,57.75,0.0,195.501205444336,232.93913269043,4
95,29,42.4285697937012,0.0,163.532455444336,0.0,4
407,140,161.464279174805,161.464279174805,104.513221740723,332.770202636719,4
441,145,25.9285717010498,0.0,188.123794555664,316.668426513672,4
519,149,104.892860412598,94.2857131958008,108.201919555664,235.086044311523,4
385,103,524.464294433594,165.0,590.192321777344,0.0,1
197,104,140.25,37.7142868041992,77.4627380371094,308.080810546875,4
109,78,187.392852783203,188.571426391602,191.8125,0.0,4
398,111,27.1071434020996,168.535720825195,65.1670684814453,0.0,4
143,127,40.0714302062988,0.0,24.5913467407227,223.278076171875,4
142,66,169.714279174805,134.357147216797,79.921875,0.0,4
63,59,70.7142868041992,172.071426391602,141.400238037109,142.769149780273,4
148,75,74.25,0.0,0.0,183.560333251953,4
513,271,619.928588867188,398.357147216797,697.164672851562,413.279113769531,1
194,55,526.821411132812,67.1785736083984,722.985595703125,190.001052856445,1
257,117,168.535720825195,233.357147216797,213.944717407227,249.040924072266,4
444,88,556.285705566406,214.5,677.491577148438,35.4239234924316,1
165,101,88.3928604125977,119.035713195801,57.789665222168,310.227691650391,4
158,81,595.178588867188,0.0,748.806518554688,34.350471496582,1
369,76,188.571426391602,635.25,553.305297851562,737.461669921875,3
243,100,141.428573608398,78.9642868041992,167.221160888672,307.007354736328,4
102,102,5.89285707473755,75.4285736083984,15.984375,221.131164550781,4
225,174,9.4285717010498,248.678573608398,170.909851074219,200.735565185547,4
449,124,45.9642868041992,132.0,19.6730766296387,266.216156005859,4
138,51,0.0,47.1428565979004,173.368988037109,203.955932617188,4
287,89,550.392883300781,60.1071434020996,485.679077148438,0.0,1
178,231,168.535720825195,281.678558349609,210.256011962891,134.181533813477,4
120,69,0.0,0.0,41.805290222168,104.124870300293,4
103,60,121.392860412598,63.6428565979004,14.754807472229,259.775451660156,4
102,414,0.0,0.0,102.054084777832,265.142700195312,4
436,74,4.7142858505249,42.4285697937012,126.645431518555,171.752365112305,4
507,119,36.5357131958008,104.892860412598,120.497596740723,227.571884155273,4
261,125,134.357147216797,78.9642868041992,45.4939918518066,245.820571899414,4
337,73,77.7857131958008,24.75,95.90625,260.848907470703,4
284,77,0.0,86.0357131958008,158.614181518555,242.600204467773,4
268,141,77.7857131958008,180.321426391602,0.0,181.413436889648,4
236,126,0.0,193.285720825195,215.174285888672,207.176284790039,4
80,32,0.0,0.0,170.909851074219,247.967468261719,4
145,60,27.1071434020996,190.928573608398,65.1670684814453,195.368316650391,4
258,127,18.8571434020996,240.428573608398,222.551681518555,299.493194580078,4
428,144,293.464294433594,297.0,35.6574516296387,271.583435058594,2
425,97,142.607147216797,611.678588867188,571.748779296875,685.935974121094,3
363,98,222.75,644.678588867188,618.472351074219,700.964294433594,3
267,91,104.892860412598,115.5,54.100959777832,261.92236328125,4
410,151,104.892860412598,201.535720825195,220.092544555664,91.2434387207031,4
248,85,153.214279174805,222.75,52.871395111084,342.431274414062,4
197,101,40.0714302062988,209.785720825195,28.2800483703613,313.448059082031,4
129,132,0.0,0.0,0.0,299.493194580078,4
409,118,601.071411132812,87.2142868041992,630.768005371094,128.814270019531,1
245,111,515.035705566406,0.0,612.324523925781,196.441757202148,1
170,125,301.714294433594,267.535705566406,231.158660888672,213.617004394531,2
214,94,76.6071395874023,589.285705566406,612.324523925781,681.642211914062,3
152,77,565.714294433594,174.428573608398,689.787231445312,0.0,1
119,60,70.7142868041992,0.0,49.1826934814453,223.278076171875,4
119,52,0.0,54.2142868041992,0.0,62.2602310180664,4
191,142,47.1428565979004,0.0,256.979553222656,119.153198242188,4
413,151,55.3928565979004,50.6785697937012,161.073318481445,249.040924072266,4
190,132,142.607147216797,133.178573608398,8.60697078704834,280.171051025391,4
183,101,0.0,658.821411132812,588.962768554688,713.845764160156,3
112,95,0.0,0.0,76.233169555664,190.001052856445,4
67,28,0.0,0.0,0.0,70.8478469848633,4
278,80,120.214286804199,465.535705566406,579.126220703125,591.47216796875,3
322,53,503.25,42.4285697937012,596.340148925781,93.3903427124023,1
82,54,0.0,155.571426391602,0.0,154.577117919922,4
87,71,51.8571434020996,2.35714292526245,63.9375,231.865692138672,4
214,78,571.607116699219,121.392860412598,601.258422851562,214.690444946289,1
257,125,40.0714302062988,537.428588867188,661.507202148438,684.862548828125,3
164,73,70.7142868041992,106.071426391602,106.972358703613,215.763900756836,4
260,106,108.428573608398,458.464294433594,591.421875,631.18994140625,3
242,114,549.214294433594,225.107147216797,699.623779296875,180.339981079102,1
67,41,83.6785736083984,129.642852783203,3.68870186805725,101.977966308594,4
374,97,76.6071395874023,87.2142868041992,0.0,0.0,4
239,61,80.1428604125977,35.3571434020996,291.407440185547,206.102828979492,4
252,130,185.035720825195,14.1428575515747,113.120193481445,245.820571899414,4
269,151,54.2142868041992,605.785705566406,686.098571777344,713.845764160156,3
96,58,0.0,0.0,0.0,183.560333251953,4
404,143,124.928573608398,189.75,232.388214111328,262.995788574219,4
60,52,0.0,0.0,0.0,231.865692138672,4
353,79,572.785705566406,24.75,678.721130371094,288.758666992188,1
327,81,76.6071395874023,127.285713195801,0.0,180.339981079102,4
202,109,61.2857131958008,650.571411132812,735.28125,732.094421386719,3
210,306,361.821441650391,405.428558349609,190.582931518555,430.454345703125,2
301,140,143.785720825195,628.178588867188,694.705505371094,721.359924316406,3
157,71,106.071426391602,71.8928604125977,227.469955444336,243.67366027832,4
125,279,294.642852783203,429.0,259.438690185547,416.499481201172,2
240,155,576.321411132812,0.0,724.215148925781,0.0,1
294,57,107.25,99.0,111.890625,188.927597045898,4
93,114,10.6071424484253,0.0,19.6730766296387,81.5823745727539,4
186,89,555.107116699219,163.821426391602,769.709106445312,101.977966308594,1
246,126,150.857147216797,153.214279174805,250.831726074219,317.741882324219,4
250,133,73.0714263916016,201.535720825195,40.5757217407227,222.204620361328,4
154,63,0.0,20.0357151031494,31.96875,190.001052856445,4
218,119,75.4285736083984,619.928588867188,560.682678222656,666.613830566406,3
168,145,115.5,0.0,0.0,323.109130859375,4
244,140,149.678573608398,0.0,189.353363037109,163.164749145508,4
230,131,149.678573608398,202.714279174805,186.894226074219,310.227691650391,4
138,50,57.75,0.0,222.551681518555,70.8478469848633,4
67,43,0.0,0.0,0.0,262.995788574219,4
114,165,0.0,25.9285717010498,136.481964111328,8.5876178741455,4
433,126,45.9642868041992,91.9285736083984,103.283653259277,232.93913269043,4
94,52,75.4285736083984,88.3928604125977,188.123794555664,0.0,4
112,121,181.5,220.392852783203,88.5288467407227,239.379852294922,4
181,138,622.285705566406,201.535720825195,692.246398925781,161.017837524414,1
197,59,44.7857131958008,0.0,9.83653831481934,205.029388427734,4
333,194,174.428573608398,275.785705566406,0.0,238.306396484375,4
88,38,3.53571438789368,150.857147216797,147.548080444336,312.374603271484,4
200,49,0.0,144.964279174805,249.602157592773,53.6726112365723,4
79,213,0.0,123.75,0.0,197.515213012695,4
90,54,0.0,116.678573608398,115.579330444336,229.718780517578,4
269,165,126.107139587402,160.285720825195,225.010818481445,366.047210693359,4
117,51,51.8571434020996,146.142852783203,108.201919555664,151.35676574707,4
202,95,128.464279174805,180.321426391602,188.123794555664,318.815307617188,4
224,112,0.0,80.1428604125977,0.0,302.713531494141,4
399,110,100.178573608398,110.785713195801,135.252410888672,374.634826660156,4
143,48,0.0,196.821426391602,0.0,19.3221397399902,4
108,55,45.9642868041992,54.2142868041992,115.579330444336,250.114379882812,4
147,118,0.0,99.0,25.8209133148193,195.368316650391,4
66,65,0.0,0.0,195.501205444336,319.888763427734,4
61,197,0.0,108.428573608398,0.0,218.984252929688,4
91,14,0.0,121.392860412598,0.0,198.588668823242,4
77,32,0.0,166.178573608398,0.0,260.848907470703,4
117,122,0.0,0.0,79.921875,241.526763916016,4
132,115,0.0,0.0,138.941101074219,0.0,4
278,137,161.464279174805,209.785720825195,65.1670684814453,303.786987304688,4
408,103,612.857116699219,94.2857131958008,660.277648925781,301.640075683594,1
231,101,557.464294433594,267.535705566406,587.733154296875,154.577117919922,1
243,119,172.071426391602,141.428573608398,18.443510055542,288.758666992188,4
135,57,76.6071395874023,17.6785717010498,136.481964111328,276.95068359375,4
85,53,38.8928565979004,241.607147216797,0.0,307.007354736328,4
230,117,0.0,229.821426391602,177.057693481445,309.154235839844,4
385,123,77.7857131958008,88.3928604125977,231.158660888672,215.763900756836,4
83,22,48.3214302062988,37.7142868041992,181.975967407227,174.972717285156,4
303,153,44.7857131958008,142.607147216797,0.0,243.67366027832,4
320,100,127.285713195801,134.357147216797,103.283653259277,199.662124633789,4
218,74,93.1071395874023,0.0,0.0,210.396636962891,4
286,140,0.0,20.0357151031494,169.680282592773,272.656860351562,4
285,155,95.4642868041992,161.464279174805,73.774040222168,293.052459716797,4
95,30,15.3214282989502,29.4642848968506,23.3617782592773,148.136413574219,4
420,169,0.0,226.285720825195,0.0,281.244476318359,4
288,98,519.75,0.0,624.620178222656,105.198318481445,1
80,29,0.0,0.0,174.598556518555,216.837356567383,4
366,220,267.535705566406,325.285705566406,185.664657592773,319.888763427734,2
224,88,0.0,621.107116699219,691.016845703125,651.585510253906,3
78,65,0.0,3.53571438789368,104.513221740723,197.515213012695,4
93,119,0.0,172.071426391602,0.0,92.31689453125,4
147,156,198.0,264.0,174.598556518555,293.052459716797,4
73,38,0.0,147.321426391602,159.84375,52.5991592407227,4
218,170,255.75,331.178558349609,247.143035888672,406.838409423828,2
216,101,87.2142868041992,49.5,38.116584777832,19.3221397399902,4
184,86,114.321426391602,0.0,88.5288467407227,299.493194580078,4
199,98,144.964279174805,502.071441650391,646.752380371094,664.466918945312,3
242,83,80.1428604125977,163.821426391602,190.582931518555,178.193069458008,4
86,108,0.0,0.0,0.0,186.780685424805,4
154,95,561.0,0.0,516.418273925781,137.401885986328,1
129,49,12.9642858505249,22.3928565979004,104.513221740723,235.086044311523,4
106,99,87.2142868041992,57.75,0.0,229.718780517578,4
682,354,595.178588867188,391.285705566406,731.592529296875,344.578186035156,1
372,128,7.07142877578735,614.035705566406,533.632202148438,693.450134277344,3
282,78,73.0714263916016,82.5,170.909851074219,208.249740600586,4
117,122,0.0,111.964286804199,189.353363037109,268.363067626953,4
234,164,42.4285697937012,492.642852783203,618.472351074219,650.512084960938,3
379,75,505.607147216797,78.9642868041992,548.387023925781,202.882476806641,1
283,106,150.857147216797,614.035705566406,639.375,655.879333496094,3
329,115,91.9285736083984,146.142852783203,165.991592407227,283.391387939453,4
257,156,124.928573608398,173.25,68.8557662963867,282.317932128906,4
88,75,532.714294433594,0.0,631.997619628906,320.962219238281,1
67,52,0.0,94.2857131958008,129.104568481445,118.079750061035,4
61,27,34.1785697937012,200.357147216797,57.789665222168,249.040924072266,4
150,72,71.8928604125977,0.0,75.0036087036133,228.645324707031,4
259,194,115.5,117.857139587402,177.057693481445,269.4365234375,4
199,236,192.107147216797,358.285705566406,145.088943481445,313.448059082031,4
215,100,111.964286804199,160.285720825195,0.0,265.142700195312,4
221,110,60.1071434020996,235.714279174805,106.972358703613,273.730316162109,4
159,72,0.0,88.3928604125977,66.3966369628906,297.346282958984,4
132,30,142.607147216797,8.25,104.513221740723,225.42497253418,4
153,97,146.142852783203,99.0,0.0,89.0965347290039,4
115,157,0.0,48.3214302062988,178.287261962891,241.526763916016,4
257,153,80.1428604125977,168.535720825195,163.532455444336,300.566619873047,4
204,105,555.107116699219,76.6071395874023,731.592529296875,148.136413574219,1
189,103,60.1071434020996,154.392852783203,181.975967407227,285.538299560547,4
233,122,0.0,5.89285707473755,113.120193481445,232.93913269043,4
89,76,0.0,177.964279174805,116.808891296387,176.046173095703,4
307,110,0.0,222.75,647.981994628906,600.059814453125,3
209,109,538.607116699219,0.0,714.378601074219,283.391387939453,1
221,228,313.5,332.357147216797,254.520431518555,373.561370849609,2
89,63,0.0,54.2142868041992,12.2956733703613,136.328430175781,4
439,94,89.5714263916016,174.428573608398,43.034854888916,193.221405029297,4
174,81,589.285705566406,0.0,683.639404296875,133.10807800293,1
174,118,82.5,198.0,188.123794555664,253.334732055664,4
123,29,54.2142868041992,199.178573608398,93.4471130371094,88.0230865478516,4
81,208,0.0,10.6071424484253,11.0661058425903,300.566619873047,4
356,81,601.071411132812,193.285720825195,633.227172851562,230.792236328125,1
327,237,262.821441650391,311.142852783203,188.123794555664,296.272827148438,2
219,275,294.642852783203,320.571441650391,270.504821777344,254.408187866211,2
442,138,121.392860412598,664.714294433594,597.569702148438,738.53515625,3
101,271,0.0,48.3214302062988,36.887020111084,138.475341796875,4
177,78,563.357116699219,165.0,643.063720703125,212.543548583984,1
82,47,0.0,0.0,0.0,228.645324707031,4
179,84,507.964294433594,0.0,688.557678222656,287.685211181641,1
97,64,0.0,0.0,254.520431518555,212.543548583984,4
313,91,152.035720825195,29.4642848968506,265.586547851562,19.3221397399902,4
74,38,0.0,0.0,95.90625,300.566619873047,4
87,65,75.4285736083984,0.0,0.0,283.391387939453,4
79,206,0.0,43.6071434020996,165.991592407227,114.859390258789,4
106,48,76.6071395874023,7.07142877578735,23.3617782592773,203.955932617188,4
188,78,100.178573608398,87.2142868041992,161.073318481445,110.565582275391,4
231,94,175.607147216797,205.071426391602,76.233169555664,359.606506347656,4
361,105,154.392852783203,552.75,564.371398925781,642.997924804688,3
70,70,116.678573608398,147.321426391602,20.902645111084,297.346282958984,4
74,24,64.8214263916016,101.357139587402,75.0036087036133,299.493194580078,4
99,42,0.0,0.0,72.5444717407227,30.0566635131836,4
237,106,74.25,183.857147216797,0.0,206.102828979492,4
202,94,233.357147216797,183.857147216797,0.0,315.594970703125,2
385,114,81.3214263916016,735.428588867188,558.223571777344,780.399780273438,3
146,62,31.8214282989502,41.25,97.1358184814453,149.209869384766,4
409,118,102.535713195801,157.928573608398,61.4783668518066,288.758666992188,4
364,73,73.0714263916016,165.0,109.431488037109,294.125915527344,4
125,88,57.75,208.607147216797,63.9375,201.809020996094,4
260,119,62.4642868041992,485.571441650391,590.192321777344,620.455383300781,3
108,176,3.53571438789368,87.2142868041992,0.0,134.181533813477,4
86,132,0.0,0.0,0.0,275.877227783203,4
261,117,106.071426391602,201.535720825195,0.0,290.905548095703,4
254,157,141.428573608398,621.107116699219,652.900268554688,681.642211914062,3
164,89,133.178573608398,245.142852783203,121.727165222168,305.933898925781,4
81,232,0.0,0.0,8.60697078704834,151.35676574707,4
370,100,75.4285736083984,223.928573608398,73.774040222168,353.165802001953,4
72,85,116.678573608398,0.0,31.96875,210.396636962891,4
409,112,114.321426391602,748.392883300781,672.573303222656,788.987426757812,3
211,236,286.392852783203,351.214294433594,213.944717407227,252.261276245117,2
72,79,0.0,0.0,184.435089111328,0.0,4
218,112,143.785720825195,120.214286804199,304.932678222656,310.227691650391,4
85,64,75.4285736083984,25.9285717010498,0.0,214.690444946289,4
587,274,528.0,301.714294433594,709.460327148438,250.114379882812,1
362,77,74.25,174.428573608398,141.400238037109,181.413436889648,4
338,81,71.8928604125977,502.071441650391,661.507202148438,627.969543457031,3
67,175,193.285720825195,190.928573608398,0.0,154.577117919922,4
61,39,0.0,111.964286804199,60.2487983703613,157.797485351562,4
219,122,130.821426391602,176.785720825195,75.0036087036133,206.102828979492,4
231,102,575.142883300781,74.25,566.830505371094,215.763900756836,1
110,87,71.8928604125977,0.0,104.513221740723,351.018890380859,4
86,39,0.0,24.75,73.774040222168,266.216156005859,4
342,82,190.928573608398,614.035705566406,555.764404296875,705.258117675781,3
152,286,268.714294433594,344.142852783203,249.602157592773,314.521514892578,2
530,125,639.964294433594,251.035720825195,628.308898925781,211.470092773438,1
209,124,173.25,189.75,207.796875,195.368316650391,4
79,74,248.678573608398,213.321426391602,279.111785888672,312.374603271484,2
342,101,66.0,0.0,308.621398925781,195.368316650391,4
80,154,12.9642858505249,128.464279174805,136.481964111328,275.877227783203,4
64,32,0.0,0.0,110.661056518555,208.249740600586,4
222,106,180.321426391602,181.5,22.1322116851807,316.668426513672,4
289,367,540.964294433594,278.142852783203,651.670654296875,327.402923583984,1
126,38,0.0,51.8571434020996,169.680282592773,234.012588500977,4
216,81,96.6428604125977,0.0,215.174285888672,249.040924072266,4
175,309,295.821441650391,331.178558349609,250.831726074219,397.177337646484,2
235,130,113.142860412598,0.0,175.828125,304.860443115234,4
272,71,95.4642868041992,155.571426391602,0.0,283.391387939453,4
116,25,0.0,142.607147216797,134.022842407227,264.069244384766,4
196,143,123.75,154.392852783203,206.567306518555,213.617004394531,4
61,49,0.0,95.4642868041992,0.0,132.034622192383,4
215,86,167.357147216797,15.3214282989502,72.5444717407227,229.718780517578,4
239,68,113.142860412598,120.214286804199,0.0,144.916061401367,4
191,106,10.6071424484253,180.321426391602,162.302886962891,333.843658447266,4
133,90,0.0,55.3928565979004,4.91826915740967,96.6107025146484,4
209,94,0.0,553.928588867188,644.293273925781,636.557189941406,3
85,39,0.0,56.5714302062988,70.085334777832,238.306396484375,4
67,50,0.0,104.892860412598,68.8557662963867,0.0,4
102,145,253.392852783203,228.642852783203,215.174285888672,346.725067138672,2
209,286,274.607147216797,340.607147216797,298.784851074219,393.956970214844,2
106,204,77.7857131958008,97.8214263916016,103.283653259277,0.0,4
227,140,190.928573608398,95.4642868041992,287.71875,236.15950012207,4
227,141,0.0,30.6428565979004,34.4278831481934,94.4637985229492,4
60,119,0.0,117.857139587402,84.8401412963867,126.667366027832,4
116,28,51.8571434020996,24.75,115.579330444336,282.317932128906,4
161,217,328.821441650391,359.464294433594,314.769226074219,375.708282470703,2
85,189,300.535705566406,317.035705566406,70.085334777832,344.578186035156,2
256,158,148.5,281.678558349609,197.960342407227,329.549835205078,4
113,68,192.107147216797,48.3214302062988,285.259613037109,67.6274948120117,4
174,98,81.3214263916016,194.464279174805,152.466339111328,308.080810546875,4
126,84,0.0,0.0,93.4471130371094,181.413436889648,4
171,95,51.8571434020996,586.928588867188,623.390625,649.438598632812,3
228,144,99.0,163.821426391602,46.7235565185547,3.22035670280457,4
295,275,327.642852783203,361.821441650391,233.617782592773,327.402923583984,2
293,141,55.3928565979004,139.071426391602,238.536056518555,232.93913269043,4
106,79,28.2857151031494,83.6785736083984,240.995193481445,101.977966308594,4
76,51,90.75,1.17857146263123,118.038459777832,166.385101318359,4
265,94,0.0,100.178573608398,92.217544555664,0.0,4
87,37,0.0,0.0,0.0,244.747116088867,4
158,89,533.892883300781,172.071426391602,614.783630371094,378.928649902344,1
194,160,281.678558349609,206.25,190.582931518555,278.024139404297,2
109,82,0.0,557.464294433594,627.079345703125,636.557189941406,3
68,64,0.0,0.0,27.050479888916,0.0,4
171,93,167.357147216797,568.071411132812,670.114196777344,703.111206054688,3
88,42,1.17857146263123,0.0,138.941101074219,144.916061401367,4
167,110,15.3214282989502,229.821426391602,62.7079315185547,157.797485351562,4
391,135,82.5,80.1428604125977,95.90625,314.521514892578,4
223,105,0.0,27.1071434020996,0.0,13.9548797607422,4
177,95,90.75,595.178588867188,684.869018554688,723.5068359375,3
455,94,568.071411132812,1.17857146263123,591.421875,0.0,1
72,46,16.5,123.75,0.0,275.877227783203,4
262,186,109.607139587402,229.821426391602,161.073318481445,261.92236328125,4
353,61,511.5,0.0,630.768005371094,240.453308105469,1
73,106,170.892852783203,1.17857146263123,228.699523925781,304.860443115234,4
147,81,520.928588867188,104.892860412598,675.032470703125,217.91081237793,1
77,51,0.0,0.0,158.614181518555,250.114379882812,4
73,55,0.0,7.07142877578735,0.0,64.4071350097656,4
367,69,122.571426391602,179.142852783203,40.5757217407227,115.932846069336,4
443,385,55.3928565979004,0.0,209.026443481445,156.724029541016,4
229,158,21.2142848968506,222.75,180.746398925781,147.062957763672,4
225,324,275.785705566406,328.821441650391,172.139419555664,333.843658447266,2
112,72,0.0,97.8214263916016,76.233169555664,139.548797607422,4
131,136,0.0,0.0,111.890625,57.966423034668,4
60,44,73.0714263916016,102.535713195801,0.0,207.176284790039,4
73,46,0.0,0.0,115.579330444336,140.62223815918,4
60,32,43.6071434020996,0.0,0.0,231.865692138672,4
372,90,624.642883300781,0.0,536.091369628906,291.97900390625,1
184,105,225.107147216797,273.428558349609,59.019229888916,297.346282958984,2
81,38,61.2857131958008,0.0,163.532455444336,128.814270019531,4
145,65,548.035705566406,160.285720825195,747.576904296875,184.6337890625,1
121,138,49.5,135.535720825195,82.3810119628906,235.086044311523,4
281,112,0.0,95.4642868041992,220.092544555664,105.198318481445,4
132,115,88.3928604125977,0.0,125.415863037109,153.503677368164,4
212,108,8.25,188.571426391602,72.5444717407227,323.109130859375,4
75,47,76.6071395874023,0.0,50.4122581481934,115.932846069336,4
166,67,119.035713195801,480.857147216797,693.475952148438,591.47216796875,3
386,112,66.0,107.25,217.633407592773,590.398742675781,3
451,93,603.428588867188,73.0714263916016,686.098571777344,183.560333251953,1
268,101,83.6785736083984,107.25,740.199523925781,235.086044311523,4
454,197,96.6428604125977,186.214279174805,66.3966369628906,345.651611328125,4
332,75,510.321441650391,0.0,600.028869628906,220.057708740234,1
264,172,114.321426391602,74.25,0.0,268.363067626953,4
209,133,49.5,96.6428604125977,88.5288467407227,267.289611816406,4
81,39,34.1785697937012,141.428573608398,73.774040222168,253.334732055664,4
258,116,14.1428575515747,78.9642868041992,84.8401412963867,242.600204467773,4
184,64,185.035720825195,0.0,88.5288467407227,63.333683013916,4
86,192,0.0,0.0,104.513221740723,70.8478469848633,4
461,111,610.5,173.25,652.900268554688,304.860443115234,1
313,149,110.785713195801,189.75,141.400238037109,267.289611816406,4
408,112,585.75,96.6428604125977,641.834106445312,59.0398750305176,1
195,98,557.464294433594,144.964279174805,806.596130371094,163.164749145508,1
183,105,512.678588867188,134.357147216797,659.048095703125,213.617004394531,1
82,67,0.0,0.0,0.0,255.481643676758,4
128,407,21.2142848968506,110.785713195801,127.875,245.820571899414,4
169,69,0.0,42.4285697937012,159.84375,178.193069458008,4
249,136,70.7142868041992,155.571426391602,115.579330444336,302.713531494141,4
350,158,0.0,45.9642868041992,178.287261962891,0.0,4
111,74,0.0,0.0,90.9879837036133,159.944381713867,4
412,113,114.321426391602,76.6071395874023,93.4471130371094,246.894012451172,4
121,31,0.0,67.1785736083984,130.334136962891,0.0,4
228,229,259.285705566406,167.357147216797,225.010818481445,268.363067626953,2
91,51,0.0,56.5714302062988,114.349761962891,244.747116088867,4
111,59,31.8214282989502,48.3214302062988,0.0,246.894012451172,4
130,44,0.0,14.1428575515747,167.221160888672,279.097595214844,4
102,40,0.0,1.17857146263123,81.1514434814453,213.617004394531,4
260,118,66.0,556.285705566406,624.620178222656,699.890869140625,3
157,255,51.8571434020996,0.0,0.0,245.820571899414,4
257,233,106.071426391602,60.1071434020996,281.570922851562,285.538299560547,4
372,171,84.8571395874023,10.6071424484253,287.71875,349.945434570312,4
93,162,90.75,179.142852783203,151.236785888672,230.792236328125,4
450,126,676.5,67.1785736083984,636.915893554688,243.67366027832,1
230,131,0.0,69.5357131958008,61.4783668518066,187.854141235352,4
360,52,601.071411132812,150.857147216797,678.721130371094,274.803771972656,1
71,137,0.0,41.25,13.525239944458,269.4365234375,4
84,173,108.428573608398,289.928558349609,162.302886962891,128.814270019531,4
443,92,154.392852783203,227.464279174805,13.525239944458,200.735565185547,4
340,139,177.964279174805,0.0,183.205535888672,360.679962158203,4
346,162,120.214286804199,133.178573608398,232.388214111328,271.583435058594,4
101,96,0.0,123.75,62.7079315185547,20.3955936431885,4
157,91,155.571426391602,176.785720825195,226.240386962891,283.391387939453,4
442,93,621.107116699219,209.785720825195,628.308898925781,0.0,1
146,90,0.0,449.035705566406,627.079345703125,712.772277832031,3
208,85,141.428573608398,130.821426391602,172.139419555664,236.15950012207,4
150,87,25.9285717010498,0.0,93.4471130371094,269.4365234375,4
207,214,335.892852783203,423.107147216797,284.030059814453,441.188873291016,2
920,290,605.785705566406,315.857147216797,617.242797851562,358.533050537109,1
164,104,119.035713195801,96.6428604125977,137.711532592773,298.419738769531,4
60,25,0.0,0.0,0.0,205.029388427734,4
106,62,7.07142877578735,142.607147216797,0.0,177.11962890625,4
111,49,0.0,53.0357131958008,136.481964111328,20.3955936431885,4
161,66,0.0,130.821426391602,0.0,309.154235839844,4
292,150,94.2857131958008,201.535720825195,146.318511962891,295.199371337891,4
210,100,577.5,0.0,688.557678222656,209.323196411133,1
438,114,120.214286804199,18.8571434020996,30.7391834259033,276.95068359375,4
361,231,318.214294433594,380.678558349609,292.637023925781,358.533050537109,2
117,21,7.07142877578735,192.107147216797,1.22956728935242,207.176284790039,4
290,106,0.0,35.3571434020996,275.423065185547,238.306396484375,4
212,93,575.142883300781,150.857147216797,681.180297851562,142.769149780273,1
125,73,18.8571434020996,115.5,90.9879837036133,239.379852294922,4
257,161,97.8214263916016,228.642852783203,98.3653869628906,311.301147460938,4
127,24,73.0714263916016,66.0,81.1514434814453,195.368316650391,4
413,146,616.392883300781,0.0,695.935119628906,174.972717285156,1
259,77,498.535705566406,91.9285736083984,495.515625,26.8363056182861,1
98,48,544.5,0.0,734.051696777344,123.447006225586,1
222,50,33.0,0.0,65.1670684814453,107.345222473145,4
65,33,0.0,10.6071424484253,92.217544555664,288.758666992188,4
254,102,91.9285736083984,0.0,51.6418266296387,207.176284790039,4
460,134,134.357147216797,159.107147216797,202.878601074219,0.0,4
60,74,50.6785697937012,231.0,100.824516296387,244.747116088867,4
283,123,96.6428604125977,97.8214263916016,175.828125,258.701995849609,4
143,174,5.89285707473755,252.214279174805,120.497596740723,287.685211181641,4
367,89,668.25,0.0,666.425476074219,276.95068359375,1
151,109,0.0,17.6785717010498,79.921875,236.15950012207,4
406,77,61.2857131958008,68.3571395874023,236.076919555664,181.413436889648,4
221,113,106.071426391602,550.392883300781,662.736755371094,688.082885742188,3
218,140,597.535705566406,0.0,614.783630371094,0.0,1
227,174,249.857147216797,301.714294433594,113.120193481445,286.611755371094,2
217,115,160.285720825195,97.8214263916016,73.774040222168,301.640075683594,4
228,114,148.5,208.607147216797,223.78125,193.221405029297,4
212,78,100.178573608398,549.214294433594,575.4375,660.173156738281,3
243,147,192.107147216797,208.607147216797,234.847351074219,364.973754882812,4
113,29,10.6071424484253,150.857147216797,12.2956733703613,157.797485351562,4
71,62,0.0,48.3214302062988,46.7235565185547,210.396636962891,4
166,81,99.0,169.714279174805,97.1358184814453,260.848907470703,4
70,23,27.1071434020996,93.1071395874023,121.727165222168,85.8761825561523,4
305,158,167.357147216797,232.178573608398,94.6766815185547,347.798522949219,4
489,101,73.0714263916016,682.392883300781,570.519226074219,770.738708496094,3
246,72,550.392883300781,0.0,631.997619628906,199.662124633789,1
246,111,608.142883300781,15.3214282989502,629.538452148438,255.481643676758,1
89,199,0.0,0.0,0.0,304.860443115234,4
248,116,181.5,123.75,221.322113037109,228.645324707031,4
203,110,152.035720825195,102.535713195801,134.022842407227,278.024139404297,4
181,105,489.107147216797,107.25,603.717529296875,193.221405029297,1
100,152,0.0,0.0,0.0,249.040924072266,4
287,141,576.321411132812,181.5,754.954345703125,243.67366027832,1
63,130,0.0,0.0,140.170669555664,274.803771972656,4
110,35,0.0,147.321426391602,93.4471130371094,0.0,4
97,17,11.7857141494751,124.928573608398,0.0,137.401885986328,4
108,132,0.0,15.3214282989502,65.1670684814453,262.995788574219,4
274,138,120.214286804199,24.75,140.170669555664,267.289611816406,4
287,103,91.9285736083984,0.0,159.84375,112.71248626709,4
82,294,44.7857131958008,0.0,33.1983184814453,0.0,4
351,157,148.5,11.7857141494751,121.727165222168,293.052459716797,4
60,14,0.0,99.0,0.0,225.42497253418,4
62,33,0.0,127.285713195801,0.0,250.114379882812,4
249,134,569.25,106.071426391602,737.740356445312,118.079750061035,1
130,96,0.0,199.178573608398,104.513221740723,169.605453491211,4
77,120,0.0,40.0714302062988,43.034854888916,126.667366027832,4
141,108,48.3214302062988,180.321426391602,146.318511962891,295.199371337891,4
132,55,0.0,0.0,59.019229888916,209.323196411133,4
143,219,22.3928565979004,142.607147216797,132.793273925781,313.448059082031,4
83,82,82.5,0.0,76.233169555664,324.182586669922,4
294,78,12.9642858505249,106.071426391602,152.466339111328,259.775451660156,4
88,39,0.0,58.9285697937012,77.4627380371094,223.278076171875,4
158,34,90.75,68.3571395874023,157.384613037109,190.001052856445,4
101,172,24.75,0.0,59.019229888916,285.538299560547,4
298,184,174.428573608398,195.642852783203,167.221160888672,0.0,4
198,75,143.785720825195,87.2142868041992,161.073318481445,41.8646392822266,4
306,67,0.0,426.642852783203,667.655029296875,570.003173828125,3
138,57,7.07142877578735,207.428573608398,151.236785888672,325.256042480469,4
274,125,0.0,192.107147216797,0.0,67.6274948120117,4
86,125,89.5714263916016,0.0,146.318511962891,216.837356567383,4
324,145,83.6785736083984,210.964279174805,154.925476074219,216.837356567383,4
102,97,75.4285736083984,3.53571438789368,24.5913467407227,88.0230865478516,4
271,132,68.3571395874023,40.0714302062988,308.621398925781,317.741882324219,4
84,113,114.321426391602,5.89285707473755,76.233169555664,273.730316162109,4
220,220,233.357147216797,341.785705566406,95.90625,396.103881835938,2
354,106,597.535705566406,183.857147216797,673.802856445312,174.972717285156,1
432,114,657.642883300781,221.571426391602,688.557678222656,290.905548095703,1
149,81,515.035705566406,177.964279174805,709.460327148438,31.1301155090332,1
393,75,590.464294433594,126.107139587402,643.063720703125,108.418678283691,1
258,137,601.071411132812,17.6785717010498,682.409851074219,238.306396484375,1
314,72,505.607147216797,20.0357151031494,574.207946777344,201.809020996094,1
316,123,162.642852783203,221.571426391602,104.513221740723,251.18782043457,4
195,81,53.0357131958008,206.25,109.431488037109,86.9496307373047,4
85,86,0.0,77.7857131958008,75.0036087036133,274.803771972656,4
251,99,0.0,456.107147216797,569.289672851562,673.054565429688,3
205,105,83.6785736083984,144.964279174805,60.2487983703613,203.955932617188,4
80,120,134.357147216797,196.821426391602,204.108169555664,128.814270019531,4
149,174,281.678558349609,304.071441650391,170.909851074219,344.578186035156,2
183,89,132.0,213.321426391602,264.356964111328,229.718780517578,4
168,80,523.285705566406,48.3214302062988,705.771606445312,11.8079748153687,1
71,29,89.5714263916016,0.0,129.104568481445,178.193069458008,4
187,103,29.4642848968506,667.071411132812,586.503601074219,702.037780761719,3
283,129,107.25,432.535705566406,598.799255371094,671.981140136719,3
459,92,117.857139587402,750.75,596.340148925781,776.10595703125,3
353,160,192.107147216797,221.571426391602,150.007217407227,137.401885986328,4
265,110,60.1071434020996,0.0,415.59375,282.317932128906,4
184,95,579.857116699219,0.0,692.246398925781,230.792236328125,1
204,102,108.428573608398,578.678588867188,665.195922851562,679.495300292969,3
471,103,618.75,66.0,688.557678222656,186.780685424805,1
89,70,62.4642868041992,124.928573608398,44.2644233703613,276.95068359375,4
254,131,97.8214263916016,99.0,0.0,356.386138916016,4
316,181,0.0,176.785720825195,240.995193481445,273.730316162109,4
217,118,0.0,0.0,188.123794555664,0.0,4
121,106,504.428558349609,97.8214263916016,613.554077148438,24.6894016265869,1
459,84,583.392883300781,40.0714302062988,611.094970703125,0.0,1
74,96,71.8928604125977,0.0,46.7235565185547,250.114379882812,4
223,87,119.035713195801,0.0,9.83653831481934,225.42497253418,4
249,118,2.35714292526245,141.428573608398,52.871395111084,309.154235839844,4
84,39,73.0714263916016,20.0357151031494,99.594955444336,315.594970703125,4
247,72,0.0,78.9642868041992,7.3774037361145,273.730316162109,4
329,76,4.7142858505249,153.214279174805,165.991592407227,237.232955932617,4
334,220,180.321426391602,24.75,77.4627380371094,268.363067626953,4
376,109,193.285720825195,94.2857131958008,30.7391834259033,247.967468261719,4
290,131,113.142860412598,14.1428575515747,72.5444717407227,193.221405029297,4
279,153,106.071426391602,0.0,56.5600967407227,331.696746826172,4
123,104,0.0,242.785720825195,0.0,88.0230865478516,4
239,106,161.464279174805,582.214294433594,629.538452148438,689.156372070312,3
640,348,308.785705566406,327.642852783203,307.391815185547,417.572937011719,2
119,158,103.714286804199,0.0,31.96875,238.306396484375,4
127,94,254.571426391602,400.714294433594,196.730773925781,344.578186035156,2
230,170,2.35714292526245,43.6071434020996,159.84375,226.498428344727,4
197,212,233.357147216797,317.035705566406,245.913467407227,296.272827148438,2
228,145,49.5,0.0,44.2644233703613,57.966423034668,4
325,102,124.928573608398,570.428588867188,616.013244628906,699.890869140625,3
201,100,66.0,160.285720825195,148.777648925781,234.012588500977,4
125,300,249.857147216797,377.142852783203,240.995193481445,412.205657958984,2
176,114,0.0,16.5,211.485580444336,253.334732055664,4
514,167,281.678558349609,716.571411132812,655.359375,729.947509765625,3
446,107,623.464294433594,124.928573608398,667.655029296875,285.538299560547,1
394,101,101.357139587402,47.1428565979004,0.0,198.588668823242,4
147,69,0.0,57.75,51.6418266296387,164.238189697266,4
228,91,522.107116699219,0.0,641.834106445312,210.396636962891,1
86,28,0.0,2.35714292526245,73.774040222168,171.752365112305,4
213,102,0.0,490.285705566406,616.013244628906,604.353637695312,3
284,112,18.8571434020996,152.035720825195,52.871395111084,281.244476318359,4
348,85,568.071411132812,246.321426391602,643.063720703125,0.0,1
81,64,73.0714263916016,0.0,150.007217407227,110.565582275391,4
59,15,0.0,0.0,0.0,203.955932617188,4
456,143,0.0,75.4285736083984,56.5600967407227,636.557189941406,3
159,46,88.3928604125977,31.8214282989502,0.0,236.15950012207,4
70,72,0.0,192.107147216797,38.116584777832,220.057708740234,4
436,97,49.5,168.535720825195,76.233169555664,181.413436889648,4
61,166,129.642852783203,0.0,118.038459777832,231.865692138672,4
257,147,54.2142868041992,231.0,106.972358703613,71.9213027954102,4
216,56,14.1428575515747,0.0,153.695907592773,0.0,4
112,80,78.9642868041992,129.642852783203,255.75,256.555084228516,4
183,119,170.892852783203,0.0,175.828125,256.555084228516,4
398,83,590.464294433594,0.0,675.032470703125,77.288558959961,1
198,73,450.214294433594,0.0,572.978393554688,75.1416549682617,1
229,121,68.3571395874023,141.428573608398,186.894226074219,290.905548095703,4
67,77,0.0,121.392860412598,0.0,54.7460632324219,4
268,53,474.964294433594,0.0,601.258422851562,0.0,1
205,68,36.5357131958008,0.0,0.0,274.803771972656,4
193,82,57.75,532.714294433594,598.799255371094,607.573974609375,3
220,132,0.0,119.035713195801,161.073318481445,325.256042480469,4
177,90,90.75,114.321426391602,125.415863037109,141.695693969727,4
191,186,276.964294433594,425.464294433594,290.177886962891,436.895080566406,2
442,59,67.1785736083984,34.1785697937012,31.96875,148.136413574219,4
167,61,90.75,0.0,165.991592407227,217.91081237793,4
351,151,81.3214263916016,209.785720825195,98.3653869628906,328.476379394531,4
82,51,9.4285717010498,192.107147216797,159.84375,61.1867790222168,4
74,47,0.0,82.5,161.073318481445,229.718780517578,4
240,45,0.0,86.0357131958008,98.3653869628906,13.9548797607422,4
147,59,57.75,113.142860412598,0.0,236.15950012207,4
199,113,51.8571434020996,213.321426391602,0.0,225.42497253418,4
139,105,0.0,0.0,47.953125,207.176284790039,4
224,119,0.0,82.5,238.536056518555,225.42497253418,4
151,77,170.892852783203,284.035705566406,129.104568481445,299.493194580078,4
189,87,611.678588867188,0.0,586.503601074219,0.0,1
71,61,12.9642858505249,0.0,0.0,287.685211181641,4
75,51,0.0,0.0,161.073318481445,122.373558044434,4
73,35,0.0,101.357139587402,0.0,288.758666992188,4
286,61,109.607139587402,47.1428565979004,228.699523925781,275.877227783203,4
316,50,495.0,25.9285717010498,523.795654296875,271.583435058594,1
450,115,175.607147216797,17.6785717010498,135.252410888672,239.379852294922,4
75,212,0.0,0.0,0.0,252.261276245117,4
231,78,0.0,154.392852783203,148.777648925781,256.555084228516,4
123,78,470.25,187.392852783203,622.161071777344,235.086044311523,1
83,41,0.0,139.071426391602,27.050479888916,202.882476806641,4
301,56,170.892852783203,234.535720825195,71.3149032592773,266.216156005859,4
335,90,0.0,526.821411132812,623.390625,625.822692871094,3
229,341,0.0,87.2142868041992,72.5444717407227,283.391387939453,4
75,72,0.0,0.0,78.6923065185547,222.204620361328,4
235,224,276.964294433594,364.178558349609,520.106994628906,376.78173828125,2
91,63,0.0,172.071426391602,25.8209133148193,305.933898925781,4
338,97,558.642883300781,0.0,708.230773925781,59.0398750305176,1
186,92,532.714294433594,69.5357131958008,691.016845703125,247.967468261719,1
442,97,577.5,210.964279174805,572.978393554688,200.735565185547,1
183,75,161.464279174805,160.285720825195,186.894226074219,171.752365112305,4
442,97,628.178588867188,80.1428604125977,598.799255371094,251.18782043457,1
179,137,127.285713195801,67.1785736083984,105.742790222168,302.713531494141,4
112,66,0.0,0.0,0.0,174.972717285156,4
238,91,66.0,246.321426391602,165.991592407227,299.493194580078,4
84,59,0.0,115.5,159.84375,266.216156005859,4
63,45,0.0,194.464279174805,0.0,113.785942077637,4
203,106,144.964279174805,50.6785697937012,132.793273925781,191.074508666992,4
173,225,327.642852783203,285.214294433594,212.715148925781,309.154235839844,2
223,131,0.0,165.0,193.042068481445,308.080810546875,4
304,82,91.9285736083984,35.3571434020996,87.2992782592773,249.040924072266,4
202,148,272.25,293.464294433594,239.765625,253.334732055664,2
394,102,605.785705566406,101.357139587402,700.853393554688,168.531997680664,1
205,80,18.8571434020996,229.821426391602,137.711532592773,236.15950012207,4
146,155,4.7142858505249,576.321411132812,522.566101074219,721.359924316406,3
134,120,23.5714282989502,195.642852783203,114.349761962891,267.289611816406,4
304,67,563.357116699219,40.0714302062988,667.655029296875,0.0,1
186,107,86.0357131958008,156.75,65.1670684814453,152.430221557617,4
109,81,34.1785697937012,162.642852783203,209.026443481445,307.007354736328,4
254,178,186.214279174805,90.75,163.532455444336,311.301147460938,4
236,80,12.9642858505249,94.2857131958008,126.645431518555,99.8310623168945,4
542,145,89.5714263916016,767.25,649.211547851562,812.603332519531,3
380,101,80.1428604125977,102.535713195801,124.186294555664,312.374603271484,4
100,143,258.107147216797,209.785720825195,125.415863037109,271.583435058594,2
248,129,175.607147216797,443.142852783203,521.336547851562,649.438598632812,3
104,46,0.0,11.7857141494751,108.201919555664,54.7460632324219,4
285,149,148.5,55.3928565979004,94.6766815185547,207.176284790039,4
185,115,111.964286804199,182.678573608398,73.774040222168,12.8814268112183,4
130,68,0.0,107.25,132.793273925781,285.538299560547,4
409,100,27.1071434020996,120.214286804199,119.268028259277,147.062957763672,4
148,62,35.3571434020996,256.928558349609,169.680282592773,179.266525268555,4
86,44,0.0,0.0,253.290863037109,299.493194580078,4
373,135,96.6428604125977,238.071426391602,120.497596740723,247.967468261719,4
511,171,645.857116699219,166.178573608398,684.869018554688,295.199371337891,1
67,42,96.6428604125977,0.0,120.497596740723,130.961181640625,4
395,120,195.642852783203,0.0,103.283653259277,266.216156005859,4
239,82,117.857139587402,202.714279174805,0.0,197.515213012695,4
365,76,601.071411132812,0.0,667.655029296875,252.261276245117,1
448,94,0.0,0.0,170.909851074219,7.5141658782959,4
312,71,69.5357131958008,556.285705566406,577.896606445312,589.325317382812,3
164,93,60.1071434020996,215.678573608398,66.3966369628906,119.153198242188,4
126,88,108.428573608398,63.6428565979004,105.742790222168,137.401885986328,4
112,71,18.8571434020996,24.75,78.6923065185547,281.244476318359,4
213,136,0.0,141.428573608398,35.6574516296387,193.221405029297,4
102,106,167.357147216797,233.357147216797,147.548080444336,202.882476806641,4
182,105,55.3928565979004,111.964286804199,28.2800483703613,284.46484375,4
115,179,16.5,0.0,99.594955444336,303.786987304688,4
148,188,245.142852783203,256.928558349609,275.423065185547,319.888763427734,2
76,60,0.0,76.6071395874023,109.431488037109,208.249740600586,4
359,91,572.785705566406,67.1785736083984,684.869018554688,0.0,1
441,74,500.892852783203,101.357139587402,483.219940185547,169.605453491211,1
276,38,96.6428604125977,0.0,79.921875,257.628540039062,4
298,147,173.25,198.0,59.019229888916,200.735565185547,4
268,127,627.0,135.535720825195,625.849731445312,121.300102233887,1
392,100,589.285705566406,0.0,641.834106445312,0.0,1
233,114,48.3214302062988,119.035713195801,29.509614944458,122.373558044434,4
158,61,29.4642848968506,133.178573608398,83.610580444336,86.9496307373047,4
157,76,75.4285736083984,0.0,47.953125,257.628540039062,4
380,88,563.357116699219,97.8214263916016,635.686279296875,66.5540390014648,1
221,104,0.0,529.178588867188,620.931518554688,712.772277832031,3
234,95,0.0,0.0,196.730773925781,229.718780517578,4
73,75,123.75,38.8928565979004,0.0,264.069244384766,4
121,76,522.107116699219,96.6428604125977,698.394226074219,337.063995361328,1
254,256,0.0,0.0,188.123794555664,228.645324707031,4
376,89,524.464294433594,0.0,593.880981445312,55.8195190429688,1
207,111,179.142852783203,71.8928604125977,39.3461532592773,265.142700195312,4
272,89,141.428573608398,561.0,595.110595703125,666.613830566406,3
246,218,187.392852783203,339.428558349609,51.6418266296387,67.6274948120117,4
360,118,133.178573608398,56.5714302062988,76.233169555664,187.854141235352,4
196,90,11.7857141494751,199.178573608398,63.9375,194.294860839844,4
234,249,0.0,119.035713195801,129.104568481445,199.662124633789,4
159,64,24.75,140.25,153.695907592773,172.825805664062,4
247,125,123.75,73.0714263916016,218.862976074219,372.487945556641,4
246,117,163.821426391602,71.8928604125977,217.633407592773,237.232955932617,4
187,135,15.3214282989502,169.714279174805,217.633407592773,243.67366027832,4
91,156,0.0,0.0,75.0036087036133,0.0,4
128,128,228.642852783203,322.928558349609,211.485580444336,351.018890380859,2
60,67,0.0,0.0,145.088943481445,108.418678283691,4
212,184,0.0,28.2857151031494,127.875,238.306396484375,4
199,218,256.928558349609,328.821441650391,158.614181518555,348.871978759766,2
120,165,4.7142858505249,154.392852783203,72.5444717407227,0.0,4
834,373,622.285705566406,438.428558349609,549.616577148438,397.177337646484,1
176,79,78.9642868041992,0.0,0.0,266.216156005859,4
61,51,24.75,141.428573608398,0.0,47.2318992614746,4
94,36,76.6071395874023,0.0,145.088943481445,311.301147460938,4
64,62,0.0,121.392860412598,97.1358184814453,0.0,4
60,21,0.0,180.321426391602,0.0,288.758666992188,4
210,114,136.714279174805,30.6428565979004,196.730773925781,301.640075683594,4
75,149,0.0,206.25,0.0,275.877227783203,4
328,100,130.821426391602,189.75,31.96875,196.441757202148,4
128,53,139.071426391602,83.6785736083984,118.038459777832,221.131164550781,4
232,118,107.25,27.1071434020996,106.972358703613,283.391387939453,4
230,104,61.2857131958008,205.071426391602,193.042068481445,202.882476806641,4
89,442,0.0,0.0,0.0,273.730316162109,4
156,80,533.892883300781,86.0357131958008,661.507202148438,0.0,1
208,110,109.607139587402,0.0,59.019229888916,239.379852294922,4
111,20,11.7857141494751,91.9285736083984,24.5913467407227,136.328430175781,4
212,96,16.5,45.9642868041992,125.415863037109,268.363067626953,4
203,110,113.142860412598,132.0,78.6923065185547,239.379852294922,4
297,140,74.25,110.785713195801,125.415863037109,301.640075683594,4
362,142,134.357147216797,18.8571434020996,56.5600967407227,283.391387939453,4
273,111,0.0,93.1071395874023,0.0,259.775451660156,4
82,31,89.5714263916016,0.0,126.645431518555,4.29380893707275,4
235,133,137.892852783203,33.0,46.7235565185547,260.848907470703,4
267,155,45.9642868041992,137.892852783203,78.6923065185547,130.961181640625,4
210,123,0.0,0.0,99.594955444336,236.15950012207,4
62,32,0.0,70.7142868041992,169.680282592773,255.481643676758,4
219,108,62.4642868041992,252.214279174805,419.282440185547,333.843658447266,4
363,223,123.75,157.928573608398,0.0,346.725067138672,4
257,172,34.1785697937012,83.6785736083984,118.038459777832,268.363067626953,4
85,262,0.0,0.0,0.0,227.571884155273,4
95,169,104.892860412598,30.6428565979004,79.921875,203.955932617188,4
371,119,67.1785736083984,0.0,259.438690185547,39.7177352905273,4
380,103,564.535705566406,200.357147216797,474.612976074219,342.431274414062,1
396,107,129.642852783203,139.071426391602,0.0,80.508918762207,4
161,25,0.0,222.75,313.539672851562,221.131164550781,4
115,97,102.535713195801,113.142860412598,173.368988037109,297.346282958984,4
133,61,127.285713195801,0.0,15.984375,234.012588500977,4
163,76,0.0,175.607147216797,154.925476074219,0.0,4
134,159,0.0,0.0,174.598556518555,153.503677368164,4
209,115,157.928573608398,0.0,55.3305282592773,284.46484375,4
131,47,14.1428575515747,101.357139587402,84.8401412963867,285.538299560547,4
100,67,0.0,136.714279174805,47.953125,261.92236328125,4
136,53,119.035713195801,155.571426391602,23.3617782592773,142.769149780273,4
436,117,75.4285736083984,239.25,56.5600967407227,246.894012451172,4
117,110,36.5357131958008,161.464279174805,164.762023925781,185.707244873047,4
279,153,95.4642868041992,280.5,59.019229888916,318.815307617188,4
172,96,80.1428604125977,108.428573608398,708.230773925781,0.0,4
195,112,78.9642868041992,0.0,681.180297851562,0.0,4
127,81,506.785705566406,163.821426391602,747.576904296875,156.724029541016,1
212,145,608.142883300781,35.3571434020996,663.966369628906,70.8478469848633,1
75,256,0.0,31.8214282989502,0.0,179.266525268555,4
154,133,25.9285717010498,40.0714302062988,52.871395111084,241.526763916016,4
275,85,67.1785736083984,177.964279174805,185.664657592773,244.747116088867,4
283,136,77.7857131958008,353.571441650391,651.670654296875,571.076599121094,3
85,131,38.8928565979004,216.857147216797,0.0,176.046173095703,4
117,36,44.7857131958008,115.5,108.201919555664,41.8646392822266,4
288,67,544.5,4.7142858505249,644.293273925781,196.441757202148,1
80,46,63.6428565979004,195.642852783203,86.069709777832,137.401885986328,4
100,426,28.2857151031494,0.0,113.120193481445,217.91081237793,4
80,89,99.0,37.7142868041992,122.956733703613,0.0,4
101,305,0.0,0.0,175.828125,256.555084228516,4
132,146,0.0,0.0,18.443510055542,258.701995849609,4
104,34,7.07142877578735,0.0,217.633407592773,299.493194580078,4
74,237,9.4285717010498,0.0,0.0,246.894012451172,4
191,125,0.0,127.285713195801,146.318511962891,138.475341796875,4
430,104,612.857116699219,47.1428565979004,533.632202148438,0.0,1
603,216,583.392883300781,301.714294433594,654.129821777344,216.837356567383,1
138,249,332.357147216797,358.285705566406,261.897827148438,319.888763427734,2
100,36,56.5714302062988,127.285713195801,108.201919555664,284.46484375,4
204,121,114.321426391602,137.892852783203,121.727165222168,57.966423034668,4
267,56,153.214279174805,94.2857131958008,0.0,228.645324707031,4
251,137,75.4285736083984,133.178573608398,162.302886962891,184.6337890625,4
215,55,504.428558349609,0.0,553.305297851562,109.492126464844,1
321,76,582.214294433594,30.6428565979004,597.569702148438,171.752365112305,1
76,525,248.678573608398,245.142852783203,142.629806518555,307.007354736328,2
145,85,149.678573608398,86.0357131958008,150.007217407227,188.927597045898,4
78,28,62.4642868041992,111.964286804199,63.9375,298.419738769531,4
248,104,0.0,627.0,711.919494628906,655.879333496094,3
272,75,540.964294433594,54.2142868041992,574.207946777344,250.114379882812,1
77,251,126.107139587402,0.0,60.2487983703613,181.413436889648,4
76,80,0.0,90.75,11.0661058425903,56.8929710388184,4
263,151,94.2857131958008,202.714279174805,0.0,287.685211181641,4
281,128,90.75,0.0,190.582931518555,266.216156005859,4
211,253,246.321426391602,292.285705566406,136.481964111328,324.182586669922,2
77,81,10.6071424484253,48.3214302062988,40.5757217407227,323.109130859375,4
480,125,0.0,130.821426391602,103.283653259277,218.984252929688,4
172,105,133.178573608398,157.928573608398,189.353363037109,129.887725830078,4
241,74,555.107116699219,110.785713195801,593.880981445312,172.825805664062,1
70,76,0.0,101.357139587402,0.0,262.995788574219,4
420,156,47.1428565979004,148.5,25.8209133148193,145.989501953125,4
449,98,628.178588867188,38.8928565979004,710.689880371094,228.645324707031,1
116,153,225.107147216797,231.0,261.897827148438,295.199371337891,2
176,42,0.0,101.357139587402,0.0,138.475341796875,4
238,104,0.0,108.428573608398,175.828125,135.254989624023,4
449,111,106.071426391602,697.714294433594,593.880981445312,757.857299804688,3
158,98,229.821426391602,226.285720825195,185.664657592773,258.701995849609,2
66,274,0.0,0.0,45.4939918518066,199.662124633789,4
180,97,133.178573608398,84.8571395874023,72.5444717407227,177.11962890625,4
92,76,0.0,0.0,56.5600967407227,249.040924072266,4
184,83,113.142860412598,165.0,0.0,168.531997680664,4
328,264,364.178558349609,291.107147216797,287.71875,342.431274414062,2
76,39,0.0,1.17857146263123,156.155044555664,255.481643676758,4
181,93,0.0,0.0,126.645431518555,310.227691650391,4
323,111,121.392860412598,143.785720825195,153.695907592773,256.555084228516,4
305,161,78.9642868041992,200.357147216797,0.0,354.2392578125,4
61,69,0.0,110.785713195801,0.0,296.272827148438,4
115,46,8.25,140.25,0.0,94.4637985229492,4
226,53,78.9642868041992,169.714279174805,202.878601074219,236.15950012207,4
77,83,0.0,0.0,0.0,242.600204467773,4
353,163,240.428573608398,216.857147216797,207.796875,282.317932128906,2
201,115,101.357139587402,188.571426391602,113.120193481445,228.645324707031,4
106,96,34.1785697937012,51.8571434020996,87.2992782592773,268.363067626953,4
215,125,43.6071434020996,153.214279174805,19.6730766296387,326.329498291016,4
355,89,94.2857131958008,86.0357131958008,132.793273925781,234.012588500977,4
402,76,0.0,194.464279174805,83.610580444336,279.097595214844,4
284,173,47.1428565979004,262.821441650391,87.2992782592773,302.713531494141,4
222,102,637.607116699219,62.4642868041992,720.526428222656,318.815307617188,1
221,400,174.428573608398,344.142852783203,228.699523925781,304.860443115234,4
211,97,78.9642868041992,136.714279174805,40.5757217407227,279.097595214844,4
135,218,0.0,126.107139587402,0.0,121.300102233887,4
306,107,590.464294433594,58.9285697937012,716.837768554688,85.8761825561523,1
190,111,121.392860412598,664.714294433594,661.507202148438,696.670532226562,3
202,98,90.75,202.714279174805,75.0036087036133,361.75341796875,4
157,78,42.4285697937012,78.9642868041992,157.384613037109,281.244476318359,4
235,51,76.6071395874023,157.928573608398,163.532455444336,222.204620361328,4
96,124,0.0,0.0,51.6418266296387,31.1301155090332,4
99,38,0.0,142.607147216797,0.0,138.475341796875,4
214,119,53.0357131958008,189.75,0.0,268.363067626953,4
128,70,0.0,20.0357151031494,147.548080444336,22.5424976348877,4
188,389,34.1785697937012,0.0,170.909851074219,269.4365234375,4
232,61,82.5,150.857147216797,95.90625,271.583435058594,4
86,39,0.0,234.535720825195,0.0,167.458557128906,4
63,21,91.9285736083984,58.9285697937012,0.0,286.611755371094,4
355,127,657.642883300781,96.6428604125977,572.978393554688,256.555084228516,1
286,172,252.214279174805,306.428558349609,97.1358184814453,298.419738769531,2
107,56,49.5,218.035720825195,0.0,281.244476318359,4
279,112,33.0,571.607116699219,543.46875,693.450134277344,3
150,87,505.607147216797,262.821441650391,671.34375,315.594970703125,1
129,271,236.892852783203,393.642852783203,148.777648925781,367.120666503906,2
116,142,137.892852783203,252.214279174805,175.828125,231.865692138672,4
69,61,0.0,0.0,115.579330444336,42.9380912780762,4
177,59,70.7142868041992,0.0,0.0,296.272827148438,4
207,104,595.178588867188,133.178573608398,625.849731445312,0.0,1
133,64,25.9285717010498,458.464294433594,569.289672851562,615.088134765625,3
390,80,25.9285717010498,539.785705566406,600.028869628906,667.687316894531,3
314,102,123.75,289.928558349609,204.108169555664,208.249740600586,4
135,86,0.0,88.3928604125977,0.0,76.2151107788086,4
201,120,146.142852783203,597.535705566406,752.495178222656,688.082885742188,3
212,93,562.178588867188,148.5,672.573303222656,270.509979248047,1
257,352,299.357147216797,424.285705566406,325.835327148438,416.499481201172,2
91,21,0.0,0.0,97.1358184814453,198.588668823242,4
198,105,576.321411132812,18.8571434020996,748.806518554688,250.114379882812,1
177,87,123.75,584.571411132812,673.802856445312,661.24658203125,3
233,230,80.1428604125977,163.821426391602,132.793273925781,74.0682067871094,4
78,112,0.0,76.6071395874023,0.0,71.9213027954102,4
485,259,252.214279174805,266.357147216797,193.042068481445,230.792236328125,2
96,164,0.0,0.0,115.579330444336,241.526763916016,4
251,151,60.1071434020996,149.678573608398,100.824516296387,234.012588500977,4
94,45,0.0,0.0,0.0,200.735565185547,4
119,57,1.17857146263123,154.392852783203,245.913467407227,129.887725830078,4
77,61,0.0,111.964286804199,175.828125,176.046173095703,4
335,155,614.035705566406,135.535720825195,646.752380371094,348.871978759766,1
66,51,74.25,90.75,134.022842407227,8.5876178741455,4
515,145,619.928588867188,232.178573608398,657.818481445312,266.216156005859,1
161,179,9.4285717010498,4.7142858505249,52.871395111084,275.877227783203,4
277,116,114.321426391602,126.107139587402,227.469955444336,99.8310623168945,4
70,124,0.0,0.0,3.68870186805725,0.0,4
104,23,0.0,0.0,0.0,257.628540039062,4
226,198,0.0,21.2142848968506,157.384613037109,298.419738769531,4
76,57,0.0,0.0,0.0,166.385101318359,4
179,102,75.4285736083984,236.892852783203,0.0,198.588668823242,4
133,195,0.0,0.0,261.897827148438,187.854141235352,4
104,71,29.4642848968506,76.6071395874023,0.0,255.481643676758,4
248,78,529.178588867188,143.785720825195,569.289672851562,242.600204467773,1
168,94,500.892852783203,87.2142868041992,707.001220703125,288.758666992188,1
106,73,0.0,69.5357131958008,0.0,203.955932617188,4
217,106,126.107139587402,177.964279174805,201.649032592773,279.097595214844,4
288,73,66.0,62.4642868041992,136.481964111328,217.91081237793,4
246,206,307.607147216797,254.571426391602,194.271636962891,270.509979248047,2
220,120,176.785720825195,172.071426391602,205.337738037109,232.93913269043,4
65,45,0.0,114.321426391602,0.0,242.600204467773,4
373,74,616.392883300781,74.25,618.472351074219,164.238189697266,1
407,150,592.821411132812,97.8214263916016,650.441101074219,279.097595214844,1
208,135,37.7142868041992,119.035713195801,167.221160888672,268.363067626953,4
151,120,117.857139587402,38.8928565979004,105.742790222168,215.763900756836,4
279,162,111.964286804199,746.035705566406,714.378601074219,740.682067871094,3
149,338,0.0,0.0,97.1358184814453,0.0,4
271,80,575.142883300781,0.0,592.651428222656,165.311645507812,1
267,160,87.2142868041992,236.892852783203,269.275238037109,257.628540039062,4
379,115,174.428573608398,756.642883300781,617.242797851562,744.975891113281,3
71,20,0.0,176.785720825195,57.789665222168,280.171051025391,4
414,79,606.964294433594,67.1785736083984,649.211547851562,241.526763916016,1
246,163,0.0,232.178573608398,153.695907592773,297.346282958984,4
124,54,75.4285736083984,189.75,477.072113037109,261.92236328125,4
333,147,179.142852783203,268.714294433594,183.205535888672,211.470092773438,4
227,291,0.0,94.2857131958008,31.96875,140.62223815918,4
185,111,137.892852783203,190.928573608398,150.007217407227,345.651611328125,4
305,104,49.5,555.107116699219,660.277648925781,675.201477050781,3
151,60,14.1428575515747,141.428573608398,172.139419555664,230.792236328125,4
383,100,518.571411132812,88.3928604125977,630.768005371094,122.373558044434,1
297,160,160.285720825195,476.142852783203,638.145446777344,669.834228515625,3
143,65,106.071426391602,119.035713195801,141.400238037109,158.870941162109,4
213,131,30.6428565979004,564.535705566406,656.588928222656,755.710388183594,3
127,39,94.2857131958008,54.2142868041992,174.598556518555,46.158447265625,4
126,301,0.0,80.1428604125977,0.0,195.368316650391,4
115,357,0.0,106.071426391602,0.0,215.763900756836,4
76,63,69.5357131958008,89.5714263916016,0.0,155.650573730469,4
139,70,0.0,70.7142868041992,92.217544555664,241.526763916016,4
149,157,281.678558349609,330.0,164.762023925781,300.566619873047,2
63,48,96.6428604125977,0.0,90.9879837036133,198.588668823242,4
189,99,42.4285697937012,153.214279174805,225.010818481445,211.470092773438,4
109,177,374.785705566406,366.535705566406,274.193511962891,337.063995361328,2
310,101,106.071426391602,0.0,237.306488037109,262.995788574219,4
247,119,0.0,201.535720825195,0.0,220.057708740234,4
231,103,45.9642868041992,176.785720825195,35.6574516296387,203.955932617188,4
246,127,16.5,0.0,7.3774037361145,177.11962890625,4
122,175,42.4285697937012,0.0,0.0,244.747116088867,4
278,120,31.8214282989502,123.75,25.8209133148193,107.345222473145,4
73,26,1.17857146263123,135.535720825195,50.4122581481934,240.453308105469,4
216,107,174.428573608398,100.178573608398,253.290863037109,250.114379882812,4
94,278,259.285705566406,286.392852783203,356.574523925781,272.656860351562,2
219,250,291.107147216797,321.75,183.205535888672,241.526763916016,2
87,21,0.0,142.607147216797,165.991592407227,63.333683013916,4
241,86,576.321411132812,169.714279174805,575.4375,0.0,1
233,94,604.607116699219,227.464279174805,721.755981445312,291.97900390625,1
135,144,288.75,227.464279174805,229.929092407227,318.815307617188,2
300,270,293.464294433594,344.142852783203,217.633407592773,406.838409423828,2
289,123,34.1785697937012,707.142883300781,657.818481445312,733.167907714844,3
60,160,0.0,0.0,67.626205444336,52.5991592407227,4
304,68,53.0357131958008,180.321426391602,0.0,252.261276245117,4
134,51,487.928558349609,10.6071424484253,587.733154296875,279.097595214844,1
329,89,91.9285736083984,57.75,204.108169555664,202.882476806641,4
118,40,0.0,31.8214282989502,79.921875,143.84260559082,4
389,112,179.142852783203,43.6071434020996,50.4122581481934,279.097595214844,4
91,79,0.0,0.0,0.0,235.086044311523,4
319,179,12.9642858505249,14.1428575515747,120.497596740723,361.75341796875,4
399,77,129.642852783203,215.678573608398,27.050479888916,121.300102233887,4
167,194,44.7857131958008,0.0,0.0,86.9496307373047,4
152,79,0.0,111.964286804199,177.057693481445,301.640075683594,4
128,27,0.0,99.0,159.84375,324.182586669922,4
259,128,75.4285736083984,262.821441650391,193.042068481445,286.611755371094,4
201,122,107.25,522.107116699219,636.915893554688,706.331604003906,3
113,95,0.0,0.0,83.610580444336,214.690444946289,4
220,111,575.142883300781,0.0,652.900268554688,278.024139404297,1
207,134,135.535720825195,174.428573608398,232.388214111328,301.640075683594,4
253,510,182.678573608398,332.357147216797,177.057693481445,0.0,4
189,123,101.357139587402,159.107147216797,125.415863037109,244.747116088867,4
63,30,0.0,25.9285717010498,0.0,59.0398750305176,4
198,102,529.178588867188,99.0,672.573303222656,231.865692138672,1
195,144,133.178573608398,114.321426391602,95.90625,212.543548583984,4
103,97,83.6785736083984,11.7857141494751,0.0,260.848907470703,4
68,104,24.75,10.6071424484253,23.3617782592773,266.216156005859,4
114,42,30.6428565979004,103.714286804199,54.100959777832,149.209869384766,4
144,30,75.4285736083984,0.0,114.349761962891,326.329498291016,4
198,40,0.0,28.2857151031494,78.6923065185547,220.057708740234,4
122,264,367.714294433594,335.892852783203,261.897827148438,388.589721679688,2
159,72,5.89285707473755,106.071426391602,136.481964111328,128.814270019531,4
210,81,117.857139587402,183.857147216797,209.026443481445,0.0,4
299,289,75.4285736083984,0.0,408.216339111328,0.0,4
252,90,134.357147216797,93.1071395874023,213.944717407227,345.651611328125,4
62,89,0.0,0.0,134.022842407227,159.944381713867,4
328,82,34.1785697937012,64.8214263916016,0.0,162.091293334961,4
344,103,0.0,207.428573608398,202.878601074219,147.062957763672,4
107,51,25.9285717010498,0.0,0.0,110.565582275391,4
113,99,0.0,119.035713195801,0.0,213.617004394531,4
160,44,0.0,139.071426391602,120.497596740723,144.916061401367,4
62,33,0.0,176.785720825195,0.0,232.93913269043,4
274,119,134.357147216797,710.678588867188,652.900268554688,750.343139648438,3
160,61,569.25,185.035720825195,714.378601074219,245.820571899414,1
119,158,54.2142868041992,273.428558349609,84.8401412963867,323.109130859375,4
463,122,0.0,97.8214263916016,65.1670684814453,207.176284790039,4
89,84,41.25,111.964286804199,102.054084777832,225.42497253418,4
101,113,0.0,106.071426391602,0.0,278.024139404297,4
442,102,595.178588867188,0.0,617.242797851562,0.0,1
238,59,0.0,0.0,185.664657592773,75.1416549682617,4
178,271,358.285705566406,289.928558349609,223.78125,309.154235839844,2
89,33,0.0,0.0,216.403839111328,60.1133270263672,4
91,49,0.0,56.5714302062988,0.0,268.363067626953,4
131,164,176.785720825195,207.428573608398,284.030059814453,163.164749145508,4
345,52,31.8214282989502,111.964286804199,158.614181518555,276.95068359375,4
140,40,0.0,140.25,81.1514434814453,214.690444946289,4
76,92,201.535720825195,142.607147216797,142.629806518555,137.401885986328,4
226,89,558.642883300781,0.0,740.199523925781,288.758666992188,1
87,30,63.6428565979004,0.0,0.0,245.820571899414,4
347,247,75.4285736083984,241.607147216797,75.0036087036133,311.301147460938,4
322,236,152.035720825195,261.642852783203,244.683898925781,183.560333251953,4
97,56,0.0,166.178573608398,138.941101074219,240.453308105469,4
290,167,173.25,165.0,150.007217407227,371.414489746094,4
215,119,77.7857131958008,206.25,237.306488037109,241.526763916016,4
79,40,0.0,166.178573608398,163.532455444336,301.640075683594,4
240,98,123.75,196.821426391602,734.051696777344,125.593910217285,4
109,203,265.178558349609,219.214279174805,186.894226074219,392.883514404297,2
84,36,0.0,0.0,164.762023925781,0.0,4
89,88,3.53571438789368,0.0,0.0,167.458557128906,4
311,79,575.142883300781,63.6428565979004,657.818481445312,0.0,1
362,114,115.5,73.0714263916016,159.84375,192.14794921875,4
148,87,20.0357151031494,27.1071434020996,120.497596740723,198.588668823242,4
66,97,198.0,99.0,245.913467407227,237.232955932617,4
354,88,128.464279174805,166.178573608398,140.170669555664,265.142700195312,4
287,132,536.25,153.214279174805,566.830505371094,81.5823745727539,1
320,145,18.8571434020996,192.107147216797,131.563705444336,188.927597045898,4
108,38,34.1785697937012,130.821426391602,106.972358703613,0.0,4
183,113,66.0,185.035720825195,11.0661058425903,338.137451171875,4
150,87,83.6785736083984,27.1071434020996,102.054084777832,240.453308105469,4
62,77,0.0,38.8928565979004,49.1826934814453,194.294860839844,4
353,114,614.035705566406,233.357147216797,553.305297851562,168.531997680664,1
479,152,652.928588867188,188.571426391602,618.472351074219,196.441757202148,1
133,72,53.0357131958008,24.75,125.415863037109,184.6337890625,4
215,87,64.8214263916016,43.6071434020996,94.6766815185547,193.221405029297,4
156,97,618.75,241.607147216797,731.592529296875,208.249740600586,1
148,87,526.821411132812,36.5357131958008,722.985595703125,279.097595214844,1
365,143,0.0,579.857116699219,638.145446777344,713.845764160156,3
83,25,42.4285697937012,37.7142868041992,41.805290222168,267.289611816406,4
126,34,0.0,0.0,103.283653259277,164.238189697266,4
60,152,33.0,0.0,1.22956728935242,180.339981079102,4
117,80,33.0,11.7857141494751,70.085334777832,181.413436889648,4
214,78,82.5,0.0,154.925476074219,310.227691650391,4
191,304,279.321441650391,363.0,247.143035888672,353.165802001953,2
117,89,596.357116699219,0.0,735.28125,238.306396484375,1
381,240,256.928558349609,346.5,210.256011962891,237.232955932617,2
77,184,188.571426391602,333.535705566406,45.4939918518066,301.640075683594,4
73,112,0.0,0.0,0.0,133.10807800293,4
416,89,180.321426391602,114.321426391602,70.085334777832,252.261276245117,4
209,129,91.9285736083984,274.607147216797,184.435089111328,244.747116088867,4
86,84,0.0,0.0,100.824516296387,218.984252929688,4
173,90,86.0357131958008,308.785705566406,673.802856445312,651.585510253906,3
154,69,482.035705566406,147.321426391602,588.962768554688,308.080810546875,1
218,74,122.571426391602,100.178573608398,281.570922851562,144.916061401367,4
267,133,36.5357131958008,196.821426391602,52.871395111084,289.832122802734,4
238,136,57.75,169.714279174805,268.045684814453,294.125915527344,4
171,73,116.678573608398,17.6785717010498,255.75,161.017837524414,4
273,126,173.25,0.0,138.941101074219,207.176284790039,4
519,113,48.3214302062988,578.678588867188,571.748779296875,749.269653320312,3
94,50,0.0,24.75,130.334136962891,7.5141658782959,4
233,131,100.178573608398,260.464294433594,178.287261962891,289.832122802734,4
157,57,0.0,64.8214263916016,39.3461532592773,76.2151107788086,4
244,101,552.75,0.0,707.001220703125,129.887725830078,1
316,173,474.964294433594,205.071426391602,629.538452148438,293.052459716797,1
384,103,93.1071395874023,0.0,18.443510055542,192.14794921875,4
110,20,137.892852783203,0.0,196.730773925781,259.775451660156,4
446,84,588.107116699219,0.0,666.425476074219,251.18782043457,1
70,33,0.0,55.3928565979004,104.513221740723,235.086044311523,4
81,91,0.0,160.285720825195,191.8125,256.555084228516,4
488,108,585.75,133.178573608398,564.371398925781,138.475341796875,1
191,142,22.3928565979004,51.8571434020996,391.002410888672,114.859390258789,4
241,77,492.642852783203,172.071426391602,601.258422851562,32.2035675048828,1
82,279,55.3928565979004,132.0,68.8557662963867,234.012588500977,4
264,119,55.3928565979004,383.035705566406,673.802856445312,708.478515625,3
165,119,234.535720825195,102.535713195801,0.0,226.498428344727,2
115,39,0.0,69.5357131958008,95.90625,309.154235839844,4
94,52,0.0,0.0,65.1670684814453,182.486877441406,4
148,42,20.0357151031494,149.678573608398,135.252410888672,258.701995849609,4
80,48,159.107147216797,84.8571395874023,170.909851074219,269.4365234375,4
110,27,0.0,0.0,0.0,264.069244384766,4
109,93,54.2142868041992,12.9642858505249,153.695907592773,226.498428344727,4
111,41,48.3214302062988,0.0,132.793273925781,225.42497253418,4
74,84,75.4285736083984,0.0,51.6418266296387,76.2151107788086,4
68,72,35.3571434020996,0.0,60.2487983703613,180.339981079102,4
225,65,62.4642868041992,0.0,113.120193481445,165.311645507812,4
293,90,69.5357131958008,484.392852783203,655.359375,586.104919433594,3
164,66,490.285705566406,0.0,614.783630371094,0.0,1
408,138,591.642883300781,124.928573608398,668.884643554688,206.102828979492,1
157,65,486.75,110.785713195801,628.308898925781,0.0,1
215,211,259.285705566406,351.214294433594,189.353363037109,363.900329589844,2
556,199,261.642852783203,271.071441650391,177.057693481445,231.865692138672,2
233,111,606.964294433594,96.6428604125977,756.183898925781,227.571884155273,1
74,97,0.0,218.035720825195,210.256011962891,290.905548095703,4
59,15,0.0,69.5357131958008,4.91826915740967,255.481643676758,4
120,228,276.964294433594,292.285705566406,157.384613037109,290.905548095703,2
158,351,142.607147216797,315.857147216797,137.711532592773,212.543548583984,4
327,98,95.4642868041992,2.35714292526245,90.9879837036133,290.905548095703,4
258,124,165.0,114.321426391602,245.913467407227,152.430221557617,4
148,118,0.0,168.535720825195,150.007217407227,363.900329589844,4
309,127,100.178573608398,639.964294433594,596.340148925781,633.336853027344,3
185,101,2.35714292526245,582.214294433594,623.390625,681.642211914062,3
334,111,609.321411132812,0.0,694.705505371094,284.46484375,1
122,59,58.9285697937012,543.321411132812,612.324523925781,621.528869628906,3
467,201,119.035713195801,192.107147216797,161.073318481445,124.520462036133,4
151,148,0.0,55.3928565979004,75.0036087036133,162.091293334961,4
67,37,0.0,0.0,0.0,0.0,4
350,240,299.357147216797,315.857147216797,199.189910888672,268.363067626953,2
366,74,530.357116699219,167.357147216797,500.433898925781,165.311645507812,1
78,126,35.3571434020996,43.6071434020996,54.100959777832,155.650573730469,4
98,246,318.214294433594,294.642852783203,297.555297851562,322.035675048828,2
208,105,182.678573608398,400.714294433594,619.701904296875,708.478515625,3
264,163,114.321426391602,0.0,167.221160888672,154.577117919922,4
64,45,51.8571434020996,0.0,13.525239944458,179.266525268555,4
195,71,0.0,0.0,12.2956733703613,266.216156005859,4
152,96,96.6428604125977,0.0,120.497596740723,259.775451660156,4
376,93,0.0,163.821426391602,0.0,333.843658447266,4
354,94,81.3214263916016,157.928573608398,178.287261962891,125.593910217285,4
388,100,88.3928604125977,788.464294433594,597.569702148438,778.252868652344,3
203,94,583.392883300781,242.785720825195,714.378601074219,52.5991592407227,1
109,25,60.1071434020996,96.6428604125977,61.4783668518066,240.453308105469,4
72,133,51.8571434020996,0.0,110.661056518555,167.458557128906,4
96,46,123.75,10.6071424484253,8.60697078704834,234.012588500977,4
140,99,84.8571395874023,219.214279174805,163.532455444336,91.2434387207031,4
235,313,268.714294433594,360.642852783203,317.228363037109,368.194122314453,2
254,145,110.785713195801,280.5,141.400238037109,270.509979248047,4
66,32,0.0,110.785713195801,68.8557662963867,98.7576065063477,4
386,80,107.25,634.071411132812,561.912231445312,688.082885742188,3
401,101,23.5714282989502,0.0,72.5444717407227,583.9580078125,3
99,71,0.0,154.392852783203,82.3810119628906,0.0,4
131,16,0.0,187.392852783203,49.1826934814453,222.204620361328,4
157,111,148.5,207.428573608398,150.007217407227,319.888763427734,4
107,170,120.214286804199,0.0,223.78125,216.837356567383,4
219,103,86.0357131958008,598.714294433594,614.783630371094,688.082885742188,3
140,60,0.0,9.4285717010498,49.1826934814453,177.11962890625,4
97,36,70.7142868041992,0.0,49.1826934814453,258.701995849609,4
82,93,261.642852783203,266.357147216797,429.118988037109,346.725067138672,2
470,115,647.035705566406,106.071426391602,623.390625,186.780685424805,1
379,131,134.357147216797,609.321411132812,494.286071777344,816.897155761719,3
128,54,0.0,0.0,169.680282592773,328.476379394531,4
176,34,0.0,180.321426391602,223.78125,135.254989624023,4
244,125,143.785720825195,192.107147216797,109.431488037109,294.125915527344,4
179,115,115.5,192.107147216797,118.038459777832,231.865692138672,4
240,100,543.321411132812,165.0,682.409851074219,170.678909301758,1
109,115,126.107139587402,0.0,0.0,193.221405029297,4
241,152,135.535720825195,233.357147216797,137.711532592773,269.4365234375,4
136,99,28.2857151031494,60.1071434020996,164.762023925781,251.18782043457,4
96,223,305.25,360.642852783203,266.816101074219,345.651611328125,2
158,60,159.107147216797,0.0,122.956733703613,266.216156005859,4
275,167,0.0,157.928573608398,105.742790222168,8.5876178741455,4
61,121,0.0,0.0,0.0,202.882476806641,4
284,83,93.1071395874023,0.0,120.497596740723,192.14794921875,4
82,60,47.1428565979004,2.35714292526245,0.0,215.763900756836,4
70,60,18.8571434020996,35.3571434020996,13.525239944458,265.142700195312,4
394,97,627.0,219.214279174805,711.919494628906,44.0115432739258,1
69,43,0.0,177.964279174805,127.875,166.385101318359,4
167,78,31.8214282989502,156.75,77.4627380371094,0.0,4
176,77,43.6071434020996,515.035705566406,587.733154296875,676.27490234375,3
313,76,103.714286804199,83.6785736083984,0.0,105.198318481445,4
92,60,0.0,29.4642848968506,184.435089111328,222.204620361328,4
467,156,110.785713195801,109.607139587402,237.306488037109,300.566619873047,4
483,102,0.0,12.9642858505249,44.2644233703613,297.346282958984,4
219,133,71.8928604125977,54.2142868041992,151.236785888672,256.555084228516,4
127,305,149.678573608398,14.1428575515747,150.007217407227,185.707244873047,4
271,127,562.178588867188,121.392860412598,775.856994628906,157.797485351562,1
200,96,177.964279174805,182.678573608398,125.415863037109,279.097595214844,4
215,61,0.0,44.7857131958008,45.4939918518066,229.718780517578,4
391,110,127.285713195801,189.75,0.0,328.476379394531,4
275,149,101.357139587402,704.785705566406,707.001220703125,756.783813476562,3
235,117,141.428573608398,113.142860412598,113.120193481445,223.278076171875,4
376,91,581.035705566406,11.7857141494751,670.114196777344,218.984252929688,1
249,116,41.25,34.1785697937012,147.548080444336,276.95068359375,4
413,128,664.714294433594,142.607147216797,580.355773925781,232.93913269043,1
70,212,0.0,43.6071434020996,0.0,261.92236328125,4
66,74,0.0,0.0,178.287261962891,173.899261474609,4
209,310,367.714294433594,417.214294433594,243.454330444336,434.748168945312,2
139,216,271.071441650391,317.035705566406,252.061294555664,337.063995361328,2
364,120,99.0,122.571426391602,105.742790222168,208.249740600586,4
330,70,439.607147216797,8.25,529.943481445312,203.955932617188,1
290,110,185.035720825195,210.964279174805,162.302886962891,319.888763427734,4
373,113,107.25,747.214294433594,613.554077148438,786.840515136719,3
81,58,24.75,0.0,1.22956728935242,271.583435058594,4
348,118,97.8214263916016,609.321411132812,576.667053222656,658.026245117188,3
335,57,166.178573608398,627.0,571.748779296875,664.466918945312,3
318,132,198.0,443.142852783203,677.491577148438,660.173156738281,3
204,99,0.0,235.714279174805,201.649032592773,253.334732055664,4
186,115,160.285720825195,227.464279174805,158.614181518555,201.809020996094,4
265,229,0.0,20.0357151031494,159.84375,172.825805664062,4
297,83,93.1071395874023,47.1428565979004,158.614181518555,324.182586669922,4
179,146,69.5357131958008,459.642852783203,522.566101074219,705.258117675781,3
100,74,17.6785717010498,129.642852783203,0.0,0.0,4
263,65,500.892852783203,0.0,670.114196777344,0.0,1
126,91,470.25,58.9285697937012,598.799255371094,111.639038085938,1
191,88,458.464294433594,116.678573608398,606.176696777344,287.685211181641,1
543,135,617.571411132812,89.5714263916016,645.522827148438,126.667366027832,1
399,112,583.392883300781,123.75,660.277648925781,255.481643676758,1
154,52,63.6428565979004,0.0,252.061294555664,222.204620361328,4
130,324,80.1428604125977,68.3571395874023,72.5444717407227,0.0,4
205,154,78.9642868041992,0.0,174.598556518555,0.0,4
385,102,575.142883300781,51.8571434020996,700.853393554688,291.97900390625,1
169,86,536.25,24.75,549.616577148438,118.079750061035,1
155,57,536.25,139.071426391602,687.328125,319.888763427734,1
321,123,101.357139587402,614.035705566406,682.409851074219,697.743957519531,3
242,324,373.607147216797,396.0,341.819702148438,444.409240722656,2
74,35,12.9642858505249,167.357147216797,35.6574516296387,285.538299560547,4
128,70,25.9285717010498,45.9642868041992,99.594955444336,308.080810546875,4
67,78,0.0,14.1428575515747,19.6730766296387,91.2434387207031,4
376,295,267.535705566406,261.642852783203,163.532455444336,295.199371337891,2
609,293,373.607147216797,417.214294433594,371.329315185547,357.459594726562,2
286,62,0.0,0.0,0.0,191.074508666992,4
219,106,165.0,550.392883300781,634.456726074219,693.450134277344,3
70,138,57.75,144.964279174805,169.680282592773,328.476379394531,4
229,89,14.1428575515747,146.142852783203,746.347351074219,331.696746826172,4
276,160,0.0,127.285713195801,89.758415222168,262.995788574219,4
423,76,630.535705566406,61.2857131958008,697.164672851562,105.198318481445,1
93,163,80.1428604125977,219.214279174805,0.0,322.035675048828,4
93,29,40.0714302062988,132.0,65.1670684814453,291.97900390625,4
551,172,96.6428604125977,233.357147216797,238.536056518555,208.249740600586,4
198,97,570.428588867188,7.07142877578735,661.507202148438,256.555084228516,1
225,73,51.8571434020996,0.0,147.548080444336,208.249740600586,4
126,98,84.8571395874023,0.0,183.205535888672,334.917114257812,4
66,33,0.0,45.9642868041992,41.805290222168,188.927597045898,4
247,112,113.142860412598,127.285713195801,255.75,346.725067138672,4
206,103,121.392860412598,22.3928565979004,177.057693481445,69.774398803711,4
217,225,282.857147216797,328.821441650391,239.765625,384.2958984375,2
308,38,4.7142858505249,88.3928604125977,84.8401412963867,302.713531494141,4
420,80,68.3571395874023,149.678573608398,0.0,303.786987304688,4
235,148,74.25,166.178573608398,114.349761962891,268.363067626953,4
175,108,71.8928604125977,446.678558349609,600.028869628906,652.658996582031,3
205,190,288.75,297.0,138.941101074219,291.97900390625,2
176,92,561.0,69.5357131958008,775.856994628906,279.097595214844,1
514,125,634.071411132812,156.75,710.689880371094,244.747116088867,1
213,121,37.7142868041992,30.6428565979004,229.929092407227,194.294860839844,4
126,99,106.071426391602,183.857147216797,71.3149032592773,276.95068359375,4
462,118,78.9642868041992,160.285720825195,0.0,242.600204467773,4
131,64,0.0,0.0,0.0,296.272827148438,4
68,76,0.0,157.928573608398,0.0,208.249740600586,4
236,136,1.17857146263123,172.071426391602,111.890625,283.391387939453,4
71,47,0.0,0.0,19.6730766296387,191.074508666992,4
282,147,115.5,60.1071434020996,152.466339111328,299.493194580078,4
188,98,73.0714263916016,200.357147216797,62.7079315185547,283.391387939453,4
165,89,123.75,195.642852783203,165.991592407227,231.865692138672,4
62,13,0.0,0.0,4.91826915740967,0.0,4
285,234,0.0,227.464279174805,189.353363037109,322.035675048828,4
119,34,0.0,77.7857131958008,0.0,157.797485351562,4
89,140,193.285720825195,291.107147216797,92.217544555664,282.317932128906,4
72,133,0.0,0.0,18.443510055542,308.080810546875,4
407,95,150.857147216797,97.8214263916016,119.268028259277,11.8079748153687,4
105,99,38.8928565979004,0.0,0.0,88.0230865478516,4
226,139,94.2857131958008,95.4642868041992,120.497596740723,320.962219238281,4
278,275,330.0,344.142852783203,158.614181518555,256.555084228516,2
106,95,8.25,76.6071395874023,108.201919555664,92.31689453125,4
301,140,113.142860412598,175.607147216797,194.271636962891,299.493194580078,4
334,72,41.25,516.214294433594,547.157470703125,591.47216796875,3
133,243,0.0,0.0,82.3810119628906,44.0115432739258,4
236,298,291.107147216797,373.607147216797,757.413452148438,392.883514404297,2
475,235,117.857139587402,129.642852783203,200.419464111328,190.001052856445,4
267,143,83.6785736083984,582.214294433594,671.34375,683.7890625,3
277,140,58.9285697937012,179.142852783203,102.054084777832,311.301147460938,4
241,167,168.535720825195,251.035720825195,240.995193481445,0.0,4
165,112,175.607147216797,221.571426391602,222.551681518555,224.351516723633,4
343,81,618.75,0.0,608.635803222656,286.611755371094,1
257,211,47.1428565979004,144.964279174805,57.789665222168,250.114379882812,4
217,93,55.3928565979004,181.5,147.548080444336,106.271774291992,4
91,202,0.0,168.535720825195,122.956733703613,326.329498291016,4
120,105,0.0,99.0,113.120193481445,266.216156005859,4
208,88,610.5,0.0,689.787231445312,139.548797607422,1
141,81,167.357147216797,3.53571438789368,71.3149032592773,66.5540390014648,4
199,128,99.0,153.214279174805,172.139419555664,133.10807800293,4
258,156,23.5714282989502,54.2142868041992,0.0,193.221405029297,4
227,193,234.535720825195,218.035720825195,217.633407592773,210.396636962891,2
293,150,40.0714302062988,236.892852783203,169.680282592773,363.900329589844,4
486,140,642.321411132812,111.964286804199,609.865356445312,246.894012451172,1
317,67,520.928588867188,93.1071395874023,575.4375,0.0,1
121,56,466.714294433594,36.5357131958008,622.161071777344,164.238189697266,1
378,96,49.5,200.357147216797,291.407440185547,205.029388427734,4
67,38,51.8571434020996,0.0,0.0,99.8310623168945,4
409,98,614.035705566406,186.214279174805,643.063720703125,196.441757202148,1
261,247,188.571426391602,264.0,263.127410888672,223.278076171875,4
96,98,0.0,122.571426391602,0.0,297.346282958984,4
450,109,573.964294433594,261.642852783203,700.853393554688,210.396636962891,1
250,107,242.785720825195,232.178573608398,205.337738037109,295.199371337891,2
155,247,0.0,51.8571434020996,106.972358703613,10.734522819519,4
223,121,2.35714292526245,23.5714282989502,87.2992782592773,184.6337890625,4
479,81,95.4642868041992,622.285705566406,505.352172851562,709.551940917969,3
60,77,188.571426391602,192.107147216797,216.403839111328,153.503677368164,4
250,144,82.5,519.75,595.110595703125,656.952758789062,3
223,111,185.035720825195,0.0,105.742790222168,197.515213012695,4
353,179,132.0,187.392852783203,92.217544555664,264.069244384766,4
70,48,0.0,0.0,0.0,0.0,4
157,89,566.892883300781,93.1071395874023,756.183898925781,0.0,1
61,30,0.0,120.214286804199,0.0,0.0,4
182,98,516.214294433594,144.964279174805,692.246398925781,186.780685424805,1
66,11,0.0,0.0,132.793273925781,181.413436889648,4
172,97,0.0,390.107147216797,539.780029296875,579.664245605469,3
289,53,496.178558349609,0.0,537.320922851562,18.2486877441406,1
245,111,87.2142868041992,0.0,55.3305282592773,252.261276245117,4
224,207,238.071426391602,340.607147216797,242.224761962891,282.317932128906,2
95,56,0.0,167.357147216797,79.921875,129.887725830078,4
169,86,28.2857151031494,124.928573608398,191.8125,31.1301155090332,4
188,156,61.2857131958008,608.142883300781,659.048095703125,662.320068359375,3
258,111,2.35714292526245,119.035713195801,181.975967407227,228.645324707031,4
182,167,109.607139587402,195.642852783203,0.0,153.503677368164,4
97,433,0.0,113.142860412598,181.975967407227,243.67366027832,4
65,137,0.0,0.0,164.762023925781,0.0,4
80,44,0.0,90.75,0.0,199.662124633789,4
60,18,0.0,45.9642868041992,71.3149032592773,145.989501953125,4
315,68,0.0,82.5,0.0,245.820571899414,4
71,68,0.0,76.6071395874023,29.509614944458,210.396636962891,4
139,33,47.1428565979004,61.2857131958008,0.0,206.102828979492,4
378,105,68.3571395874023,0.0,111.890625,345.651611328125,4
90,63,41.25,183.857147216797,111.890625,259.775451660156,4
67,66,12.9642858505249,119.035713195801,116.808891296387,270.509979248047,4
77,108,0.0,0.0,19.6730766296387,249.040924072266,4
60,37,0.0,109.607139587402,130.334136962891,198.588668823242,4
238,165,573.964294433594,210.964279174805,777.086547851562,294.125915527344,1
162,42,73.0714263916016,0.0,55.3305282592773,190.001052856445,4
119,48,0.0,106.071426391602,0.0,252.261276245117,4
189,88,40.0714302062988,30.6428565979004,0.0,217.91081237793,4
207,109,582.214294433594,249.857147216797,740.199523925781,256.555084228516,1
288,119,121.392860412598,616.392883300781,617.242797851562,676.27490234375,3
333,93,61.2857131958008,0.0,126.645431518555,178.193069458008,4
74,71,0.0,142.607147216797,0.0,45.0849952697754,4
323,161,108.428573608398,199.178573608398,65.1670684814453,349.945434570312,4
67,68,123.75,0.0,104.513221740723,319.888763427734,4
320,102,140.25,0.0,253.290863037109,224.351516723633,4
103,50,60.1071434020996,130.821426391602,157.384613037109,258.701995849609,4
235,82,136.714279174805,44.7857131958008,250.831726074219,245.820571899414,4
282,101,172.071426391602,0.0,94.6766815185547,340.284362792969,4
242,141,133.178573608398,128.464279174805,9.83653831481934,323.109130859375,4
235,225,268.714294433594,206.25,236.076919555664,339.210906982422,2
395,79,37.7142868041992,78.9642868041992,0.0,59.0398750305176,4
194,132,0.0,0.0,57.789665222168,166.385101318359,4
243,145,16.5,573.964294433594,759.872619628906,757.857299804688,3
127,30,126.107139587402,0.0,141.400238037109,0.0,4
277,139,139.071426391602,590.464294433594,387.313690185547,766.444885253906,3
178,101,36.5357131958008,157.928573608398,109.431488037109,99.8310623168945,4
328,86,0.0,504.428558349609,601.258422851562,646.21826171875,3
85,115,288.75,298.178558349609,290.177886962891,369.267578125,2
503,105,622.285705566406,87.2142868041992,631.997619628906,82.6558227539062,1
126,171,196.821426391602,238.071426391602,201.649032592773,242.600204467773,4
269,190,77.7857131958008,157.928573608398,25.8209133148193,287.685211181641,4
411,93,56.5714302062988,207.428573608398,0.0,291.97900390625,4
244,135,176.785720825195,232.178573608398,220.092544555664,217.91081237793,4
78,91,0.0,0.0,0.0,190.001052856445,4
95,54,0.0,0.0,0.0,193.221405029297,4
140,286,300.535705566406,341.785705566406,268.045684814453,400.397705078125,2
111,168,21.2142848968506,45.9642868041992,131.563705444336,0.0,4
170,65,532.714294433594,17.6785717010498,645.522827148438,222.204620361328,1
94,203,0.0,0.0,156.155044555664,215.763900756836,4
277,243,327.642852783203,430.178558349609,175.828125,397.177337646484,2
316,166,119.035713195801,30.6428565979004,0.0,187.854141235352,4
247,132,198.0,266.357147216797,67.626205444336,274.803771972656,4
241,140,3.53571438789368,208.607147216797,157.384613037109,282.317932128906,4
212,188,272.25,227.464279174805,196.730773925781,200.735565185547,2
332,65,51.8571434020996,132.0,108.201919555664,268.363067626953,4
175,75,113.142860412598,141.428573608398,158.614181518555,289.832122802734,4
314,134,157.928573608398,89.5714263916016,152.466339111328,243.67366027832,4
211,92,149.678573608398,165.0,0.0,220.057708740234,4
220,212,82.5,0.0,46.7235565185547,108.418678283691,4
323,168,0.0,93.1071395874023,0.0,89.0965347290039,4
324,122,117.857139587402,117.857139587402,237.306488037109,186.780685424805,4
264,80,29.4642848968506,68.3571395874023,122.956733703613,136.328430175781,4
216,146,103.714286804199,96.6428604125977,250.831726074219,310.227691650391,4
310,145,9.4285717010498,212.142852783203,209.026443481445,223.278076171875,4
105,53,0.0,57.75,0.0,121.300102233887,4
244,117,31.8214282989502,130.821426391602,0.0,119.153198242188,4
111,75,0.0,73.0714263916016,151.236785888672,0.0,4
257,51,70.7142868041992,127.285713195801,0.0,296.272827148438,4
61,270,0.0,150.857147216797,73.774040222168,162.091293334961,4
234,116,608.142883300781,276.964294433594,777.086547851562,326.329498291016,1
263,122,87.2142868041992,530.357116699219,707.001220703125,669.834228515625,3
408,94,69.5357131958008,713.035705566406,539.780029296875,752.490051269531,3
90,52,115.5,0.0,3.68870186805725,198.588668823242,4
66,55,0.0,0.0,77.4627380371094,221.131164550781,4
375,80,0.0,95.4642868041992,181.975967407227,155.650573730469,4
308,390,543.321411132812,381.857147216797,660.277648925781,357.459594726562,1
137,169,120.214286804199,23.5714282989502,39.3461532592773,272.656860351562,4
168,86,124.928573608398,165.0,105.742790222168,244.747116088867,4
106,67,66.0,0.0,0.0,205.029388427734,4
236,70,148.5,176.785720825195,71.3149032592773,150.283309936523,4
72,35,0.0,106.071426391602,0.0,0.0,4
99,32,10.6071424484253,213.321426391602,143.859375,241.526763916016,4
362,129,140.25,214.5,279.111785888672,270.509979248047,4
96,66,287.571441650391,322.928558349609,290.177886962891,342.431274414062,2
251,121,16.5,153.214279174805,704.542053222656,314.521514892578,4
371,130,47.1428565979004,598.714294433594,640.604553222656,680.568725585938,3
237,82,0.0,544.5,560.682678222656,606.500549316406,3
68,36,0.0,172.071426391602,127.875,110.565582275391,4
60,28,0.0,0.0,59.019229888916,16.1017837524414,4
385,208,651.75,235.714279174805,668.884643554688,163.164749145508,1
257,115,163.821426391602,81.3214263916016,184.435089111328,269.4365234375,4
152,105,17.6785717010498,51.8571434020996,186.894226074219,254.408187866211,4
215,38,29.4642848968506,90.75,43.034854888916,203.955932617188,4
487,117,660.0,133.178573608398,596.340148925781,172.825805664062,1
73,80,12.9642858505249,0.0,0.0,89.0965347290039,4
301,227,199.178573608398,261.642852783203,216.403839111328,338.137451171875,4
111,101,0.0,0.0,0.0,0.0,4
210,138,25.9285717010498,241.607147216797,62.7079315185547,280.171051025391,4
253,111,146.142852783203,101.357139587402,256.979553222656,339.210906982422,4
86,61,0.0,0.0,202.878601074219,123.447006225586,4
482,159,136.714279174805,0.0,190.582931518555,236.15950012207,4
285,63,75.4285736083984,11.7857141494751,0.0,150.283309936523,4
138,31,81.3214263916016,123.75,119.268028259277,197.515213012695,4
73,130,0.0,233.357147216797,0.0,257.628540039062,4
85,59,0.0,0.0,14.754807472229,77.288558959961,4
133,161,0.0,24.75,62.7079315185547,268.363067626953,4
264,127,140.25,509.142852783203,622.161071777344,674.127990722656,3
146,67,0.0,159.107147216797,0.0,151.35676574707,4
194,84,78.9642868041992,166.178573608398,83.610580444336,278.024139404297,4
348,98,0.0,0.0,90.9879837036133,132.034622192383,4
119,89,0.0,49.5,132.793273925781,21.4690456390381,4
84,133,96.6428604125977,12.9642858505249,194.271636962891,89.0965347290039,4
249,108,590.464294433594,0.0,587.733154296875,237.232955932617,1
375,202,40.0714302062988,0.0,253.290863037109,203.955932617188,4
201,88,509.142852783203,102.535713195801,651.670654296875,266.216156005859,1
77,155,136.714279174805,304.071441650391,238.536056518555,257.628540039062,4
80,189,30.6428565979004,107.25,4.91826915740967,269.4365234375,4
102,130,43.6071434020996,208.607147216797,103.283653259277,291.97900390625,4
74,94,12.9642858505249,2.35714292526245,162.302886962891,301.640075683594,4
135,53,507.964294433594,181.5,563.141845703125,95.537254333496,1
494,120,54.2142868041992,764.892883300781,622.161071777344,782.546691894531,3
94,50,0.0,66.0,95.90625,225.42497253418,4
469,103,603.428588867188,179.142852783203,702.082946777344,196.441757202148,1
221,99,0.0,167.357147216797,77.4627380371094,231.865692138672,4
247,99,551.571411132812,253.392852783203,587.733154296875,285.538299560547,1
98,45,62.4642868041992,121.392860412598,127.875,147.062957763672,4
218,231,177.964279174805,255.75,189.353363037109,330.623291015625,4
97,31,0.0,14.1428575515747,0.0,197.515213012695,4
238,108,0.0,526.821411132812,600.028869628906,659.099670410156,3
77,182,179.142852783203,0.0,146.318511962891,59.0398750305176,4
238,107,0.0,17.6785717010498,0.0,188.927597045898,4
268,86,60.1071434020996,36.5357131958008,0.0,267.289611816406,4
73,58,0.0,9.4285717010498,0.0,228.645324707031,4
148,153,124.928573608398,206.25,0.0,0.0,4
178,106,28.2857151031494,37.7142868041992,103.283653259277,345.651611328125,4
185,101,142.607147216797,162.642852783203,165.991592407227,209.323196411133,4
336,125,35.3571434020996,222.75,248.372589111328,200.735565185547,4
171,65,570.428588867188,91.9285736083984,748.806518554688,0.0,1
210,115,160.285720825195,0.0,120.497596740723,347.798522949219,4
218,102,66.0,433.714294433594,579.126220703125,560.342102050781,3
65,68,173.25,240.428573608398,174.598556518555,316.668426513672,4
304,191,126.107139587402,37.7142868041992,181.975967407227,246.894012451172,4
237,156,129.642852783203,189.75,218.862976074219,294.125915527344,4
122,44,0.0,0.0,19.6730766296387,261.92236328125,4
107,134,53.0357131958008,0.0,4.91826915740967,9.66106986999512,4
109,355,81.3214263916016,148.5,72.5444717407227,202.882476806641,4
349,108,120.214286804199,465.535705566406,629.538452148438,675.201477050781,3
354,86,119.035713195801,86.0357131958008,152.466339111328,238.306396484375,4
213,128,154.392852783203,155.571426391602,114.349761962891,312.374603271484,4
220,139,109.607139587402,160.285720825195,130.334136962891,304.860443115234,4
305,135,0.0,23.5714282989502,102.054084777832,275.877227783203,4
102,57,14.1428575515747,54.2142868041992,102.054084777832,238.306396484375,4
61,101,0.0,317.035705566406,168.450714111328,358.533050537109,4
189,66,121.392860412598,36.5357131958008,152.466339111328,279.097595214844,4
191,94,42.4285697937012,169.714279174805,0.0,186.780685424805,4
231,128,89.5714263916016,241.607147216797,104.513221740723,164.238189697266,4
93,186,53.0357131958008,97.8214263916016,66.3966369628906,123.447006225586,4
71,122,10.6071424484253,0.0,0.0,251.18782043457,4
254,133,37.7142868041992,182.678573608398,50.4122581481934,271.583435058594,4
287,183,311.142852783203,242.785720825195,0.0,302.713531494141,2
155,51,2.35714292526245,116.678573608398,99.594955444336,132.034622192383,4
154,121,156.75,107.25,119.268028259277,238.306396484375,4
274,111,0.0,111.964286804199,2.45913457870483,36.4973754882812,4
104,54,0.0,0.0,0.0,217.91081237793,4
368,96,596.357116699219,8.25,542.239196777344,100.904510498047,1
314,49,558.642883300781,28.2857151031494,584.044494628906,18.2486877441406,1
155,59,101.357139587402,77.7857131958008,83.610580444336,279.097595214844,4
249,112,71.8928604125977,152.035720825195,163.532455444336,74.0682067871094,4
190,91,552.75,23.5714282989502,684.869018554688,2.14690446853638,1
354,55,551.571411132812,232.178573608398,655.359375,229.718780517578,1
112,46,84.8571395874023,0.0,0.0,0.0,4
284,252,183.857147216797,350.035705566406,170.909851074219,356.386138916016,4
83,58,132.0,165.0,61.4783668518066,249.040924072266,4
489,104,101.357139587402,627.0,555.764404296875,711.698852539062,3
329,87,140.25,53.0357131958008,59.019229888916,270.509979248047,4
260,101,531.535705566406,225.107147216797,673.802856445312,157.797485351562,1
82,198,163.821426391602,154.392852783203,169.680282592773,295.199371337891,4
156,101,183.857147216797,233.357147216797,256.979553222656,287.685211181641,4
207,207,103.714286804199,111.964286804199,113.120193481445,245.820571899414,4
167,196,476.142852783203,348.857147216797,639.375,374.634826660156,1
388,151,103.714286804199,264.0,103.283653259277,201.809020996094,4
133,75,134.357147216797,109.607139587402,244.683898925781,187.854141235352,4
149,96,132.0,30.6428565979004,274.193511962891,186.780685424805,4
222,89,109.607139587402,545.678588867188,640.604553222656,658.026245117188,3
79,64,188.571426391602,12.9642858505249,0.0,271.583435058594,4
61,70,0.0,61.2857131958008,130.334136962891,21.4690456390381,4
375,244,239.25,321.75,269.275238037109,361.75341796875,2
265,69,108.428573608398,421.928558349609,596.340148925781,619.381958007812,3
250,108,155.571426391602,117.857139587402,7.3774037361145,286.611755371094,4
129,58,469.071441650391,190.928573608398,597.569702148438,226.498428344727,1
175,82,0.0,81.3214263916016,186.894226074219,242.600204467773,4
202,91,0.0,240.428573608398,183.205535888672,247.967468261719,4
119,59,0.0,135.535720825195,0.0,170.678909301758,4
168,38,61.2857131958008,116.678573608398,164.762023925781,266.216156005859,4
347,207,0.0,160.285720825195,147.548080444336,354.2392578125,4
287,151,0.0,187.392852783203,86.069709777832,366.047210693359,4
278,145,0.0,0.0,178.287261962891,176.046173095703,4
78,33,0.0,119.035713195801,122.956733703613,279.097595214844,4
265,90,33.0,440.785705566406,592.651428222656,632.263366699219,3
286,239,183.857147216797,352.392852783203,138.941101074219,177.11962890625,4
137,190,0.0,0.0,93.4471130371094,107.345222473145,4
70,44,45.9642868041992,34.1785697937012,23.3617782592773,187.854141235352,4
201,111,128.464279174805,196.821426391602,188.123794555664,138.475341796875,4
100,72,186.214279174805,216.857147216797,232.388214111328,94.4637985229492,4
392,103,634.071411132812,155.571426391602,638.145446777344,171.752365112305,1
63,90,0.0,0.0,0.0,195.368316650391,4
130,69,37.7142868041992,443.142852783203,613.554077148438,640.851013183594,3
105,51,0.0,0.0,0.0,363.900329589844,4
104,230,0.0,114.321426391602,71.3149032592773,347.798522949219,4
128,60,533.892883300781,175.607147216797,591.421875,217.91081237793,1
95,13,0.0,0.0,95.90625,48.3053512573242,4
69,97,0.0,7.07142877578735,0.0,181.413436889648,4
190,113,579.857116699219,140.25,783.234375,88.0230865478516,1
189,129,179.142852783203,160.285720825195,161.073318481445,278.024139404297,4
168,88,0.0,0.0,57.789665222168,311.301147460938,4
268,314,300.535705566406,212.142852783203,259.438690185547,287.685211181641,2
189,114,57.75,509.142852783203,722.985595703125,649.438598632812,3
315,109,76.6071395874023,608.142883300781,668.884643554688,697.743957519531,3
271,160,80.1428604125977,241.607147216797,255.75,211.470092773438,4
440,143,90.75,75.4285736083984,0.0,143.84260559082,4
81,103,127.285713195801,40.0714302062988,164.762023925781,307.007354736328,4
87,157,0.0,222.75,0.0,221.131164550781,4
195,105,110.785713195801,137.892852783203,4.91826915740967,97.6841583251953,4
274,146,64.8214263916016,584.571411132812,651.670654296875,712.772277832031,3
95,59,51.8571434020996,209.785720825195,255.75,325.256042480469,4
474,135,93.1071395874023,168.535720825195,50.4122581481934,359.606506347656,4
398,82,588.107116699219,0.0,568.060119628906,251.18782043457,1
59,100,0.0,0.0,51.6418266296387,312.374603271484,4
164,91,0.0,535.071411132812,635.686279296875,642.997924804688,3
321,67,584.571411132812,75.4285736083984,667.655029296875,107.345222473145,1
243,111,60.1071434020996,482.035705566406,640.604553222656,681.642211914062,3
145,51,73.0714263916016,0.0,105.742790222168,287.685211181641,4
168,38,94.2857131958008,8.25,247.143035888672,89.0965347290039,4
221,89,0.0,0.0,265.586547851562,271.583435058594,4
149,151,0.0,134.357147216797,135.252410888672,244.747116088867,4
220,113,45.9642868041992,222.75,76.233169555664,276.95068359375,4
73,137,99.0,0.0,138.941101074219,210.396636962891,4
377,98,605.785705566406,135.535720825195,629.538452148438,221.131164550781,1
147,80,116.678573608398,215.678573608398,109.431488037109,289.832122802734,4
89,48,83.6785736083984,33.0,78.6923065185547,269.4365234375,4
119,30,34.1785697937012,67.1785736083984,275.423065185547,218.984252929688,4
389,82,624.642883300781,134.357147216797,683.639404296875,168.531997680664,1
206,67,84.8571395874023,12.9642858505249,49.1826934814453,283.391387939453,4
68,30,0.0,154.392852783203,0.0,77.288558959961,4
80,38,0.0,22.3928565979004,0.0,123.447006225586,4
213,142,61.2857131958008,222.75,79.921875,265.142700195312,4
265,91,78.9642868041992,42.4285697937012,0.0,207.176284790039,4
360,77,612.857116699219,154.392852783203,691.016845703125,234.012588500977,1
313,128,526.821411132812,229.821426391602,595.110595703125,266.216156005859,1
94,63,0.0,0.0,29.509614944458,0.0,4
81,61,94.2857131958008,0.0,97.1358184814453,208.249740600586,4
406,123,168.535720825195,27.1071434020996,258.209136962891,0.0,4
86,45,0.0,53.0357131958008,163.532455444336,287.685211181641,4
62,67,0.0,0.0,0.0,129.887725830078,4
162,366,0.0,0.0,145.088943481445,133.10807800293,4
130,64,491.464294433594,0.0,581.585327148438,196.441757202148,1
136,158,3.53571438789368,106.071426391602,57.789665222168,200.735565185547,4
274,150,188.571426391602,0.0,11.0661058425903,32.2035675048828,4
129,97,132.0,0.0,45.4939918518066,286.611755371094,4
245,128,0.0,352.392852783203,645.522827148438,624.749206542969,3
135,73,121.392860412598,25.9285717010498,34.4278831481934,25.7628536224365,4
307,161,288.75,173.25,179.516830444336,206.102828979492,2
279,70,552.75,0.0,593.880981445312,0.0,1
366,80,150.857147216797,189.75,217.633407592773,198.588668823242,4
176,186,0.0,175.607147216797,244.683898925781,304.860443115234,4
92,65,0.0,174.428573608398,206.567306518555,66.5540390014648,4
322,107,102.535713195801,80.1428604125977,63.9375,212.543548583984,4
205,105,596.357116699219,219.214279174805,662.736755371094,252.261276245117,1
177,105,56.5714302062988,161.464279174805,179.516830444336,85.8761825561523,4
63,30,0.0,135.535720825195,22.1322116851807,216.837356567383,4
225,124,74.25,0.0,63.9375,293.052459716797,4
310,81,8.25,49.5,0.0,125.593910217285,4
97,26,70.7142868041992,159.107147216797,0.0,325.256042480469,4
66,97,0.0,23.5714282989502,172.139419555664,159.944381713867,4
95,101,40.0714302062988,134.357147216797,129.104568481445,0.0,4
250,162,75.4285736083984,281.678558349609,215.174285888672,296.272827148438,4
249,111,84.8571395874023,137.892852783203,41.805290222168,276.95068359375,4
99,78,16.5,124.928573608398,7.3774037361145,333.843658447266,4
61,138,0.0,0.0,113.120193481445,242.600204467773,4
90,146,0.0,55.3928565979004,189.353363037109,50.4522552490234,4
78,205,0.0,0.0,105.742790222168,170.678909301758,4
107,34,117.857139587402,0.0,35.6574516296387,95.537254333496,4
63,105,0.0,10.6071424484253,0.0,258.701995849609,4
196,110,190.928573608398,93.1071395874023,40.5757217407227,203.955932617188,4
92,33,12.9642858505249,167.357147216797,147.548080444336,195.368316650391,4
62,106,94.2857131958008,0.0,108.201919555664,206.102828979492,4
241,98,551.571411132812,0.0,639.375,311.301147460938,1
125,63,103.714286804199,117.857139587402,162.302886962891,211.470092773438,4
410,106,97.8214263916016,76.6071395874023,186.894226074219,95.537254333496,4
271,145,575.142883300781,236.892852783203,729.133422851562,237.232955932617,1
326,75,464.357147216797,0.0,566.830505371094,226.498428344727,1
483,89,601.071411132812,107.25,627.079345703125,144.916061401367,1
68,82,0.0,115.5,55.3305282592773,288.758666992188,4
233,130,87.2142868041992,152.035720825195,99.594955444336,76.2151107788086,4
364,168,193.285720825195,286.392852783203,103.283653259277,363.900329589844,4
79,95,63.6428565979004,48.3214302062988,0.0,82.6558227539062,4
209,70,509.142852783203,0.0,684.869018554688,256.555084228516,1
84,44,24.75,0.0,70.085334777832,258.701995849609,4
187,307,223.928573608398,314.678558349609,49.1826934814453,300.566619873047,2
153,45,0.0,127.285713195801,124.186294555664,236.15950012207,4
72,27,0.0,81.3214263916016,103.283653259277,215.763900756836,4
232,138,148.5,201.535720825195,47.953125,264.069244384766,4
261,127,25.9285717010498,40.0714302062988,186.894226074219,355.312683105469,4
196,265,0.0,102.535713195801,163.532455444336,199.662124633789,4
430,85,557.464294433594,117.857139587402,620.931518554688,268.363067626953,1
96,39,93.1071395874023,139.071426391602,138.941101074219,214.690444946289,4
378,93,15.3214282989502,208.607147216797,0.0,288.758666992188,4
108,121,126.107139587402,219.214279174805,222.551681518555,255.481643676758,4
94,29,0.0,149.678573608398,115.579330444336,297.346282958984,4
318,111,83.6785736083984,0.0,134.022842407227,269.4365234375,4
136,203,248.678573608398,367.714294433594,287.71875,382.149017333984,2
169,81,23.5714282989502,101.357139587402,9.83653831481934,0.0,4
242,66,55.3928565979004,179.142852783203,309.850952148438,183.560333251953,4
193,74,540.964294433594,36.5357131958008,691.016845703125,173.899261474609,1
181,89,49.5,176.785720825195,99.594955444336,162.091293334961,4
106,44,42.4285697937012,107.25,122.956733703613,173.899261474609,4
398,70,0.0,599.892883300781,538.550476074219,646.21826171875,3
178,96,100.178573608398,198.0,76.233169555664,316.668426513672,4
444,125,170.892852783203,163.821426391602,127.875,251.18782043457,4
76,309,27.1071434020996,106.071426391602,0.0,0.0,4
179,310,264.0,414.857147216797,285.259613037109,426.160552978516,2
156,70,545.678588867188,126.107139587402,543.46875,266.216156005859,1
286,261,279.321441650391,364.178558349609,195.501205444336,274.803771972656,2
177,111,100.178573608398,115.5,193.042068481445,253.334732055664,4
340,163,190.928573608398,140.25,137.711532592773,258.701995849609,4
487,153,583.392883300781,218.035720825195,681.180297851562,124.520462036133,1
184,110,524.464294433594,23.5714282989502,729.133422851562,144.916061401367,1
201,88,0.0,0.0,141.400238037109,72.9947509765625,4
114,27,35.3571434020996,83.6785736083984,215.174285888672,134.181533813477,4
218,105,535.071411132812,109.607139587402,561.912231445312,312.374603271484,1
216,135,96.6428604125977,136.714279174805,142.629806518555,295.199371337891,4
169,204,0.0,56.5714302062988,221.322113037109,109.492126464844,4
387,86,91.9285736083984,132.0,104.513221740723,267.289611816406,4
180,92,30.6428565979004,48.3214302062988,28.2800483703613,272.656860351562,4
341,72,578.678588867188,0.0,547.157470703125,215.763900756836,1
529,142,649.392883300781,25.9285717010498,649.211547851562,230.792236328125,1
541,152,143.785720825195,192.107147216797,79.921875,1.07345223426819,4
309,89,0.0,80.1428604125977,6.14783668518066,132.034622192383,4
72,244,0.0,101.357139587402,52.871395111084,213.617004394531,4
86,48,53.0357131958008,0.0,63.9375,264.069244384766,4
216,131,68.3571395874023,17.6785717010498,145.088943481445,367.120666503906,4
178,73,96.6428604125977,194.464279174805,98.3653869628906,48.3053512573242,4
265,144,0.0,340.607147216797,622.161071777344,694.523620605469,3
62,56,0.0,63.6428565979004,0.0,173.899261474609,4
61,75,88.3928604125977,0.0,111.890625,255.481643676758,4
60,64,0.0,0.0,102.054084777832,295.199371337891,4
460,89,625.821411132812,36.5357131958008,661.507202148438,90.1699905395508,1
375,80,0.0,69.5357131958008,127.875,169.605453491211,4
252,100,0.0,10.6071424484253,153.695907592773,344.578186035156,4
167,68,198.0,249.857147216797,279.111785888672,266.216156005859,4
97,42,14.1428575515747,0.0,0.0,290.905548095703,4
179,84,563.357116699219,15.3214282989502,757.413452148438,0.0,1
84,29,0.0,86.0357131958008,105.742790222168,274.803771972656,4
398,119,37.7142868041992,24.75,151.236785888672,0.0,4
67,37,0.0,64.8214263916016,98.3653869628906,224.351516723633,4
283,147,140.25,254.571426391602,84.8401412963867,287.685211181641,4
400,98,616.392883300781,49.5,650.441101074219,0.0,1
330,149,71.8928604125977,135.535720825195,148.777648925781,200.735565185547,4
145,72,67.1785736083984,35.3571434020996,0.0,229.718780517578,4
91,69,0.0,0.0,129.104568481445,271.583435058594,4
238,115,54.2142868041992,135.535720825195,97.1358184814453,246.894012451172,4
139,57,156.75,234.535720825195,232.388214111328,96.6107025146484,4
265,112,16.5,526.821411132812,644.293273925781,677.348388671875,3
178,144,51.8571434020996,186.214279174805,225.010818481445,276.95068359375,4
235,121,76.6071395874023,589.285705566406,647.981994628906,732.094421386719,3
334,115,53.0357131958008,18.8571434020996,153.695907592773,264.069244384766,4
163,186,0.0,43.6071434020996,189.353363037109,101.977966308594,4
222,149,577.5,140.25,769.709106445312,270.509979248047,1
353,168,130.821426391602,119.035713195801,177.057693481445,256.555084228516,4
61,185,245.142852783203,239.25,111.890625,428.307464599609,2
339,67,497.357147216797,0.0,566.830505371094,258.701995849609,1
303,190,76.6071395874023,94.2857131958008,137.711532592773,323.109130859375,4
67,15,0.0,57.75,0.0,136.328430175781,4
163,96,29.4642848968506,185.035720825195,0.0,265.142700195312,4
354,482,0.0,81.3214263916016,229.929092407227,0.0,4
242,214,142.607147216797,267.535705566406,22.1322116851807,330.623291015625,4
77,77,71.8928604125977,15.3214282989502,0.0,170.678909301758,4
124,81,0.0,0.0,44.2644233703613,220.057708740234,4
176,97,51.8571434020996,222.75,113.120193481445,273.730316162109,4
62,71,0.0,12.9642858505249,97.1358184814453,48.3053512573242,4
418,137,198.0,307.607147216797,559.453125,802.942260742188,3
440,100,0.0,139.071426391602,118.038459777832,290.905548095703,4
71,68,0.0,77.7857131958008,0.0,273.730316162109,4
353,107,608.142883300781,148.5,699.623779296875,120.226654052734,1
60,56,21.2142848968506,0.0,0.0,281.244476318359,4
286,113,0.0,0.0,0.0,0.0,4
163,69,0.0,89.5714263916016,0.0,91.2434387207031,4
218,111,132.0,129.642852783203,188.123794555664,281.244476318359,4
442,98,251.035720825195,682.392883300781,545.927856445312,763.224548339844,3
266,155,134.357147216797,528.0,659.048095703125,698.817443847656,3
105,87,3.53571438789368,213.321426391602,73.774040222168,137.401885986328,4
132,203,28.2857151031494,0.0,34.4278831481934,230.792236328125,4
244,200,100.178573608398,143.785720825195,84.8401412963867,305.933898925781,4
125,62,113.142860412598,49.5,0.0,279.097595214844,4
228,121,167.357147216797,117.857139587402,158.614181518555,267.289611816406,4
448,117,590.464294433594,21.2142848968506,670.114196777344,76.2151107788086,1
86,79,7.07142877578735,207.428573608398,11.0661058425903,291.97900390625,4
157,45,55.3928565979004,143.785720825195,65.1670684814453,298.419738769531,4
420,120,170.892852783203,0.0,127.875,8.5876178741455,4
239,114,188.571426391602,126.107139587402,195.501205444336,297.346282958984,4
220,150,201.535720825195,656.464294433594,681.180297851562,731.02099609375,3
227,70,0.0,536.25,608.635803222656,666.613830566406,3
455,111,635.25,128.464279174805,716.837768554688,246.894012451172,1
233,114,492.642852783203,50.6785697937012,659.048095703125,270.509979248047,1
143,73,88.3928604125977,90.75,8.60697078704834,24.6894016265869,4
169,260,0.0,69.5357131958008,60.2487983703613,127.740821838379,4
468,134,0.0,0.0,121.727165222168,157.797485351562,4
218,114,167.357147216797,179.142852783203,190.582931518555,195.368316650391,4
66,77,0.0,81.3214263916016,33.1983184814453,75.1416549682617,4
62,95,185.035720825195,183.857147216797,54.100959777832,203.955932617188,4
158,72,564.535705566406,206.25,736.510803222656,284.46484375,1
175,86,545.678588867188,0.0,652.900268554688,264.069244384766,1
182,162,543.321411132812,192.107147216797,670.114196777344,0.0,1
298,157,102.535713195801,219.214279174805,253.290863037109,250.114379882812,4
97,114,16.5,111.964286804199,97.1358184814453,155.650573730469,4
204,119,535.071411132812,160.285720825195,687.328125,199.662124633789,1
225,147,202.714279174805,262.821441650391,148.777648925781,179.266525268555,4
209,118,170.892852783203,222.75,282.800476074219,70.8478469848633,4
395,87,634.071411132812,107.25,630.768005371094,8.5876178741455,1
390,84,139.071426391602,150.857147216797,0.0,56.8929710388184,4
315,74,545.678588867188,0.0,668.884643554688,77.288558959961,1
395,100,559.821411132812,147.321426391602,604.947143554688,162.091293334961,1
297,148,168.535720825195,199.178573608398,543.46875,334.917114257812,4
91,33,0.0,0.0,110.661056518555,213.617004394531,4
255,129,108.428573608398,213.321426391602,98.3653869628906,243.67366027832,4
68,34,81.3214263916016,116.678573608398,0.0,250.114379882812,4
341,182,173.25,203.892852783203,194.271636962891,231.865692138672,4
131,233,18.8571434020996,0.0,102.054084777832,284.46484375,4
290,127,113.142860412598,228.642852783203,98.3653869628906,283.391387939453,4
79,39,0.0,0.0,11.0661058425903,201.809020996094,4
399,104,188.571426391602,142.607147216797,169.680282592773,140.62223815918,4
199,100,83.6785736083984,255.75,93.4471130371094,343.504730224609,4
114,224,0.0,172.071426391602,13.525239944458,163.164749145508,4
169,90,117.857139587402,135.535720825195,87.2992782592773,208.249740600586,4
331,77,592.821411132812,25.9285717010498,662.736755371094,271.583435058594,1
69,41,0.0,38.8928565979004,45.4939918518066,147.062957763672,4
196,79,513.857116699219,121.392860412598,662.736755371094,176.046173095703,1
63,85,0.0,150.857147216797,0.0,229.718780517578,4
166,100,103.714286804199,101.357139587402,72.5444717407227,191.074508666992,4
244,80,0.0,176.785720825195,150.007217407227,260.848907470703,4
121,330,0.0,142.607147216797,159.84375,173.899261474609,4
95,58,0.0,0.0,61.4783668518066,251.18782043457,4
302,165,182.678573608398,122.571426391602,228.699523925781,190.001052856445,4
333,69,543.321411132812,0.0,691.016845703125,130.961181640625,1
179,80,95.4642868041992,231.0,90.9879837036133,293.052459716797,4
200,113,36.5357131958008,113.142860412598,118.038459777832,230.792236328125,4
134,262,326.464294433594,340.607147216797,168.450714111328,416.499481201172,2
194,107,121.392860412598,156.75,79.921875,302.713531494141,4
256,81,42.4285697937012,649.392883300781,652.900268554688,694.523620605469,3
322,80,120.214286804199,463.178558349609,622.161071777344,603.280151367188,3
72,70,58.9285697937012,94.2857131958008,0.0,229.718780517578,4
276,145,91.9285736083984,37.7142868041992,88.5288467407227,142.769149780273,4
366,75,84.8571395874023,0.0,71.3149032592773,33.2770195007324,4
507,96,643.5,185.035720825195,608.635803222656,188.927597045898,1
141,36,23.5714282989502,117.857139587402,207.796875,122.373558044434,4
137,63,187.392852783203,199.178573608398,181.975967407227,308.080810546875,4
206,100,106.071426391602,168.535720825195,0.0,252.261276245117,4
78,31,0.0,78.9642868041992,186.894226074219,182.486877441406,4
99,147,0.0,3.53571438789368,177.057693481445,213.617004394531,4
156,75,115.5,106.071426391602,127.875,95.537254333496,4
331,142,45.9642868041992,161.464279174805,83.610580444336,251.18782043457,4
160,273,285.214294433594,348.857147216797,193.042068481445,374.634826660156,2
363,61,86.0357131958008,701.25,600.028869628906,734.241333007812,3
226,75,0.0,0.0,66.3966369628906,31.1301155090332,4
408,158,9.4285717010498,134.357147216797,320.917053222656,191.074508666992,4
149,73,0.0,107.25,180.746398925781,265.142700195312,4
363,104,89.5714263916016,67.1785736083984,0.0,185.707244873047,4
85,93,0.0,0.0,14.754807472229,272.656860351562,4
335,94,0.0,186.214279174805,61.4783668518066,112.71248626709,4
98,116,51.8571434020996,75.4285736083984,0.0,217.91081237793,4
227,78,530.357116699219,189.75,635.686279296875,149.209869384766,1
216,113,30.6428565979004,531.535705566406,643.063720703125,677.348388671875,3
139,63,0.0,17.6785717010498,3.68870186805725,169.605453491211,4
456,95,93.1071395874023,586.928588867188,499.204315185547,665.540405273438,3
87,134,0.0,66.0,0.0,286.611755371094,4
85,85,0.0,62.4642868041992,0.0,253.334732055664,4
247,138,34.1785697937012,213.321426391602,73.774040222168,310.227691650391,4
419,150,117.857139587402,40.0714302062988,125.415863037109,575.370422363281,3
186,113,70.7142868041992,156.75,222.551681518555,229.718780517578,4
72,92,0.0,36.5357131958008,0.0,134.181533813477,4
228,97,87.2142868041992,127.285713195801,121.727165222168,285.538299560547,4
271,168,31.8214282989502,133.178573608398,265.586547851562,158.870941162109,4
76,58,0.0,122.571426391602,0.0,240.453308105469,4
516,127,609.321411132812,61.2857131958008,630.768005371094,222.204620361328,1
384,95,129.642852783203,146.142852783203,201.649032592773,269.4365234375,4
374,123,64.8214263916016,17.6785717010498,242.224761962891,279.097595214844,4
217,87,0.0,114.321426391602,29.509614944458,190.001052856445,4
271,119,53.0357131958008,288.75,223.78125,296.272827148438,4
74,32,0.0,0.0,90.9879837036133,0.0,4
222,79,120.214286804199,111.964286804199,158.614181518555,0.0,4
80,40,0.0,0.0,0.0,0.0,4
163,78,469.071441650391,77.7857131958008,629.538452148438,194.294860839844,1
188,96,486.75,107.25,585.274047851562,260.848907470703,1
349,78,106.071426391602,88.3928604125977,73.774040222168,237.232955932617,4
193,84,0.0,542.142883300781,620.931518554688,638.7041015625,3
184,105,0.0,156.75,61.4783668518066,301.640075683594,4
340,102,573.964294433594,201.535720825195,565.600952148438,316.668426513672,1
94,44,60.1071434020996,196.821426391602,188.123794555664,156.724029541016,4
155,70,0.0,35.3571434020996,9.83653831481934,173.899261474609,4
129,77,0.0,432.535705566406,493.056488037109,629.043029785156,3
102,112,67.1785736083984,139.071426391602,132.793273925781,296.272827148438,4
151,285,260.464294433594,358.285705566406,265.586547851562,338.137451171875,2
268,192,156.75,238.071426391602,130.334136962891,49.3788032531738,4
161,109,566.892883300781,255.75,782.004821777344,227.571884155273,1
120,46,109.607139587402,56.5714302062988,138.941101074219,294.125915527344,4
314,101,555.107116699219,83.6785736083984,730.362976074219,139.548797607422,1
107,60,0.0,51.8571434020996,0.0,157.797485351562,4
98,67,550.392883300781,0.0,714.378601074219,269.4365234375,1
136,41,0.0,0.0,159.84375,246.894012451172,4
195,46,536.25,68.3571395874023,699.623779296875,242.600204467773,1
464,119,675.321411132812,129.642852783203,711.919494628906,0.0,1
335,96,47.1428565979004,524.464294433594,676.262023925781,595.765991210938,3
164,111,88.3928604125977,236.892852783203,0.0,244.747116088867,4
321,57,519.75,154.392852783203,647.981994628906,200.735565185547,1
87,54,0.0,0.0,0.0,259.775451660156,4
180,114,0.0,83.6785736083984,0.0,88.0230865478516,4
106,26,0.0,0.0,0.0,130.961181640625,4
221,132,144.964279174805,0.0,131.563705444336,200.735565185547,4
350,76,25.9285717010498,229.821426391602,28.2800483703613,171.752365112305,4
66,76,0.0,167.357147216797,188.123794555664,198.588668823242,4
74,135,137.892852783203,256.928558349609,72.5444717407227,346.725067138672,4
165,84,0.0,108.428573608398,151.236785888672,153.503677368164,4
109,43,96.6428604125977,0.0,72.5444717407227,182.486877441406,4
343,125,610.5,18.8571434020996,681.180297851562,108.418678283691,1
87,39,0.0,0.0,79.921875,212.543548583984,4
221,50,47.1428565979004,162.642852783203,162.302886962891,295.199371337891,4
86,150,0.0,0.0,28.2800483703613,153.503677368164,4
435,110,88.3928604125977,53.0357131958008,105.742790222168,0.0,4
68,38,51.8571434020996,168.535720825195,82.3810119628906,3.22035670280457,4
552,382,330.0,430.178558349609,277.882202148438,410.058776855469,2
178,83,21.2142848968506,88.3928604125977,120.497596740723,171.752365112305,4
333,191,175.607147216797,331.178558349609,61.4783668518066,273.730316162109,4
317,95,121.392860412598,16.5,0.0,326.329498291016,4
90,80,70.7142868041992,0.0,63.9375,297.346282958984,4
219,114,37.7142868041992,18.8571434020996,131.563705444336,111.639038085938,4
289,152,146.142852783203,232.178573608398,215.174285888672,113.785942077637,4
139,327,187.392852783203,291.107147216797,261.897827148438,247.967468261719,4
224,103,128.464279174805,71.8928604125977,12.2956733703613,126.667366027832,4
202,97,89.5714263916016,5.89285707473755,143.859375,0.0,4
301,107,23.5714282989502,535.071411132812,591.421875,673.054565429688,3
306,89,113.142860412598,373.607147216797,545.927856445312,652.658996582031,3
171,89,86.0357131958008,114.321426391602,36.887020111084,5.36726140975952,4
79,60,0.0,0.0,44.2644233703613,234.012588500977,4
96,32,0.0,87.2142868041992,70.085334777832,0.0,4
61,44,71.8928604125977,0.0,0.0,20.3955936431885,4
128,197,312.321441650391,324.107147216797,295.096160888672,340.284362792969,2
167,51,0.0,0.0,150.007217407227,269.4365234375,4
150,85,68.3571395874023,188.571426391602,28.2800483703613,320.962219238281,4
411,76,34.1785697937012,157.928573608398,0.0,196.441757202148,4
339,93,73.0714263916016,88.3928604125977,41.805290222168,212.543548583984,4
139,64,119.035713195801,0.0,78.6923065185547,230.792236328125,4
267,176,183.857147216797,152.035720825195,146.318511962891,149.209869384766,4
332,191,188.571426391602,234.535720825195,199.189910888672,158.870941162109,4
180,35,0.0,62.4642868041992,90.9879837036133,135.254989624023,4
62,49,0.0,0.0,164.762023925781,162.091293334961,4
193,177,106.071426391602,229.821426391602,138.941101074219,181.413436889648,4
242,276,173.25,292.285705566406,162.302886962891,358.533050537109,4
161,74,443.142852783203,113.142860412598,703.3125,211.470092773438,1
166,90,484.392852783203,227.464279174805,687.328125,166.385101318359,1
95,40,0.0,0.0,150.007217407227,246.894012451172,4
158,163,304.071441650391,281.678558349609,190.582931518555,262.995788574219,2
77,13,87.2142868041992,88.3928604125977,13.525239944458,247.967468261719,4
198,244,182.678573608398,324.107147216797,205.337738037109,317.741882324219,4
145,117,47.1428565979004,672.964294433594,734.051696777344,721.359924316406,3
84,53,0.0,30.6428565979004,154.925476074219,287.685211181641,4
70,65,165.0,144.964279174805,6.14783668518066,199.662124633789,4
191,184,108.428573608398,240.428573608398,46.7235565185547,132.034622192383,4
204,111,114.321426391602,130.821426391602,136.481964111328,242.600204467773,4
260,275,195.642852783203,319.392852783203,200.419464111328,309.154235839844,4
130,91,64.8214263916016,139.071426391602,0.0,249.040924072266,4
90,80,123.75,35.3571434020996,0.0,316.668426513672,4
221,101,0.0,76.6071395874023,121.727165222168,266.216156005859,4
274,129,109.607139587402,58.9285697937012,9.83653831481934,143.84260559082,4
412,97,550.392883300781,147.321426391602,630.768005371094,205.029388427734,1
219,133,553.928588867188,0.0,734.051696777344,147.062957763672,1
221,122,584.571411132812,69.5357131958008,789.382202148438,197.515213012695,1
82,208,0.0,0.0,109.431488037109,291.97900390625,4
206,197,29.4642848968506,271.071441650391,212.715148925781,224.351516723633,4
472,147,647.035705566406,23.5714282989502,577.896606445312,311.301147460938,1
299,124,50.6785697937012,176.785720825195,164.762023925781,287.685211181641,4
467,196,565.714294433594,108.428573608398,575.4375,261.92236328125,1
332,87,523.285705566406,109.607139587402,638.145446777344,236.15950012207,1
68,30,0.0,213.321426391602,146.318511962891,176.046173095703,4
307,98,66.0,225.107147216797,62.7079315185547,145.989501953125,4
420,140,591.642883300781,3.53571438789368,687.328125,202.882476806641,1
218,161,179.142852783203,106.071426391602,196.730773925781,243.67366027832,4
349,64,133.178573608398,186.214279174805,291.407440185547,213.617004394531,4
462,102,173.25,68.3571395874023,98.3653869628906,223.278076171875,4
203,98,70.7142868041992,578.678588867188,581.585327148438,677.348388671875,3
153,157,311.142852783203,309.964294433594,159.84375,318.815307617188,2
266,133,0.0,168.535720825195,50.4122581481934,115.932846069336,4
90,186,80.1428604125977,0.0,35.6574516296387,209.323196411133,4
192,119,40.0714302062988,0.0,141.400238037109,188.927597045898,4
347,96,56.5714302062988,9.4285717010498,259.438690185547,112.71248626709,4
220,270,53.0357131958008,31.8214282989502,258.209136962891,246.894012451172,4
196,112,89.5714263916016,61.2857131958008,142.629806518555,345.651611328125,4
221,139,130.821426391602,0.0,92.217544555664,223.278076171875,4
221,124,0.0,228.642852783203,0.0,307.007354736328,4
227,120,83.6785736083984,232.178573608398,2.45913457870483,183.560333251953,4
487,128,0.0,152.035720825195,347.967559814453,296.272827148438,4
162,177,225.107147216797,289.928558349609,245.913467407227,278.024139404297,2
132,61,63.6428565979004,0.0,134.022842407227,239.379852294922,4
165,21,128.464279174805,11.7857141494751,65.1670684814453,122.373558044434,4
79,101,0.0,231.0,60.2487983703613,122.373558044434,4
340,94,598.714294433594,106.071426391602,485.679077148438,158.870941162109,1
73,85,12.9642858505249,0.0,116.808891296387,221.131164550781,4
115,66,549.214294433594,100.178573608398,705.771606445312,163.164749145508,1
188,201,0.0,206.25,150.007217407227,167.458557128906,4
361,72,565.714294433594,132.0,560.682678222656,251.18782043457,1
92,22,17.6785717010498,99.0,0.0,244.747116088867,4
88,71,0.0,0.0,102.054084777832,89.0965347290039,4
144,192,305.25,361.821441650391,258.209136962891,305.933898925781,2
102,264,89.5714263916016,0.0,45.4939918518066,304.860443115234,4
360,124,132.0,169.714279174805,159.84375,262.995788574219,4
250,124,631.714294433594,253.392852783203,794.300476074219,268.363067626953,1
347,87,576.321411132812,175.607147216797,529.943481445312,264.069244384766,1
79,88,91.9285736083984,53.0357131958008,122.956733703613,137.401885986328,4
333,108,604.607116699219,0.0,678.721130371094,267.289611816406,1
134,118,0.0,0.0,132.793273925781,290.905548095703,4
189,106,80.1428604125977,490.285705566406,580.355773925781,667.687316894531,3
207,119,67.1785736083984,0.0,231.158660888672,278.024139404297,4
85,54,78.9642868041992,0.0,51.6418266296387,30.0566635131836,4
250,200,302.892852783203,318.214294433594,137.711532592773,358.533050537109,2
244,92,29.4642848968506,47.1428565979004,6.14783668518066,218.984252929688,4
188,64,0.0,185.035720825195,0.0,274.803771972656,4
237,109,77.7857131958008,62.4642868041992,0.0,253.334732055664,4
128,38,0.0,0.0,0.0,0.0,4
453,102,0.0,0.0,174.598556518555,37.5708274841309,4
296,101,139.071426391602,543.321411132812,570.519226074219,653.732421875,3
126,59,0.0,0.0,114.349761962891,240.453308105469,4
461,237,168.535720825195,16.5,111.890625,257.628540039062,4
284,101,165.0,548.035705566406,579.126220703125,660.173156738281,3
188,214,202.714279174805,286.392852783203,242.224761962891,315.594970703125,4
143,280,285.214294433594,361.821441650391,291.407440185547,376.78173828125,2
285,194,176.785720825195,0.0,165.991592407227,247.967468261719,4
115,191,0.0,15.3214282989502,0.0,177.11962890625,4
204,110,11.7857141494751,566.892883300781,543.46875,667.687316894531,3
346,89,608.142883300781,76.6071395874023,657.818481445312,197.515213012695,1
266,217,74.25,113.142860412598,17.2139415740967,230.792236328125,4
163,102,0.0,107.25,134.022842407227,209.323196411133,4
131,57,0.0,0.0,55.3305282592773,169.605453491211,4
61,41,41.25,33.0,0.0,190.001052856445,4
94,199,0.0,127.285713195801,47.953125,26.8363056182861,4
196,124,579.857116699219,0.0,666.425476074219,209.323196411133,1
390,251,295.821441650391,332.357147216797,253.290863037109,410.058776855469,2
187,80,0.0,0.0,146.318511962891,61.1867790222168,4
102,67,0.0,37.7142868041992,0.0,217.91081237793,4
69,48,91.9285736083984,0.0,11.0661058425903,246.894012451172,4
106,65,25.9285717010498,83.6785736083984,173.368988037109,197.515213012695,4
271,162,77.7857131958008,222.75,100.824516296387,183.560333251953,4
206,106,71.8928604125977,187.392852783203,165.991592407227,266.216156005859,4
117,69,8.25,77.7857131958008,70.085334777832,217.91081237793,4
211,91,0.0,0.0,253.290863037109,0.0,4
443,104,126.107139587402,0.0,157.384613037109,183.560333251953,4
324,78,507.964294433594,0.0,617.242797851562,137.401885986328,1
184,416,21.2142848968506,179.142852783203,0.0,223.278076171875,4
240,112,165.0,221.571426391602,0.0,0.0,4
135,223,255.75,319.392852783203,15.984375,368.194122314453,2
440,99,0.0,73.0714263916016,197.960342407227,154.577117919922,4
118,31,71.8928604125977,0.0,0.0,171.752365112305,4
62,68,185.035720825195,28.2857151031494,113.120193481445,223.278076171875,4
378,317,275.785705566406,420.75,207.796875,393.956970214844,2
257,131,123.75,222.75,82.3810119628906,313.448059082031,4
205,122,0.0,0.0,183.205535888672,310.227691650391,4
272,67,195.642852783203,62.4642868041992,137.711532592773,0.0,4
175,63,86.0357131958008,0.0,159.84375,373.561370849609,4
111,269,96.6428604125977,0.0,152.466339111328,216.837356567383,4
73,60,0.0,170.892852783203,31.96875,169.605453491211,4
255,146,152.035720825195,100.178573608398,244.683898925781,255.481643676758,4
60,16,0.0,0.0,0.0,0.0,4
136,41,533.892883300781,10.6071424484253,743.888244628906,239.379852294922,1
248,71,15.3214282989502,78.9642868041992,121.727165222168,232.93913269043,4
80,56,30.6428565979004,0.0,3.68870186805725,173.899261474609,4
62,15,121.392860412598,96.6428604125977,82.3810119628906,229.718780517578,4
92,82,0.0,124.928573608398,245.913467407227,297.346282958984,4
269,97,549.214294433594,141.428573608398,601.258422851562,271.583435058594,1
252,134,0.0,189.75,0.0,0.0,4
101,33,0.0,135.535720825195,161.073318481445,247.967468261719,4
82,58,0.0,0.0,173.368988037109,121.300102233887,4
253,118,155.571426391602,120.214286804199,212.715148925781,242.600204467773,4
170,103,89.5714263916016,155.571426391602,57.789665222168,307.007354736328,4
407,108,182.678573608398,0.0,88.5288467407227,267.289611816406,4
496,140,675.321411132812,0.0,644.293273925781,237.232955932617,1
180,125,291.107147216797,228.642852783203,213.944717407227,283.391387939453,2
310,68,43.6071434020996,1.17857146263123,89.758415222168,123.447006225586,4
196,78,99.0,134.357147216797,209.026443481445,268.363067626953,4
169,458,0.0,0.0,103.283653259277,294.125915527344,4
149,233,0.0,87.2142868041992,89.758415222168,217.91081237793,4
289,161,139.071426391602,172.071426391602,175.828125,251.18782043457,4
514,172,137.892852783203,42.4285697937012,0.0,284.46484375,4
61,165,0.0,0.0,0.0,290.905548095703,4
319,97,176.785720825195,576.321411132812,581.585327148438,650.512084960938,3
277,123,77.7857131958008,122.571426391602,87.2992782592773,300.566619873047,4
203,94,188.571426391602,119.035713195801,49.1826934814453,226.498428344727,4
221,107,80.1428604125977,477.321441650391,600.028869628906,707.405029296875,3
188,83,564.535705566406,58.9285697937012,735.28125,120.226654052734,1
145,78,472.607147216797,9.4285717010498,593.880981445312,295.199371337891,1
332,130,28.2857151031494,427.821441650391,694.705505371094,704.184692382812,3
211,106,0.0,21.2142848968506,118.038459777832,296.272827148438,4
106,42,12.9642858505249,84.8571395874023,169.680282592773,264.069244384766,4
97,212,8.25,185.035720825195,0.0,273.730316162109,4
342,167,660.0,159.107147216797,726.674255371094,224.351516723633,1
369,80,34.1785697937012,57.75,236.076919555664,226.498428344727,4
163,87,122.571426391602,155.571426391602,204.108169555664,260.848907470703,4
82,109,0.0,25.9285717010498,0.0,36.4973754882812,4
256,30,0.0,76.6071395874023,231.158660888672,151.35676574707,4
294,145,190.928573608398,1.17857146263123,247.143035888672,211.470092773438,4
211,84,56.5714302062988,0.0,172.139419555664,180.339981079102,4
131,56,0.0,167.357147216797,11.0661058425903,243.67366027832,4
131,66,109.607139587402,465.535705566406,646.752380371094,609.720886230469,3
78,87,0.0,0.0,183.205535888672,158.870941162109,4
413,108,569.25,266.357147216797,616.013244628906,182.486877441406,1
203,140,83.6785736083984,221.571426391602,72.5444717407227,285.538299560547,4
180,152,0.0,9.4285717010498,159.84375,163.164749145508,4
68,46,0.0,141.428573608398,132.793273925781,217.91081237793,4
251,192,331.178558349609,320.571441650391,304.932678222656,284.46484375,2
133,63,491.464294433594,55.3928565979004,480.760803222656,23.6159496307373,1
198,83,536.25,115.5,693.475952148438,253.334732055664,1
268,127,80.1428604125977,652.928588867188,713.149047851562,683.7890625,3
350,70,512.678588867188,177.964279174805,518.877380371094,125.593910217285,1
113,143,31.8214282989502,0.0,77.4627380371094,0.0,4
132,67,0.0,86.0357131958008,4.91826915740967,253.334732055664,4
240,49,107.25,106.071426391602,131.563705444336,284.46484375,4
313,159,91.9285736083984,703.607116699219,581.585327148438,729.947509765625,3
194,105,553.928588867188,163.821426391602,672.573303222656,0.0,1
220,84,525.642883300781,140.25,672.573303222656,0.0,1
356,122,128.464279174805,155.571426391602,56.5600967407227,299.493194580078,4
83,95,188.571426391602,215.678573608398,190.582931518555,207.176284790039,4
330,107,568.071411132812,90.75,682.409851074219,232.93913269043,1
62,112,34.1785697937012,142.607147216797,0.0,95.537254333496,4
138,353,0.0,0.0,161.073318481445,249.040924072266,4
86,31,42.4285697937012,0.0,0.0,158.870941162109,4
114,28,0.0,0.0,0.0,211.470092773438,4
109,57,0.0,45.9642868041992,0.0,241.526763916016,4
89,92,23.5714282989502,38.8928565979004,35.6574516296387,255.481643676758,4
113,82,0.0,0.0,60.2487983703613,76.2151107788086,4
145,324,313.5,301.714294433594,202.878601074219,351.018890380859,2
531,151,0.0,99.0,167.221160888672,224.351516723633,4
211,117,84.8571395874023,556.285705566406,655.359375,634.410278320312,3
338,124,21.2142848968506,60.1071434020996,181.975967407227,247.967468261719,4
105,145,0.0,156.75,92.217544555664,289.832122802734,4
70,64,106.071426391602,0.0,0.0,280.171051025391,4
253,94,133.178573608398,20.0357151031494,163.532455444336,174.972717285156,4
395,90,526.821411132812,223.928573608398,692.246398925781,305.933898925781,1
223,152,0.0,577.5,611.094970703125,702.037780761719,3
226,91,146.142852783203,630.535705566406,724.215148925781,673.054565429688,3
115,74,78.9642868041992,33.0,238.536056518555,232.93913269043,4
420,118,14.1428575515747,260.464294433594,109.431488037109,262.995788574219,4
350,91,625.821411132812,188.571426391602,714.378601074219,230.792236328125,1
238,117,573.964294433594,49.5,579.126220703125,193.221405029297,1
267,154,140.25,183.857147216797,227.469955444336,302.713531494141,4
468,125,89.5714263916016,128.464279174805,168.450714111328,309.154235839844,4
267,133,0.0,109.607139587402,138.941101074219,185.707244873047,4
60,192,0.0,0.0,0.0,167.458557128906,4
385,105,75.4285736083984,0.0,63.9375,222.204620361328,4
88,64,201.535720825195,29.4642848968506,65.1670684814453,176.046173095703,4
98,102,0.0,11.7857141494751,138.941101074219,209.323196411133,4
290,279,268.714294433594,380.678558349609,184.435089111328,330.623291015625,2
281,127,114.321426391602,84.8571395874023,0.0,249.040924072266,4
158,29,0.0,0.0,89.758415222168,254.408187866211,4
122,55,502.071441650391,68.3571395874023,616.013244628906,237.232955932617,1
117,35,0.0,149.678573608398,47.953125,224.351516723633,4
110,111,20.0357151031494,155.571426391602,165.991592407227,192.14794921875,4
375,133,0.0,157.928573608398,38.116584777832,294.125915527344,4
327,117,0.0,538.607116699219,660.277648925781,676.27490234375,3
209,111,0.0,0.0,138.941101074219,234.012588500977,4
204,111,154.392852783203,0.0,207.796875,66.5540390014648,4
83,40,0.0,133.178573608398,0.0,40.791187286377,4
247,118,578.678588867188,0.0,602.487976074219,214.690444946289,1
63,67,0.0,48.3214302062988,0.0,139.548797607422,4
135,39,0.0,0.0,1.22956728935242,0.0,4
69,56,0.0,73.0714263916016,104.513221740723,39.7177352905273,4
210,262,198.0,297.0,167.221160888672,315.594970703125,4
321,104,102.535713195801,58.9285697937012,116.808891296387,0.0,4
79,49,10.6071424484253,81.3214263916016,0.0,254.408187866211,4
66,72,0.0,124.928573608398,82.3810119628906,291.97900390625,4
228,110,602.25,170.892852783203,772.168273925781,157.797485351562,1
399,107,113.142860412598,0.0,624.620178222656,33.2770195007324,4
160,105,123.75,0.0,177.057693481445,238.306396484375,4
92,74,25.9285717010498,148.5,0.0,217.91081237793,4
217,84,0.0,0.0,103.283653259277,220.057708740234,4
241,80,31.8214282989502,25.9285717010498,84.8401412963867,84.8027267456055,4
325,61,569.25,4.7142858505249,671.34375,244.747116088867,1
366,90,129.642852783203,652.928588867188,606.176696777344,736.388244628906,3
133,214,149.678573608398,199.178573608398,156.155044555664,310.227691650391,4
276,102,34.1785697937012,11.7857141494751,281.570922851562,157.797485351562,4
121,37,0.0,182.678573608398,164.762023925781,164.238189697266,4
117,61,27.1071434020996,120.214286804199,68.8557662963867,267.289611816406,4
258,93,0.0,103.714286804199,15.984375,234.012588500977,4
124,30,0.0,0.0,94.6766815185547,282.317932128906,4
143,158,14.1428575515747,106.071426391602,31.96875,54.7460632324219,4
95,112,51.8571434020996,0.0,0.0,218.984252929688,4
76,45,0.0,86.0357131958008,0.0,142.769149780273,4
82,55,73.0714263916016,121.392860412598,17.2139415740967,0.0,4
87,187,0.0,93.1071395874023,52.871395111084,272.656860351562,4
230,102,93.1071395874023,208.607147216797,0.0,364.973754882812,4
197,100,53.0357131958008,101.357139587402,183.205535888672,224.351516723633,4
146,233,269.892852783203,318.214294433594,114.349761962891,357.459594726562,2
103,240,77.7857131958008,183.857147216797,156.155044555664,227.571884155273,4
135,63,16.5,156.75,99.594955444336,242.600204467773,4
208,124,189.75,671.785705566406,654.129821777344,761.07763671875,3
347,98,0.0,0.0,130.334136962891,284.46484375,4
100,33,0.0,9.4285717010498,0.0,234.012588500977,4
277,75,141.428573608398,107.25,93.4471130371094,119.153198242188,4
169,88,156.75,0.0,146.318511962891,254.408187866211,4
117,141,0.0,8.25,0.0,182.486877441406,4
269,135,122.571426391602,114.321426391602,162.302886962891,316.668426513672,4
127,47,48.3214302062988,113.142860412598,184.435089111328,282.317932128906,4
211,73,30.6428565979004,629.357116699219,545.927856445312,611.867797851562,3
85,81,129.642852783203,1.17857146263123,174.598556518555,182.486877441406,4
502,180,117.857139587402,116.678573608398,119.268028259277,208.249740600586,4
344,178,0.0,147.321426391602,124.186294555664,250.114379882812,4
388,91,93.1071395874023,3.53571438789368,2.45913457870483,335.990570068359,4
106,33,143.785720825195,0.0,0.0,150.283309936523,4
69,48,21.2142848968506,0.0,222.551681518555,84.8027267456055,4
159,60,54.2142868041992,95.4642868041992,156.155044555664,0.0,4
96,264,61.2857131958008,0.0,0.0,238.306396484375,4
275,127,31.8214282989502,0.0,0.0,164.238189697266,4
395,124,602.25,152.035720825195,742.658630371094,19.3221397399902,1
87,68,0.0,60.1071434020996,0.0,97.6841583251953,4
129,172,68.3571395874023,41.25,148.777648925781,180.339981079102,4
226,131,542.142883300781,0.0,662.736755371094,113.785942077637,1
157,54,515.035705566406,8.25,699.623779296875,155.650573730469,1
274,124,176.785720825195,94.2857131958008,25.8209133148193,255.481643676758,4
200,129,64.8214263916016,0.0,103.283653259277,214.690444946289,4
382,136,122.571426391602,0.0,59.019229888916,156.724029541016,4
236,129,120.214286804199,113.142860412598,0.0,310.227691650391,4
104,75,20.0357151031494,77.7857131958008,127.875,299.493194580078,4
254,144,29.4642848968506,591.642883300781,687.328125,746.04931640625,3
230,130,35.3571434020996,61.2857131958008,130.334136962891,162.091293334961,4
359,88,53.0357131958008,181.5,72.5444717407227,231.865692138672,4
196,107,569.25,134.357147216797,649.211547851562,178.193069458008,1
67,57,0.0,0.0,0.0,220.057708740234,4
130,51,540.964294433594,0.0,660.277648925781,288.758666992188,1
81,61,67.1785736083984,60.1071434020996,14.754807472229,207.176284790039,4
77,54,0.0,0.0,115.579330444336,6.44071340560913,4
80,69,14.1428575515747,128.464279174805,89.758415222168,26.8363056182861,4
110,149,48.3214302062988,96.6428604125977,145.088943481445,211.470092773438,4
99,179,275.785705566406,344.142852783203,82.3810119628906,313.448059082031,2
206,122,43.6071434020996,212.142852783203,118.038459777832,275.877227783203,4
64,18,9.4285717010498,180.321426391602,0.0,169.605453491211,4
146,72,120.214286804199,3.53571438789368,18.443510055542,0.0,4
398,89,529.178588867188,124.928573608398,603.717529296875,93.3903427124023,1
90,41,69.5357131958008,62.4642868041992,0.0,134.181533813477,4
408,105,642.321411132812,43.6071434020996,618.472351074219,0.0,1
436,121,664.714294433594,111.964286804199,699.623779296875,237.232955932617,1
122,109,0.0,0.0,110.661056518555,61.1867790222168,4
247,129,69.5357131958008,612.857116699219,636.915893554688,671.981140136719,3
125,44,135.535720825195,114.321426391602,168.450714111328,177.11962890625,4
413,136,0.0,147.321426391602,195.501205444336,6.44071340560913,4
90,41,0.0,0.0,122.956733703613,188.927597045898,4
198,235,286.392852783203,386.571441650391,280.341339111328,346.725067138672,2
150,118,43.6071434020996,62.4642868041992,174.598556518555,211.470092773438,4
160,71,518.571411132812,169.714279174805,603.717529296875,287.685211181641,1
119,199,50.6785697937012,239.25,211.485580444336,281.244476318359,4
140,200,110.785713195801,311.142852783203,23.3617782592773,242.600204467773,4
251,111,22.3928565979004,165.0,183.205535888672,0.0,4
77,18,0.0,0.0,0.0,210.396636962891,4
313,71,70.7142868041992,108.428573608398,156.155044555664,74.0682067871094,4
128,53,101.357139587402,189.75,140.170669555664,307.007354736328,4
62,27,5.89285707473755,0.0,15.984375,215.763900756836,4
158,54,21.2142848968506,4.7142858505249,188.123794555664,0.0,4
246,167,84.8571395874023,94.2857131958008,0.0,271.583435058594,4
128,57,76.6071395874023,50.6785697937012,120.497596740723,190.001052856445,4
160,74,23.5714282989502,419.571441650391,595.110595703125,669.834228515625,3
343,87,590.464294433594,0.0,650.441101074219,261.92236328125,1
221,119,100.178573608398,312.321441650391,568.060119628906,647.291687011719,3
60,18,0.0,0.0,0.0,181.413436889648,4
439,99,636.428588867188,60.1071434020996,453.710327148438,301.640075683594,1
67,98,156.75,156.75,65.1670684814453,208.249740600586,4
89,125,0.0,0.0,87.2992782592773,0.0,4
62,60,0.0,0.0,71.3149032592773,210.396636962891,4
72,31,0.0,76.6071395874023,122.956733703613,69.774398803711,4
404,118,622.285705566406,67.1785736083984,675.032470703125,298.419738769531,1
212,91,566.892883300781,209.785720825195,724.215148925781,78.3620147705078,1
254,164,167.357147216797,206.25,135.252410888672,225.42497253418,4
468,219,88.3928604125977,233.357147216797,252.061294555664,88.0230865478516,4
175,80,549.214294433594,96.6428604125977,695.935119628906,236.15950012207,1
174,92,0.0,200.357147216797,0.0,135.254989624023,4
296,147,95.4642868041992,177.964279174805,221.322113037109,268.363067626953,4
242,153,134.357147216797,4.7142858505249,190.582931518555,179.266525268555,4
217,98,487.928558349609,0.0,635.686279296875,278.024139404297,1
106,86,56.5714302062988,0.0,157.384613037109,166.385101318359,4
98,101,137.892852783203,0.0,0.0,198.588668823242,4
117,275,0.0,0.0,154.925476074219,252.261276245117,4
190,256,292.285705566406,345.321441650391,227.469955444336,380.002105712891,2
299,152,74.25,165.0,86.069709777832,325.256042480469,4
259,95,106.071426391602,421.928558349609,631.997619628906,622.602294921875,3
212,95,77.7857131958008,238.071426391602,118.038459777832,231.865692138672,4
260,119,89.5714263916016,173.25,199.189910888672,199.662124633789,4
60,138,0.0,0.0,0.0,143.84260559082,4
118,48,0.0,0.0,0.0,0.0,4
184,125,0.0,0.0,47.953125,69.774398803711,4
253,115,60.1071434020996,153.214279174805,186.894226074219,281.244476318359,4
132,114,161.464279174805,199.178573608398,0.0,328.476379394531,4
229,60,24.75,75.4285736083984,142.629806518555,294.125915527344,4
85,41,2.35714292526245,0.0,43.034854888916,226.498428344727,4
357,132,20.0357151031494,0.0,220.092544555664,251.18782043457,4
72,65,156.75,80.1428604125977,145.088943481445,177.11962890625,4
91,34,87.2142868041992,0.0,13.525239944458,126.667366027832,4
469,98,82.5,137.892852783203,51.6418266296387,210.396636962891,4
138,103,147.321426391602,212.142852783203,47.953125,252.261276245117,4
145,52,0.0,117.857139587402,114.349761962891,303.786987304688,4
215,120,134.357147216797,74.25,131.563705444336,275.877227783203,4
438,72,595.178588867188,0.0,491.826934814453,331.696746826172,1
408,104,616.392883300781,49.5,656.588928222656,124.520462036133,1
129,285,51.8571434020996,61.2857131958008,131.563705444336,245.820571899414,4
108,162,0.0,126.107139587402,0.0,130.961181640625,4
59,41,0.0,140.25,125.415863037109,231.865692138672,4
387,94,11.7857141494751,697.714294433594,629.538452148438,741.755493164062,3
61,41,64.8214263916016,0.0,90.9879837036133,176.046173095703,4
86,172,256.928558349609,156.75,54.100959777832,310.227691650391,2
67,59,0.0,33.0,0.0,257.628540039062,4
105,83,0.0,0.0,39.3461532592773,209.323196411133,4
212,266,40.0714302062988,0.0,239.765625,76.2151107788086,4
173,81,135.535720825195,595.178588867188,645.522827148438,661.24658203125,3
236,137,142.607147216797,216.857147216797,156.155044555664,295.199371337891,4
186,132,9.4285717010498,215.678573608398,158.614181518555,317.741882324219,4
108,93,1.17857146263123,0.0,0.0,305.933898925781,4
87,47,35.3571434020996,97.8214263916016,167.221160888672,265.142700195312,4
345,64,51.8571434020996,167.357147216797,95.90625,90.1699905395508,4
272,141,97.8214263916016,630.535705566406,670.114196777344,718.139587402344,3
498,141,70.7142868041992,0.0,0.0,648.365173339844,3
272,111,557.464294433594,176.785720825195,616.013244628906,221.131164550781,1
115,37,10.6071424484253,0.0,78.6923065185547,264.069244384766,4
106,25,66.0,110.785713195801,86.069709777832,115.932846069336,4
86,39,0.0,63.6428565979004,0.0,319.888763427734,4
188,127,18.8571434020996,122.571426391602,146.318511962891,307.007354736328,4
98,41,0.0,0.0,52.871395111084,191.074508666992,4
94,35,74.25,86.0357131958008,207.796875,121.300102233887,4
74,123,0.0,0.0,105.742790222168,86.9496307373047,4
65,89,0.0,0.0,40.5757217407227,154.577117919922,4
85,69,0.0,137.892852783203,65.1670684814453,172.825805664062,4
177,148,0.0,238.071426391602,151.236785888672,132.034622192383,4
111,241,0.0,0.0,106.972358703613,273.730316162109,4
174,388,0.0,40.0714302062988,75.0036087036133,206.102828979492,4
64,13,0.0,0.0,0.0,183.560333251953,4
348,158,140.25,80.1428604125977,211.485580444336,252.261276245117,4
133,56,71.8928604125977,109.607139587402,265.586547851562,232.93913269043,4
183,166,322.928558349609,358.285705566406,195.501205444336,329.549835205078,2
90,138,0.0,185.035720825195,0.0,0.0,4
91,67,0.0,214.5,0.0,284.46484375,4
405,121,195.642852783203,163.821426391602,44.2644233703613,269.4365234375,4
153,346,298.178558349609,361.821441650391,325.835327148438,406.838409423828,2
146,58,18.8571434020996,133.178573608398,67.626205444336,258.701995849609,4
194,101,75.4285736083984,219.214279174805,90.9879837036133,97.6841583251953,4
227,145,141.428573608398,63.6428565979004,180.746398925781,11.8079748153687,4
120,92,0.0,56.5714302062988,0.0,136.328430175781,4
307,118,60.1071434020996,66.0,663.966369628906,164.238189697266,4
545,180,127.285713195801,632.892883300781,543.46875,842.660034179688,3
278,119,15.3214282989502,148.5,15.984375,276.95068359375,4
304,124,114.321426391602,154.392852783203,178.287261962891,165.311645507812,4
68,40,119.035713195801,0.0,0.0,173.899261474609,4
113,71,38.8928565979004,61.2857131958008,82.3810119628906,281.244476318359,4
78,100,0.0,0.0,0.0,0.0,4
347,65,525.642883300781,33.0,609.865356445312,280.171051025391,1
235,95,102.535713195801,89.5714263916016,167.221160888672,198.588668823242,4
82,63,0.0,57.75,23.3617782592773,198.588668823242,4
386,96,86.0357131958008,0.0,120.497596740723,226.498428344727,4
345,137,0.0,236.892852783203,136.481964111328,308.080810546875,4
344,81,78.9642868041992,690.642883300781,544.698303222656,757.857299804688,3
315,154,141.428573608398,193.285720825195,114.349761962891,284.46484375,4
100,30,0.0,177.964279174805,41.805290222168,241.526763916016,4
141,73,529.178588867188,179.142852783203,654.129821777344,0.0,1
296,135,93.1071395874023,610.5,538.550476074219,666.613830566406,3
214,121,100.178573608398,632.892883300781,665.195922851562,736.388244628906,3
218,76,535.071411132812,0.0,601.258422851562,169.605453491211,1
389,92,134.357147216797,181.5,57.789665222168,224.351516723633,4
155,92,96.6428604125977,80.1428604125977,126.645431518555,259.775451660156,4
154,72,86.0357131958008,0.0,135.252410888672,128.814270019531,4
186,86,550.392883300781,47.1428565979004,761.102172851562,99.8310623168945,1
461,157,144.964279174805,150.857147216797,136.481964111328,294.125915527344,4
83,71,0.0,195.642852783203,31.96875,157.797485351562,4
92,161,226.285720825195,307.607147216797,186.894226074219,328.476379394531,2
208,97,71.8928604125977,248.678573608398,68.8557662963867,193.221405029297,4
83,49,38.8928565979004,28.2857151031494,55.3305282592773,0.0,4
76,191,110.785713195801,163.821426391602,24.5913467407227,269.4365234375,4
301,52,497.357147216797,136.714279174805,600.028869628906,46.158447265625,1
149,94,1.17857146263123,15.3214282989502,130.334136962891,280.171051025391,4
224,220,181.5,319.392852783203,194.271636962891,309.154235839844,4
301,117,69.5357131958008,165.0,124.186294555664,337.063995361328,4
82,21,73.0714263916016,49.5,0.0,284.46484375,4
397,96,522.107116699219,236.892852783203,585.274047851562,258.701995849609,1
165,403,62.4642868041992,165.0,61.4783668518066,275.877227783203,4
116,87,56.5714302062988,91.9285736083984,90.9879837036133,174.972717285156,4
408,81,165.0,170.892852783203,134.022842407227,224.351516723633,4
258,111,553.928588867188,0.0,659.048095703125,165.311645507812,1
466,94,612.857116699219,169.714279174805,679.950744628906,273.730316162109,1
206,104,2.35714292526245,223.928573608398,108.201919555664,261.92236328125,4
76,444,0.0,0.0,0.0,0.0,4
412,104,0.0,16.5,30.7391834259033,0.0,4
94,185,0.0,3.53571438789368,20.902645111084,245.820571899414,4
74,50,12.9642858505249,0.0,7.3774037361145,234.012588500977,4
458,88,31.8214282989502,741.321411132812,597.569702148438,819.044067382812,3
137,66,0.0,0.0,76.233169555664,94.4637985229492,4
275,164,91.9285736083984,124.928573608398,114.349761962891,192.14794921875,4
215,115,137.892852783203,9.4285717010498,207.796875,217.91081237793,4
306,72,578.678588867188,30.6428565979004,576.667053222656,202.882476806641,1
192,135,0.0,130.821426391602,61.4783668518066,205.029388427734,4
127,75,2.35714292526245,128.464279174805,153.695907592773,275.877227783203,4
363,150,199.178573608398,144.964279174805,15.984375,139.548797607422,4
241,104,101.357139587402,269.892852783203,181.975967407227,269.4365234375,4
452,125,126.107139587402,813.214294433594,660.277648925781,829.778564453125,3
169,51,157.928573608398,162.642852783203,31.96875,170.678909301758,4
227,92,24.75,106.071426391602,140.170669555664,221.131164550781,4
92,58,48.3214302062988,0.0,156.155044555664,209.323196411133,4
92,58,0.0,106.071426391602,0.0,167.458557128906,4
204,81,14.1428575515747,61.2857131958008,137.711532592773,169.605453491211,4
102,156,165.0,295.821441650391,189.353363037109,291.97900390625,4
177,122,156.75,350.035705566406,688.557678222656,629.043029785156,3
179,94,486.75,177.964279174805,602.487976074219,220.057708740234,1
206,72,0.0,22.3928565979004,143.859375,310.227691650391,4
198,96,107.25,188.571426391602,111.890625,241.526763916016,4
225,87,45.9642868041992,220.392852783203,83.610580444336,287.685211181641,4
310,170,127.285713195801,144.964279174805,94.6766815185547,346.725067138672,4
191,142,22.3928565979004,0.0,71.3149032592773,247.967468261719,4
211,115,119.035713195801,269.892852783203,130.334136962891,209.323196411133,4
107,166,340.607147216797,317.035705566406,200.419464111328,356.386138916016,2
77,198,80.1428604125977,144.964279174805,147.548080444336,0.0,4
360,89,179.142852783203,726.0,686.098571777344,714.919189453125,3
489,140,689.464294433594,247.5,622.161071777344,138.475341796875,1
111,262,2.35714292526245,0.0,39.3461532592773,318.815307617188,4
428,116,592.821411132812,20.0357151031494,607.40625,150.283309936523,1
245,98,77.7857131958008,0.0,244.683898925781,220.057708740234,4
76,15,129.642852783203,102.535713195801,82.3810119628906,93.3903427124023,4
71,71,0.0,0.0,0.0,266.216156005859,4
78,65,0.0,84.8571395874023,0.0,215.763900756836,4
122,75,45.9642868041992,169.714279174805,226.240386962891,0.0,4
364,97,33.0,81.3214263916016,61.4783668518066,176.046173095703,4
432,114,84.8571395874023,20.0357151031494,109.431488037109,186.780685424805,4
344,83,101.357139587402,0.0,201.649032592773,288.758666992188,4
462,97,601.071411132812,134.357147216797,597.569702148438,166.385101318359,1
474,159,60.1071434020996,674.142883300781,624.620178222656,742.828979492188,3
554,121,623.464294433594,253.392852783203,534.861755371094,275.877227783203,1
93,169,0.0,148.5,118.038459777832,157.797485351562,4
234,142,0.0,63.6428565979004,0.0,145.989501953125,4
146,62,114.321426391602,33.0,131.563705444336,269.4365234375,4
147,290,302.892852783203,384.214294433594,229.929092407227,429.380889892578,2
109,330,0.0,20.0357151031494,78.6923065185547,261.92236328125,4
111,39,0.0,0.0,240.995193481445,105.198318481445,4
161,164,271.071441650391,313.5,266.816101074219,300.566619873047,2
90,142,272.25,284.035705566406,141.400238037109,363.900329589844,2
145,88,88.3928604125977,570.428588867188,603.717529296875,586.104919433594,3
172,100,588.107116699219,63.6428565979004,676.262023925781,203.955932617188,1
358,69,90.75,41.25,52.871395111084,79.4354705810547,4
106,84,96.6428604125977,147.321426391602,93.4471130371094,128.814270019531,4
172,68,0.0,36.5357131958008,31.96875,311.301147460938,4
146,86,41.25,0.0,121.727165222168,246.894012451172,4
76,67,21.2142848968506,0.0,0.0,212.543548583984,4
592,279,447.857147216797,231.0,400.838928222656,326.329498291016,1
333,98,549.214294433594,196.821426391602,676.262023925781,104.124870300293,1
286,146,64.8214263916016,70.7142868041992,0.0,259.775451660156,4
184,100,166.178573608398,596.357116699219,748.806518554688,674.127990722656,3
103,58,14.1428575515747,23.5714282989502,102.054084777832,265.142700195312,4
76,24,73.0714263916016,41.25,67.626205444336,238.306396484375,4
157,91,0.0,0.0,100.824516296387,249.040924072266,4
115,212,260.464294433594,399.535705566406,244.683898925781,349.945434570312,2
60,84,0.0,62.4642868041992,183.205535888672,120.226654052734,4
314,68,503.25,47.1428565979004,590.192321777344,4.29380893707275,1
254,135,163.821426391602,51.8571434020996,708.230773925781,130.961181640625,4
413,121,684.75,80.1428604125977,493.056488037109,133.10807800293,1
218,98,559.821411132812,155.571426391602,656.588928222656,119.153198242188,1
579,251,293.464294433594,327.642852783203,161.073318481445,308.080810546875,2
370,91,0.0,641.142883300781,534.861755371094,658.026245117188,3
275,133,93.1071395874023,146.142852783203,209.026443481445,235.086044311523,4
229,159,14.1428575515747,214.5,54.100959777832,315.594970703125,4
100,71,0.0,233.357147216797,0.0,56.8929710388184,4
195,148,126.107139587402,196.821426391602,183.205535888672,0.0,4
199,111,166.178573608398,69.5357131958008,72.5444717407227,199.662124633789,4
273,165,27.1071434020996,148.5,196.730773925781,227.571884155273,4
277,147,100.178573608398,243.964279174805,122.956733703613,271.583435058594,4
385,102,1.17857146263123,119.035713195801,124.186294555664,118.079750061035,4
98,104,0.0,561.0,616.013244628906,631.18994140625,3
117,123,194.464279174805,320.571441650391,184.435089111328,247.967468261719,4
339,149,0.0,124.928573608398,193.042068481445,364.973754882812,4
63,257,94.2857131958008,88.3928604125977,0.0,289.832122802734,4
221,133,147.321426391602,201.535720825195,94.6766815185547,223.278076171875,4
60,49,17.6785717010498,88.3928604125977,0.0,133.10807800293,4
91,17,0.0,193.285720825195,0.0,122.373558044434,4
64,80,0.0,16.5,29.509614944458,140.62223815918,4
334,72,595.178588867188,150.857147216797,645.522827148438,225.42497253418,1
306,100,604.607116699219,66.0,624.620178222656,77.288558959961,1
307,197,116.678573608398,36.5357131958008,135.252410888672,172.825805664062,4
269,157,25.9285717010498,144.964279174805,49.1826934814453,120.226654052734,4
62,70,0.0,132.0,0.0,211.470092773438,4
153,67,38.8928565979004,183.857147216797,0.0,224.351516723633,4
336,85,113.142860412598,160.285720825195,0.0,196.441757202148,4
185,71,0.0,176.785720825195,50.4122581481934,297.346282958984,4
299,113,133.178573608398,0.0,120.497596740723,274.803771972656,4
292,119,0.0,166.178573608398,51.6418266296387,300.566619873047,4
252,123,0.0,84.8571395874023,0.0,256.555084228516,4
453,284,234.535720825195,360.642852783203,539.780029296875,421.866729736328,2
460,128,193.285720825195,81.3214263916016,0.0,117.006294250488,4
171,346,261.642852783203,379.5,196.730773925781,276.95068359375,2
271,170,103.714286804199,301.714294433594,57.789665222168,252.261276245117,4
286,131,136.714279174805,602.25,652.900268554688,737.461669921875,3
340,144,88.3928604125977,97.8214263916016,0.0,222.204620361328,4
68,73,0.0,0.0,0.0,247.967468261719,4
131,72,490.285705566406,0.0,638.145446777344,141.695693969727,1
125,145,0.0,0.0,71.3149032592773,231.865692138672,4
476,139,565.714294433594,83.6785736083984,635.686279296875,180.339981079102,1
103,51,471.428558349609,157.928573608398,606.176696777344,298.419738769531,1
356,70,623.464294433594,111.964286804199,650.441101074219,209.323196411133,1
146,68,58.9285697937012,207.428573608398,261.897827148438,317.741882324219,4
108,78,23.5714282989502,168.535720825195,0.0,269.4365234375,4
229,125,565.714294433594,267.535705566406,655.359375,207.176284790039,1
268,126,174.428573608398,0.0,179.516830444336,240.453308105469,4
290,134,100.178573608398,216.857147216797,161.073318481445,308.080810546875,4
63,177,68.3571395874023,31.8214282989502,0.0,158.870941162109,4
184,67,103.714286804199,115.5,204.108169555664,202.882476806641,4
215,96,520.928588867188,22.3928565979004,606.176696777344,0.0,1
100,77,73.0714263916016,0.0,0.0,285.538299560547,4
149,61,0.0,95.4642868041992,0.0,276.95068359375,4
66,96,0.0,0.0,30.7391834259033,0.0,4
105,78,515.035705566406,0.0,639.375,154.577117919922,1
77,51,0.0,0.0,0.0,121.300102233887,4
69,261,0.0,0.0,121.727165222168,139.548797607422,4
473,222,660.0,77.7857131958008,742.658630371094,293.052459716797,1
345,124,117.857139587402,180.321426391602,89.758415222168,174.972717285156,4
258,82,143.785720825195,299.357147216797,692.246398925781,641.924438476562,3
365,106,106.071426391602,56.5714302062988,72.5444717407227,220.057708740234,4
231,117,0.0,196.821426391602,95.90625,328.476379394531,4
235,138,62.4642868041992,456.107147216797,672.573303222656,665.540405273438,3
316,182,186.214279174805,170.892852783203,72.5444717407227,349.945434570312,4
88,97,21.2142848968506,0.0,216.403839111328,99.8310623168945,4
150,69,74.25,83.6785736083984,108.201919555664,183.560333251953,4
218,133,150.857147216797,122.571426391602,18.443510055542,315.594970703125,4
238,125,0.0,242.785720825195,245.913467407227,297.346282958984,4
260,98,117.857139587402,42.4285697937012,105.742790222168,300.566619873047,4
142,61,0.0,182.678573608398,29.509614944458,338.137451171875,4
89,142,163.821426391602,255.75,247.143035888672,257.628540039062,4
68,56,0.0,122.571426391602,0.0,132.034622192383,4
296,68,493.821441650391,62.4642868041992,563.141845703125,0.0,1
359,107,109.607139587402,557.464294433594,550.846130371094,642.997924804688,3
61,44,0.0,157.928573608398,0.0,0.0,4
139,23,76.6071395874023,47.1428565979004,34.4278831481934,35.4239234924316,4
275,134,0.0,0.0,147.548080444336,232.93913269043,4
357,87,166.178573608398,156.75,113.120193481445,271.583435058594,4
329,54,555.107116699219,37.7142868041992,592.651428222656,80.508918762207,1
215,230,182.678573608398,305.25,260.668273925781,296.272827148438,4
68,69,18.8571434020996,0.0,0.0,86.9496307373047,4
91,87,0.0,99.0,45.4939918518066,155.650573730469,4
167,90,516.214294433594,95.4642868041992,698.394226074219,250.114379882812,1
78,38,0.0,117.857139587402,115.579330444336,241.526763916016,4
132,93,4.7142858505249,108.428573608398,2.45913457870483,0.0,4
489,155,636.428588867188,168.535720825195,707.001220703125,132.034622192383,1
375,68,89.5714263916016,638.785705566406,510.270446777344,749.269653320312,3
393,131,21.2142848968506,82.5,113.120193481445,591.47216796875,3
431,106,616.392883300781,199.178573608398,609.865356445312,71.9213027954102,1
210,105,27.1071434020996,0.0,0.0,0.0,4
138,63,17.6785717010498,0.0,6.14783668518066,180.339981079102,4
84,54,29.4642848968506,0.0,79.921875,0.0,4
199,95,129.642852783203,615.214294433594,629.538452148438,688.082885742188,3
69,188,187.392852783203,246.321426391602,168.450714111328,359.606506347656,4
126,109,7.07142877578735,108.428573608398,0.0,265.142700195312,4
328,71,74.25,93.1071395874023,190.582931518555,238.306396484375,4
220,124,93.1071395874023,76.6071395874023,209.026443481445,212.543548583984,4
99,171,124.928573608398,238.071426391602,126.645431518555,330.623291015625,4
129,106,30.6428565979004,15.3214282989502,71.3149032592773,0.0,4
176,112,0.0,133.178573608398,181.975967407227,328.476379394531,4
198,94,109.607139587402,218.035720825195,205.337738037109,186.780685424805,4
232,122,15.3214282989502,97.8214263916016,104.513221740723,213.617004394531,4
68,11,0.0,73.0714263916016,0.0,0.0,4
265,147,194.464279174805,113.142860412598,0.0,261.92236328125,4
414,98,238.071426391602,664.714294433594,640.604553222656,706.331604003906,3
104,50,94.2857131958008,0.0,70.085334777832,200.735565185547,4
206,243,0.0,124.928573608398,147.548080444336,88.0230865478516,4
102,92,261.642852783203,306.428558349609,233.617782592773,307.007354736328,2
198,161,108.428573608398,89.5714263916016,75.0036087036133,305.933898925781,4
77,39,0.0,0.0,0.0,234.012588500977,4
276,51,0.0,132.0,13.525239944458,161.017837524414,4
306,89,102.535713195801,153.214279174805,120.497596740723,202.882476806641,4
94,359,61.2857131958008,0.0,0.0,0.0,4
138,44,55.3928565979004,36.5357131958008,0.0,0.0,4
73,36,0.0,0.0,19.6730766296387,261.92236328125,4
217,105,553.928588867188,53.0357131958008,805.366577148438,194.294860839844,1
215,115,182.678573608398,168.535720825195,201.649032592773,212.543548583984,4
143,80,49.5,42.4285697937012,97.1358184814453,240.453308105469,4
252,89,529.178588867188,67.1785736083984,570.519226074219,39.7177352905273,1
190,139,234.535720825195,265.178558349609,209.026443481445,304.860443115234,2
172,49,0.0,153.214279174805,0.0,143.84260559082,4
330,255,572.785705566406,313.5,655.359375,352.092346191406,1
171,92,61.2857131958008,64.8214263916016,146.318511962891,294.125915527344,4
161,71,586.928588867188,0.0,752.495178222656,171.752365112305,1
71,19,0.0,64.8214263916016,306.162261962891,289.832122802734,4
191,399,185.035720825195,128.464279174805,252.061294555664,295.199371337891,4
80,24,0.0,234.535720825195,215.174285888672,190.001052856445,4
105,103,136.714279174805,186.214279174805,116.808891296387,357.459594726562,4
66,124,269.892852783203,322.928558349609,266.816101074219,330.623291015625,2
353,81,581.035705566406,0.0,612.324523925781,63.333683013916,1
110,75,0.0,119.035713195801,47.953125,71.9213027954102,4
362,76,498.535705566406,38.8928565979004,602.487976074219,42.9380912780762,1
160,37,0.0,198.0,124.186294555664,98.7576065063477,4
77,157,0.0,0.0,87.2992782592773,88.0230865478516,4
128,67,68.3571395874023,0.0,6.14783668518066,212.543548583984,4
158,65,99.0,109.607139587402,132.793273925781,114.859390258789,4
203,115,119.035713195801,169.714279174805,157.384613037109,254.408187866211,4
188,96,551.571411132812,167.357147216797,692.246398925781,221.131164550781,1
215,180,265.178558349609,326.464294433594,323.376190185547,296.272827148438,2
276,159,152.035720825195,153.214279174805,39.3461532592773,313.448059082031,4
451,134,137.892852783203,67.1785736083984,126.645431518555,196.441757202148,4
183,210,285.214294433594,247.5,223.78125,359.606506347656,2
78,73,25.9285717010498,183.857147216797,215.174285888672,295.199371337891,4
113,27,0.0,61.2857131958008,189.353363037109,153.503677368164,4
140,61,99.0,7.07142877578735,2.45913457870483,332.770202636719,4
762,1023,612.857116699219,651.75,620.931518554688,371.414489746094,1
325,94,558.642883300781,9.4285717010498,629.538452148438,0.0,1
98,60,0.0,165.0,0.0,153.503677368164,4
252,141,44.7857131958008,203.892852783203,110.661056518555,278.024139404297,4
370,76,602.25,45.9642868041992,601.258422851562,48.3053512573242,1
275,233,239.25,300.535705566406,205.337738037109,305.933898925781,2
471,109,615.214294433594,149.678573608398,700.853393554688,206.102828979492,1
425,89,35.3571434020996,200.357147216797,146.318511962891,144.916061401367,4
218,135,0.0,186.214279174805,19.6730766296387,294.125915527344,4
195,55,0.0,0.0,231.158660888672,140.62223815918,4
280,82,40.0714302062988,518.571411132812,597.569702148438,627.969543457031,3
288,117,66.0,146.142852783203,751.265625,364.973754882812,4
190,99,581.035705566406,0.0,681.180297851562,161.017837524414,1
186,88,0.0,108.428573608398,113.120193481445,108.418678283691,4
215,96,546.857116699219,94.2857131958008,679.950744628906,201.809020996094,1
121,58,0.0,0.0,0.0,253.334732055664,4
64,171,248.678573608398,268.714294433594,255.75,260.848907470703,2
230,116,70.7142868041992,87.2142868041992,173.368988037109,291.97900390625,4
89,46,66.0,190.928573608398,76.233169555664,275.877227783203,4
333,183,137.892852783203,584.571411132812,612.324523925781,648.365173339844,3
261,126,0.0,147.321426391602,63.9375,202.882476806641,4
127,57,162.642852783203,220.392852783203,255.75,281.244476318359,4
226,101,44.7857131958008,0.0,102.054084777832,128.814270019531,4
118,73,41.25,0.0,157.384613037109,227.571884155273,4
70,29,64.8214263916016,123.75,70.085334777832,44.0115432739258,4
156,136,136.714279174805,0.0,0.0,216.837356567383,4
88,232,249.857147216797,339.428558349609,206.567306518555,313.448059082031,2
243,98,44.7857131958008,116.678573608398,99.594955444336,261.92236328125,4
195,72,41.25,0.0,191.8125,226.498428344727,4
136,181,0.0,0.0,0.0,108.418678283691,4
261,125,73.0714263916016,31.8214282989502,691.016845703125,216.837356567383,4
405,85,573.964294433594,38.8928565979004,704.542053222656,148.136413574219,1
247,152,559.821411132812,266.357147216797,681.180297851562,72.9947509765625,1
160,35,104.892860412598,78.9642868041992,7.3774037361145,41.8646392822266,4
217,120,55.3928565979004,38.8928565979004,165.991592407227,279.097595214844,4
482,105,119.035713195801,604.607116699219,489.367797851562,710.625366210938,3
63,19,28.2857151031494,47.1428565979004,0.0,120.226654052734,4
74,83,0.0,49.5,28.2800483703613,0.0,4
118,215,185.035720825195,288.75,132.793273925781,366.047210693359,4
135,99,565.714294433594,119.035713195801,761.102172851562,49.3788032531738,1
252,162,180.321426391602,0.0,125.415863037109,298.419738769531,4
239,97,116.678573608398,0.0,148.777648925781,0.0,4
269,84,70.7142868041992,11.7857141494751,30.7391834259033,59.0398750305176,4
204,122,80.1428604125977,206.25,135.252410888672,304.860443115234,4
365,172,24.75,152.035720825195,0.0,95.537254333496,4
371,207,159.107147216797,102.535713195801,259.438690185547,342.431274414062,4
152,78,543.321411132812,14.1428575515747,660.277648925781,273.730316162109,1
148,90,485.571441650391,0.0,645.522827148438,121.300102233887,1
167,59,37.7142868041992,109.607139587402,660.277648925781,149.209869384766,4
216,130,11.7857141494751,127.285713195801,181.975967407227,140.62223815918,4
248,262,221.571426391602,273.428558349609,194.271636962891,332.770202636719,2
378,85,126.107139587402,532.714294433594,587.733154296875,648.365173339844,3
367,100,154.392852783203,0.0,0.0,201.809020996094,4
114,24,0.0,0.0,22.1322116851807,198.588668823242,4
81,208,0.0,0.0,0.0,227.571884155273,4
170,226,189.75,287.571441650391,185.664657592773,232.93913269043,4
494,136,62.4642868041992,62.4642868041992,130.334136962891,244.747116088867,4
466,134,668.25,179.142852783203,624.620178222656,198.588668823242,1
187,107,602.25,190.928573608398,726.674255371094,302.713531494141,1
72,44,0.0,159.107147216797,0.0,270.509979248047,4
350,76,68.3571395874023,167.357147216797,136.481964111328,274.803771972656,4
80,42,0.0,0.0,157.384613037109,200.735565185547,4
106,31,0.0,23.5714282989502,169.680282592773,192.14794921875,4
411,86,614.035705566406,194.464279174805,616.013244628906,0.0,1
123,210,185.035720825195,357.107147216797,184.435089111328,253.334732055664,4
73,73,0.0,76.6071395874023,2.45913457870483,310.227691650391,4
166,126,64.8214263916016,166.178573608398,60.2487983703613,242.600204467773,4
183,57,546.857116699219,101.357139587402,691.016845703125,211.470092773438,1
428,82,590.464294433594,192.107147216797,613.554077148438,0.0,1
247,126,132.0,233.357147216797,20.902645111084,303.786987304688,4
236,188,165.0,83.6785736083984,231.158660888672,237.232955932617,4
226,60,16.5,0.0,46.7235565185547,261.92236328125,4
134,141,110.785713195801,0.0,0.0,258.701995849609,4
191,95,127.285713195801,99.0,84.8401412963867,281.244476318359,4
288,57,73.0714263916016,127.285713195801,0.0,156.724029541016,4
182,358,0.0,0.0,59.019229888916,270.509979248047,4
201,82,497.357147216797,0.0,556.994018554688,274.803771972656,1
111,177,293.464294433594,302.892852783203,260.668273925781,378.928649902344,2
185,84,0.0,0.0,215.174285888672,308.080810546875,4
216,91,116.678573608398,136.714279174805,169.680282592773,269.4365234375,4
182,191,37.7142868041992,240.428573608398,124.186294555664,273.730316162109,4
190,183,239.25,214.5,100.824516296387,335.990570068359,2
399,102,643.5,0.0,672.573303222656,0.0,1
502,95,75.4285736083984,88.3928604125977,271.734375,0.0,4
344,75,35.3571434020996,148.5,0.0,83.7292785644531,4
171,97,525.642883300781,86.0357131958008,698.394226074219,273.730316162109,1
243,123,0.0,0.0,73.774040222168,298.419738769531,4
71,215,0.0,0.0,13.525239944458,216.837356567383,4
258,306,252.214279174805,297.0,233.617782592773,296.272827148438,2
191,63,0.0,162.642852783203,79.921875,188.927597045898,4
463,121,639.964294433594,21.2142848968506,635.686279296875,182.486877441406,1
215,181,195.642852783203,245.142852783203,319.6875,322.035675048828,4
214,85,509.142852783203,94.2857131958008,541.009643554688,268.363067626953,1
438,130,684.75,97.8214263916016,630.768005371094,36.4973754882812,1
144,44,0.0,50.6785697937012,0.0,236.15950012207,4
86,72,99.0,33.0,109.431488037109,8.5876178741455,4
130,288,307.607147216797,392.464294433594,170.909851074219,315.594970703125,2
246,122,50.6785697937012,533.892883300781,633.227172851562,694.523620605469,3
134,57,0.0,81.3214263916016,207.796875,208.249740600586,4
381,101,146.142852783203,525.642883300781,613.554077148438,594.692565917969,3
316,161,33.0,124.928573608398,131.563705444336,222.204620361328,4
104,31,51.8571434020996,0.0,2.45913457870483,259.775451660156,4
156,82,23.5714282989502,162.642852783203,185.664657592773,193.221405029297,4
177,93,15.3214282989502,479.678558349609,740.199523925781,595.765991210938,3
69,70,159.107147216797,187.392852783203,228.699523925781,334.917114257812,4
334,66,582.214294433594,38.8928565979004,431.578125,222.204620361328,1
119,31,128.464279174805,120.214286804199,104.513221740723,17.175235748291,4
81,60,0.0,0.0,125.415863037109,0.0,4
191,204,203.892852783203,294.642852783203,218.862976074219,129.887725830078,4
223,49,193.285720825195,238.071426391602,265.586547851562,76.2151107788086,4
62,109,106.071426391602,116.678573608398,141.400238037109,284.46484375,4
99,91,0.0,109.607139587402,77.4627380371094,227.571884155273,4
285,53,61.2857131958008,190.928573608398,47.953125,279.097595214844,4
135,57,31.8214282989502,0.0,33.1983184814453,0.0,4
271,194,254.571426391602,311.142852783203,180.746398925781,338.137451171875,2
357,84,577.5,205.071426391602,638.145446777344,0.0,1
81,37,70.7142868041992,0.0,0.0,260.848907470703,4
171,89,549.214294433594,193.285720825195,737.740356445312,170.678909301758,1
163,55,24.75,0.0,118.038459777832,242.600204467773,4
150,95,49.5,129.642852783203,0.0,251.18782043457,4
66,50,2.35714292526245,51.8571434020996,111.890625,258.701995849609,4
158,80,0.0,115.5,201.649032592773,182.486877441406,4
201,128,166.178573608398,77.7857131958008,193.042068481445,266.216156005859,4
434,78,132.0,123.75,55.3305282592773,333.843658447266,4
308,182,517.392883300781,266.357147216797,644.293273925781,349.945434570312,1
494,442,361.821441650391,429.0,370.099761962891,404.691497802734,2
64,54,0.0,0.0,0.0,197.515213012695,4
121,51,58.9285697937012,0.0,126.645431518555,291.97900390625,4
81,46,42.4285697937012,0.0,71.3149032592773,244.747116088867,4
122,112,28.2857151031494,199.178573608398,81.1514434814453,334.917114257812,4
423,154,182.678573608398,658.821411132812,602.487976074219,751.416564941406,3
100,62,53.0357131958008,275.785705566406,250.831726074219,139.548797607422,4
108,331,0.0,0.0,14.754807472229,208.249740600586,4
278,130,103.714286804199,206.25,0.0,240.453308105469,4
90,89,0.0,48.3214302062988,0.0,137.401885986328,4
195,161,117.857139587402,20.0357151031494,45.4939918518066,217.91081237793,4
79,41,97.8214263916016,28.2857151031494,76.233169555664,141.695693969727,4
184,86,142.607147216797,0.0,228.699523925781,285.538299560547,4
224,90,102.535713195801,78.9642868041992,102.054084777832,309.154235839844,4
93,146,0.0,0.0,113.120193481445,0.0,4
335,129,119.035713195801,219.214279174805,132.793273925781,305.933898925781,4
89,56,50.6785697937012,0.0,71.3149032592773,70.8478469848633,4
209,139,603.428588867188,161.464279174805,676.262023925781,294.125915527344,1
314,117,108.428573608398,228.642852783203,23.3617782592773,312.374603271484,4
314,155,110.785713195801,183.857147216797,240.995193481445,81.5823745727539,4
229,118,0.0,0.0,115.579330444336,202.882476806641,4
83,181,0.0,0.0,0.0,112.71248626709,4
103,58,0.0,0.0,129.104568481445,156.724029541016,4
116,272,10.6071424484253,43.6071434020996,90.9879837036133,168.531997680664,4
107,21,47.1428565979004,0.0,424.200714111328,268.363067626953,4
290,52,453.75,218.035720825195,584.044494628906,220.057708740234,1
221,114,9.4285717010498,193.285720825195,110.661056518555,323.109130859375,4
258,201,318.214294433594,326.464294433594,313.539672851562,352.092346191406,2
215,126,147.321426391602,196.821426391602,213.944717407227,251.18782043457,4
225,88,559.821411132812,58.9285697937012,609.865356445312,222.204620361328,1
129,41,0.0,209.785720825195,111.890625,197.515213012695,4
141,153,142.607147216797,210.964279174805,216.403839111328,173.899261474609,4
144,60,0.0,220.392852783203,110.661056518555,346.725067138672,4
77,15,42.4285697937012,123.75,200.419464111328,258.701995849609,4
103,146,0.0,157.928573608398,0.0,158.870941162109,4
88,51,8.25,0.0,119.268028259277,313.448059082031,4
75,41,56.5714302062988,177.964279174805,175.828125,303.786987304688,4
192,110,116.678573608398,122.571426391602,0.0,6.44071340560913,4
211,97,43.6071434020996,140.25,158.614181518555,265.142700195312,4
165,55,94.2857131958008,133.178573608398,0.0,223.278076171875,4
367,161,130.821426391602,94.2857131958008,226.240386962891,0.0,4
325,94,25.9285717010498,596.357116699219,549.616577148438,675.201477050781,3
223,201,0.0,31.8214282989502,221.322113037109,258.701995849609,4
232,209,291.107147216797,315.857147216797,161.073318481445,290.905548095703,2
65,85,0.0,0.0,0.0,245.820571899414,4
193,116,123.75,83.6785736083984,89.758415222168,299.493194580078,4
400,98,9.4285717010498,139.071426391602,115.579330444336,295.199371337891,4
284,52,535.071411132812,0.0,660.277648925781,0.0,1
260,136,0.0,31.8214282989502,129.104568481445,8.5876178741455,4
471,115,0.0,96.6428604125977,29.509614944458,562.488952636719,3
94,87,28.2857151031494,83.6785736083984,3.68870186805725,254.408187866211,4
67,52,57.75,0.0,90.9879837036133,132.034622192383,4
64,41,31.8214282989502,110.785713195801,72.5444717407227,186.780685424805,4
119,108,58.9285697937012,0.0,68.8557662963867,250.114379882812,4
106,64,0.0,0.0,75.0036087036133,320.962219238281,4
74,28,93.1071395874023,5.89285707473755,52.871395111084,104.124870300293,4
125,206,242.785720825195,311.142852783203,146.318511962891,323.109130859375,2
476,99,194.464279174805,609.321411132812,477.072113037109,762.151123046875,3
169,108,60.1071434020996,592.821411132812,614.783630371094,679.495300292969,3
130,140,254.571426391602,293.464294433594,189.353363037109,331.696746826172,2
137,99,50.6785697937012,148.5,51.6418266296387,220.057708740234,4
258,118,130.821426391602,223.928573608398,225.010818481445,50.4522552490234,4
150,248,0.0,133.178573608398,206.567306518555,99.8310623168945,4
496,115,661.178588867188,185.035720825195,581.585327148438,61.1867790222168,1
139,58,141.428573608398,103.714286804199,154.925476074219,286.611755371094,4
428,100,611.678588867188,110.785713195801,612.324523925781,270.509979248047,1
186,101,80.1428604125977,387.75,572.978393554688,600.059814453125,3
215,136,606.964294433594,120.214286804199,826.269226074219,161.017837524414,1
202,80,121.392860412598,173.25,134.022842407227,322.035675048828,4
193,68,45.9642868041992,27.1071434020996,67.626205444336,242.600204467773,4
986,375,280.5,770.785705566406,655.359375,809.382995605469,3
195,34,50.6785697937012,11.7857141494751,266.816101074219,6.44071340560913,4
240,122,0.0,120.214286804199,134.022842407227,266.216156005859,4
349,83,66.0,62.4642868041992,55.3305282592773,194.294860839844,4
65,167,0.0,0.0,47.953125,155.650573730469,4
237,120,572.785705566406,0.0,609.865356445312,148.136413574219,1
304,290,275.785705566406,340.607147216797,199.189910888672,353.165802001953,2
97,138,47.1428565979004,84.8571395874023,0.0,253.334732055664,4
102,85,25.9285717010498,82.5,0.0,135.254989624023,4
110,43,0.0,260.464294433594,103.283653259277,231.865692138672,4
152,104,506.785705566406,0.0,639.375,235.086044311523,1
195,181,331.178558349609,377.142852783203,67.626205444336,224.351516723633,2
154,72,61.2857131958008,135.535720825195,134.022842407227,302.713531494141,4
428,87,621.107116699219,28.2857151031494,630.768005371094,0.0,1
226,114,169.714279174805,53.0357131958008,0.0,355.312683105469,4
95,306,156.75,0.0,163.532455444336,0.0,4
103,75,0.0,48.3214302062988,75.0036087036133,90.1699905395508,4
108,108,137.892852783203,100.178573608398,163.532455444336,299.493194580078,4
321,249,227.464279174805,299.357147216797,106.972358703613,318.815307617188,2
212,301,293.464294433594,377.142852783203,174.598556518555,283.391387939453,2
184,93,35.3571434020996,130.821426391602,11.0661058425903,323.109130859375,4
114,54,71.8928604125977,137.892852783203,98.3653869628906,177.11962890625,4
393,93,136.714279174805,101.357139587402,196.730773925781,216.837356567383,4
260,120,77.7857131958008,86.0357131958008,0.0,308.080810546875,4
67,45,0.0,68.3571395874023,4.91826915740967,75.1416549682617,4
219,124,102.535713195801,198.0,243.454330444336,128.814270019531,4
269,116,106.071426391602,198.0,41.805290222168,97.6841583251953,4
288,141,168.535720825195,180.321426391602,260.668273925781,301.640075683594,4
314,93,588.107116699219,0.0,565.600952148438,143.84260559082,1
175,68,544.5,242.785720825195,698.394226074219,311.301147460938,1
60,90,0.0,0.0,0.0,178.193069458008,4
178,151,29.4642848968506,0.0,186.894226074219,267.289611816406,4
240,124,611.678588867188,0.0,763.561279296875,199.662124633789,1
253,108,596.357116699219,0.0,718.067321777344,21.4690456390381,1
108,63,0.0,0.0,0.0,283.391387939453,4
282,145,35.3571434020996,142.607147216797,114.349761962891,271.583435058594,4
429,90,561.0,116.678573608398,606.176696777344,203.955932617188,1
381,97,113.142860412598,193.285720825195,61.4783668518066,327.402923583984,4
77,161,144.964279174805,87.2142868041992,135.252410888672,266.216156005859,4
265,139,93.1071395874023,424.285705566406,596.340148925781,661.24658203125,3
227,133,0.0,0.0,103.283653259277,168.531997680664,4
159,112,64.8214263916016,0.0,174.598556518555,167.458557128906,4
126,118,96.6428604125977,0.0,0.0,273.730316162109,4
126,236,281.678558349609,324.107147216797,66.3966369628906,318.815307617188,2
145,260,0.0,68.3571395874023,98.3653869628906,257.628540039062,4
252,103,0.0,68.3571395874023,134.022842407227,269.4365234375,4
408,73,535.071411132812,192.107147216797,591.421875,174.972717285156,1
282,77,24.75,228.642852783203,161.073318481445,0.0,4
324,97,528.0,45.9642868041992,607.40625,0.0,1
66,61,73.0714263916016,150.857147216797,54.100959777832,153.503677368164,4
92,40,0.0,123.75,12.2956733703613,48.3053512573242,4
111,45,0.0,168.535720825195,132.793273925781,250.114379882812,4
289,157,128.464279174805,122.571426391602,249.602157592773,130.961181640625,4
143,126,17.6785717010498,0.0,189.353363037109,149.209869384766,4
452,113,610.5,87.2142868041992,630.768005371094,315.594970703125,1
253,130,144.964279174805,114.321426391602,256.979553222656,181.413436889648,4
75,25,0.0,18.8571434020996,161.073318481445,266.216156005859,4
324,220,129.642852783203,0.0,231.158660888672,174.972717285156,4
261,55,0.0,152.035720825195,0.0,48.3053512573242,4
348,154,93.1071395874023,56.5714302062988,86.069709777832,353.165802001953,4
80,56,0.0,95.4642868041992,140.170669555664,261.92236328125,4
309,110,115.5,173.25,90.9879837036133,201.809020996094,4
350,339,364.178558349609,386.571441650391,330.753601074219,404.691497802734,2
79,121,22.3928565979004,0.0,99.594955444336,8.5876178741455,4
99,65,0.0,106.071426391602,100.824516296387,192.14794921875,4
200,551,0.0,4.7142858505249,229.929092407227,137.401885986328,4
289,101,175.607147216797,78.9642868041992,67.626205444336,117.006294250488,4
190,97,62.4642868041992,11.7857141494751,95.90625,229.718780517578,4
440,181,102.535713195801,132.0,114.349761962891,200.735565185547,4
210,132,86.0357131958008,195.642852783203,31.96875,45.0849952697754,4
160,257,287.571441650391,338.25,206.567306518555,297.346282958984,2
81,175,225.107147216797,239.25,205.337738037109,403.618041992188,2
348,80,575.142883300781,139.071426391602,618.472351074219,316.668426513672,1
248,133,564.535705566406,245.142852783203,764.790893554688,19.3221397399902,1
339,77,185.035720825195,599.892883300781,532.402648925781,666.613830566406,3
193,104,571.607116699219,146.142852783203,782.004821777344,136.328430175781,1
90,332,150.857147216797,199.178573608398,195.501205444336,216.837356567383,4
159,59,0.0,0.0,163.532455444336,298.419738769531,4
320,186,31.8214282989502,205.071426391602,1.22956728935242,0.0,4
100,96,170.892852783203,229.821426391602,125.415863037109,276.95068359375,4
91,162,274.607147216797,216.857147216797,103.283653259277,302.713531494141,2
86,58,0.0,63.6428565979004,0.0,0.0,4
440,77,558.642883300781,0.0,608.635803222656,0.0,1
129,109,117.857139587402,68.3571395874023,108.201919555664,209.323196411133,4
63,50,0.0,33.0,49.1826934814453,190.001052856445,4
102,47,56.5714302062988,18.8571434020996,142.629806518555,241.526763916016,4
110,24,71.8928604125977,0.0,7.3774037361145,243.67366027832,4
206,116,78.9642868041992,203.892852783203,135.252410888672,237.232955932617,4
291,146,64.8214263916016,0.0,204.108169555664,294.125915527344,4
67,141,0.0,0.0,0.0,224.351516723633,4
226,287,328.821441650391,378.321441650391,238.536056518555,440.115417480469,2
74,38,0.0,0.0,0.0,187.854141235352,4
166,68,126.107139587402,517.392883300781,703.3125,648.365173339844,3
100,17,0.0,0.0,55.3305282592773,257.628540039062,4
190,123,8.25,597.535705566406,695.935119628906,735.314819335938,3
99,17,71.8928604125977,0.0,6.14783668518066,19.3221397399902,4
91,24,23.5714282989502,68.3571395874023,31.96875,264.069244384766,4
134,122,108.428573608398,0.0,0.0,272.656860351562,4
380,114,44.7857131958008,443.142852783203,584.044494628906,627.969543457031,3
229,126,81.3214263916016,120.214286804199,68.8557662963867,171.752365112305,4
337,83,114.321426391602,156.75,81.1514434814453,126.667366027832,4
251,113,152.035720825195,162.642852783203,225.010818481445,61.1867790222168,4
436,108,630.535705566406,0.0,608.635803222656,298.419738769531,1
182,125,8.25,687.107116699219,683.639404296875,739.608581542969,3
100,44,0.0,144.964279174805,87.2992782592773,166.385101318359,4
409,100,78.9642868041992,728.357116699219,581.585327148438,775.032531738281,3
102,88,104.892860412598,143.785720825195,27.050479888916,333.843658447266,4
122,208,0.0,100.178573608398,95.90625,172.825805664062,4
487,187,242.785720825195,275.785705566406,114.349761962891,278.024139404297,2
118,189,313.5,288.75,236.076919555664,388.589721679688,2
184,91,1.17857146263123,108.428573608398,98.3653869628906,329.549835205078,4
235,58,0.0,122.571426391602,0.0,275.877227783203,4
64,43,0.0,0.0,0.0,212.543548583984,4
403,143,60.1071434020996,177.964279174805,98.3653869628906,298.419738769531,4
260,84,55.3928565979004,209.785720825195,0.0,0.0,4
492,120,267.535705566406,0.0,29.509614944458,254.408187866211,2
415,94,62.4642868041992,0.0,148.777648925781,225.42497253418,4
396,84,635.25,229.821426391602,675.032470703125,244.747116088867,1
60,15,0.0,0.0,0.0,283.391387939453,4
107,25,56.5714302062988,180.321426391602,82.3810119628906,151.35676574707,4
185,112,15.3214282989502,100.178573608398,56.5600967407227,240.453308105469,4
95,78,53.0357131958008,166.178573608398,0.0,267.289611816406,4
66,258,11.7857141494751,106.071426391602,114.349761962891,80.508918762207,4
82,54,15.3214282989502,43.6071434020996,61.4783668518066,167.458557128906,4
79,30,0.0,187.392852783203,0.0,159.944381713867,4
202,71,141.428573608398,174.428573608398,68.8557662963867,286.611755371094,4
124,100,74.25,18.8571434020996,100.824516296387,294.125915527344,4
420,74,608.142883300781,42.4285697937012,627.079345703125,187.854141235352,1
416,122,159.107147216797,45.9642868041992,173.368988037109,319.888763427734,4
440,117,43.6071434020996,142.607147216797,57.789665222168,198.588668823242,4
176,80,8.25,135.535720825195,31.96875,323.109130859375,4
449,119,608.142883300781,78.9642868041992,650.441101074219,67.6274948120117,1
100,250,121.392860412598,0.0,90.9879837036133,286.611755371094,4
274,125,5.89285707473755,155.571426391602,83.610580444336,0.0,4
112,96,3.53571438789368,142.607147216797,0.0,150.283309936523,4
311,193,122.571426391602,274.607147216797,0.0,330.623291015625,4
277,55,34.1785697937012,539.785705566406,617.242797851562,597.912902832031,3
309,226,182.678573608398,302.892852783203,143.859375,267.289611816406,4
265,131,0.0,31.8214282989502,11.0661058425903,159.944381713867,4
193,153,1.17857146263123,0.0,152.466339111328,164.238189697266,4
339,65,562.178588867188,30.6428565979004,683.639404296875,242.600204467773,1
64,35,0.0,50.6785697937012,17.2139415740967,0.0,4
332,164,0.0,147.321426391602,0.0,309.154235839844,4
70,69,0.0,0.0,0.0,0.0,4
203,66,0.0,94.2857131958008,435.266815185547,0.0,4
366,133,31.8214282989502,219.214279174805,286.489196777344,176.046173095703,4
110,47,0.0,137.892852783203,0.0,32.2035675048828,4
70,345,90.75,41.25,106.972358703613,38.6442794799805,4
220,127,5.89285707473755,183.857147216797,0.0,241.526763916016,4
259,91,0.0,12.9642858505249,47.953125,317.741882324219,4
123,75,0.0,42.4285697937012,45.4939918518066,163.164749145508,4
250,103,51.8571434020996,15.3214282989502,266.816101074219,218.984252929688,4
268,119,99.0,617.571411132812,568.060119628906,709.551940917969,3
79,50,21.2142848968506,0.0,17.2139415740967,6.44071340560913,4
288,162,165.0,123.75,222.551681518555,315.594970703125,4
199,92,49.5,40.0714302062988,109.431488037109,347.798522949219,4
397,144,146.142852783203,185.035720825195,145.088943481445,361.75341796875,4
215,132,0.0,273.428558349609,0.0,197.515213012695,4
102,79,27.1071434020996,136.714279174805,9.83653831481934,151.35676574707,4
232,121,106.071426391602,106.071426391602,200.419464111328,177.11962890625,4
234,143,590.464294433594,149.678573608398,741.429077148438,1.07345223426819,1
374,116,630.535705566406,24.75,786.923095703125,0.0,1
342,107,539.785705566406,0.0,569.289672851562,137.401885986328,1
215,121,144.964279174805,0.0,70.085334777832,139.548797607422,4
194,84,121.392860412598,108.428573608398,20.902645111084,371.414489746094,4
95,84,0.0,78.9642868041992,0.0,186.780685424805,4
400,94,0.0,0.0,350.426696777344,178.193069458008,4
93,92,0.0,193.285720825195,0.0,264.069244384766,4
197,110,576.321411132812,203.892852783203,772.168273925781,310.227691650391,1
89,53,0.0,0.0,0.0,259.775451660156,4
140,33,90.75,30.6428565979004,150.007217407227,156.724029541016,4
324,175,124.928573608398,201.535720825195,70.085334777832,331.696746826172,4
96,57,0.0,0.0,49.1826934814453,207.176284790039,4
156,199,332.357147216797,337.071441650391,255.75,405.764953613281,2
278,181,195.642852783203,229.821426391602,209.026443481445,234.012588500977,4
168,132,58.9285697937012,238.071426391602,67.626205444336,301.640075683594,4
265,274,202.714279174805,302.892852783203,97.1358184814453,253.334732055664,4
199,133,74.25,90.75,17.2139415740967,0.0,4
393,70,0.0,674.142883300781,572.978393554688,728.874084472656,3
282,103,129.642852783203,0.0,244.683898925781,216.837356567383,4
86,164,249.857147216797,302.892852783203,180.746398925781,329.549835205078,2
283,126,113.142860412598,113.142860412598,105.742790222168,257.628540039062,4
172,98,0.0,161.464279174805,13.525239944458,327.402923583984,4
194,121,585.75,20.0357151031494,713.149047851562,244.747116088867,1
85,158,0.0,22.3928565979004,125.415863037109,149.209869384766,4
207,114,0.0,617.571411132812,695.935119628906,708.478515625,3
190,262,279.321441650391,322.928558349609,245.913467407227,371.414489746094,2
457,95,0.0,69.5357131958008,100.824516296387,75.1416549682617,4
111,56,482.035705566406,99.0,614.783630371094,179.266525268555,1
310,117,119.035713195801,170.892852783203,47.953125,346.725067138672,4
183,68,34.1785697937012,176.785720825195,165.991592407227,291.97900390625,4
243,104,142.607147216797,222.75,0.0,293.052459716797,4
109,186,0.0,121.392860412598,49.1826934814453,222.204620361328,4
263,161,306.428558349609,307.607147216797,34.4278831481934,294.125915527344,2
362,87,588.107116699219,0.0,691.016845703125,134.181533813477,1
235,169,94.2857131958008,114.321426391602,211.485580444336,226.498428344727,4
193,95,50.6785697937012,2.35714292526245,94.6766815185547,134.181533813477,4
250,250,232.178573608398,325.285705566406,292.637023925781,331.696746826172,2
496,183,274.607147216797,695.357116699219,636.915893554688,767.518371582031,3
125,54,14.1428575515747,179.142852783203,0.0,0.0,4
225,131,70.7142868041992,495.0,574.207946777344,583.9580078125,3
85,107,222.75,267.535705566406,151.236785888672,404.691497802734,2
207,119,76.6071395874023,496.178558349609,634.456726074219,709.551940917969,3
142,122,116.678573608398,0.0,0.0,255.481643676758,4
258,325,252.214279174805,308.785705566406,191.8125,294.125915527344,2
105,152,89.5714263916016,255.75,61.4783668518066,255.481643676758,4
92,45,0.0,24.75,0.0,96.6107025146484,4
155,224,271.071441650391,338.25,237.306488037109,314.521514892578,2
104,107,0.0,58.9285697937012,6.14783668518066,206.102828979492,4
212,96,467.892852783203,127.285713195801,576.667053222656,261.92236328125,1
158,83,175.607147216797,161.464279174805,47.953125,243.67366027832,4
219,107,69.5357131958008,113.142860412598,71.3149032592773,234.012588500977,4
91,106,18.8571434020996,49.5,0.0,132.034622192383,4
100,75,0.0,0.0,145.088943481445,203.955932617188,4
213,111,575.142883300781,0.0,666.425476074219,123.447006225586,1
366,81,606.964294433594,182.678573608398,620.931518554688,117.006294250488,1
369,65,113.142860412598,0.0,135.252410888672,274.803771972656,4
118,43,0.0,0.0,12.2956733703613,173.899261474609,4
188,128,0.0,128.464279174805,0.0,181.413436889648,4
375,77,104.892860412598,169.714279174805,18.443510055542,203.955932617188,4
525,100,635.25,0.0,616.013244628906,56.8929710388184,1
89,80,49.5,0.0,22.1322116851807,113.785942077637,4
504,187,670.607116699219,259.285705566406,555.764404296875,242.600204467773,1
263,118,51.8571434020996,117.857139587402,158.614181518555,0.0,4
369,139,91.9285736083984,203.892852783203,183.205535888672,23.6159496307373,4
75,31,111.964286804199,0.0,0.0,51.525707244873,4
104,54,0.0,86.0357131958008,127.875,31.1301155090332,4
344,167,186.214279174805,249.857147216797,285.259613037109,303.786987304688,4
306,97,0.0,1.17857146263123,212.715148925781,274.803771972656,4
166,34,42.4285697937012,144.964279174805,47.953125,0.0,4
132,390,123.75,309.964294433594,253.290863037109,200.735565185547,4
86,88,0.0,0.0,104.513221740723,117.006294250488,4
208,149,70.7142868041992,110.785713195801,36.887020111084,340.284362792969,4
261,204,91.9285736083984,149.678573608398,264.356964111328,242.600204467773,4
145,74,545.678588867188,0.0,735.28125,114.859390258789,1
91,27,0.0,0.0,50.4122581481934,10.734522819519,4
307,69,63.6428565979004,116.678573608398,140.170669555664,346.725067138672,4
70,38,0.0,0.0,0.0,82.6558227539062,4
254,119,10.6071424484253,605.785705566406,614.783630371094,671.981140136719,3
162,211,285.214294433594,295.821441650391,270.504821777344,286.611755371094,2
191,62,0.0,71.8928604125977,115.579330444336,0.0,4
194,75,566.892883300781,76.6071395874023,747.576904296875,0.0,1
395,259,57.75,160.285720825195,173.368988037109,302.713531494141,4
251,90,529.178588867188,0.0,732.822143554688,40.791187286377,1
497,101,622.285705566406,97.8214263916016,671.34375,34.350471496582,1
199,129,128.464279174805,144.964279174805,145.088943481445,270.509979248047,4
529,94,608.142883300781,0.0,697.164672851562,107.345222473145,1
202,132,99.0,206.25,194.271636962891,356.386138916016,4
119,81,0.0,0.0,0.0,257.628540039062,4
139,85,30.6428565979004,0.0,0.0,178.193069458008,4
427,162,192.107147216797,62.4642868041992,170.909851074219,282.317932128906,4
459,116,110.785713195801,83.6785736083984,55.3305282592773,182.486877441406,4
451,155,41.25,91.9285736083984,106.972358703613,308.080810546875,4
204,80,60.1071434020996,195.642852783203,75.0036087036133,288.758666992188,4
179,108,136.714279174805,218.035720825195,253.290863037109,251.18782043457,4
201,101,117.857139587402,123.75,138.941101074219,235.086044311523,4
439,130,625.821411132812,0.0,622.161071777344,257.628540039062,1
430,145,114.321426391602,167.357147216797,141.400238037109,0.0,4
127,171,159.107147216797,242.785720825195,63.9375,217.91081237793,4
353,82,168.535720825195,83.6785736083984,65.1670684814453,110.565582275391,4
181,102,134.357147216797,0.0,79.921875,301.640075683594,4
404,166,115.5,91.9285736083984,30.7391834259033,352.092346191406,4
417,152,101.357139587402,76.6071395874023,152.466339111328,315.594970703125,4
81,169,38.8928565979004,146.142852783203,115.579330444336,181.413436889648,4
83,38,0.0,40.0714302062988,0.0,166.385101318359,4
80,58,37.7142868041992,61.2857131958008,3.68870186805725,202.882476806641,4
399,62,110.785713195801,595.178588867188,603.717529296875,631.18994140625,3
382,212,114.321426391602,0.0,152.466339111328,282.317932128906,4
346,150,80.1428604125977,234.535720825195,255.75,206.102828979492,4
177,521,141.428573608398,0.0,114.349761962891,0.0,4
145,86,571.607116699219,70.7142868041992,741.429077148438,258.701995849609,1
135,44,0.0,169.714279174805,45.4939918518066,239.379852294922,4
173,65,447.857147216797,89.5714263916016,643.063720703125,230.792236328125,1
563,219,271.071441650391,207.428573608398,88.5288467407227,205.029388427734,2
298,138,242.785720825195,174.428573608398,129.104568481445,234.012588500977,2
205,116,94.2857131958008,174.428573608398,260.668273925781,17.175235748291,4
72,62,0.0,0.0,156.155044555664,96.6107025146484,4
268,135,93.1071395874023,43.6071434020996,0.0,208.249740600586,4
148,225,380.678558349609,380.678558349609,280.341339111328,376.78173828125,2
150,240,188.571426391602,113.142860412598,178.287261962891,273.730316162109,4
214,103,101.357139587402,313.5,252.061294555664,372.487945556641,4
79,311,96.6428604125977,0.0,152.466339111328,185.707244873047,4
301,61,0.0,58.9285697937012,163.532455444336,216.837356567383,4
187,88,0.0,485.571441650391,634.456726074219,641.924438476562,3
60,54,0.0,0.0,92.217544555664,94.4637985229492,4
232,168,53.0357131958008,117.857139587402,159.84375,295.199371337891,4
419,85,231.0,635.25,450.021636962891,694.523620605469,3
204,185,30.6428565979004,0.0,116.808891296387,246.894012451172,4
196,67,0.0,559.821411132812,623.390625,675.201477050781,3
146,27,120.214286804199,24.75,0.0,200.735565185547,4
304,63,531.535705566406,150.857147216797,614.783630371094,180.339981079102,1
397,77,604.607116699219,122.571426391602,566.830505371094,0.0,1
210,76,0.0,53.0357131958008,118.038459777832,89.0965347290039,4
114,225,236.892852783203,305.25,75.0036087036133,339.210906982422,2
178,59,531.535705566406,167.357147216797,721.755981445312,0.0,1
159,105,0.0,21.2142848968506,0.0,0.0,4
314,178,55.3928565979004,163.821426391602,71.3149032592773,258.701995849609,4
456,111,40.0714302062988,81.3214263916016,105.742790222168,195.368316650391,4
201,98,0.0,0.0,99.594955444336,249.040924072266,4
185,110,76.6071395874023,639.964294433594,689.787231445312,666.613830566406,3
174,238,305.25,347.678558349609,191.8125,341.357818603516,2
131,73,0.0,40.0714302062988,0.0,166.385101318359,4
178,241,40.0714302062988,75.4285736083984,272.963928222656,211.470092773438,4
64,39,0.0,40.0714302062988,31.96875,203.955932617188,4
88,20,31.8214282989502,23.5714282989502,104.513221740723,298.419738769531,4
190,84,143.785720825195,67.1785736083984,102.054084777832,303.786987304688,4
90,51,3.53571438789368,121.392860412598,52.871395111084,90.1699905395508,4
86,89,51.8571434020996,0.0,35.6574516296387,186.780685424805,4
208,129,176.785720825195,31.8214282989502,90.9879837036133,275.877227783203,4
98,353,0.0,0.0,145.088943481445,176.046173095703,4
367,103,44.7857131958008,146.142852783203,134.022842407227,217.91081237793,4
139,81,347.678558349609,108.428573608398,244.683898925781,229.718780517578,2
378,103,29.4642848968506,70.7142868041992,163.532455444336,201.809020996094,4
142,247,308.785705566406,373.607147216797,279.111785888672,338.137451171875,2
86,105,147.321426391602,0.0,263.127410888672,251.18782043457,4
361,147,102.535713195801,82.5,179.516830444336,289.832122802734,4
172,85,509.142852783203,5.89285707473755,598.799255371094,288.758666992188,1
104,228,0.0,20.0357151031494,0.0,163.164749145508,4
65,36,0.0,54.2142868041992,67.626205444336,26.8363056182861,4
246,93,0.0,33.0,52.871395111084,8.5876178741455,4
228,125,109.607139587402,0.0,81.1514434814453,346.725067138672,4
71,39,0.0,62.4642868041992,0.0,215.763900756836,4
65,53,53.0357131958008,42.4285697937012,199.189910888672,262.995788574219,4
204,164,34.1785697937012,117.857139587402,104.513221740723,129.887725830078,4
231,93,103.714286804199,176.785720825195,114.349761962891,125.593910217285,4
108,163,136.714279174805,227.464279174805,226.240386962891,241.526763916016,4
66,90,153.214279174805,284.035705566406,135.252410888672,340.284362792969,4
124,79,82.5,66.0,122.956733703613,61.1867790222168,4
86,51,57.75,0.0,63.9375,121.300102233887,4
282,124,0.0,241.607147216797,183.205535888672,313.448059082031,4
95,57,55.3928565979004,152.035720825195,0.0,309.154235839844,4
204,119,81.3214263916016,622.285705566406,651.670654296875,698.817443847656,3
71,27,0.0,0.0,0.0,141.695693969727,4
96,43,0.0,89.5714263916016,13.525239944458,240.453308105469,4
403,93,186.214279174805,555.107116699219,561.912231445312,666.613830566406,3
95,98,0.0,0.0,7.3774037361145,238.306396484375,4
254,119,66.0,83.6785736083984,51.6418266296387,47.2318992614746,4
96,90,22.3928565979004,0.0,163.532455444336,295.199371337891,4
162,76,0.0,192.107147216797,24.5913467407227,262.995788574219,4
227,95,62.4642868041992,603.428588867188,606.176696777344,687.009460449219,3
199,111,43.6071434020996,187.392852783203,79.921875,300.566619873047,4
149,89,60.1071434020996,75.4285736083984,54.100959777832,78.3620147705078,4
152,108,69.5357131958008,555.107116699219,622.161071777344,700.964294433594,3
344,89,609.321411132812,0.0,691.016845703125,157.797485351562,1
188,41,167.357147216797,77.7857131958008,100.824516296387,158.870941162109,4
89,40,0.0,203.892852783203,0.0,327.402923583984,4
142,84,54.2142868041992,35.3571434020996,113.120193481445,258.701995849609,4
100,55,2.35714292526245,0.0,12.2956733703613,132.034622192383,4
83,227,0.0,0.0,3.68870186805725,254.408187866211,4
393,234,256.928558349609,418.392852783203,242.224761962891,335.990570068359,2
95,36,120.214286804199,113.142860412598,148.777648925781,264.069244384766,4
455,85,596.357116699219,48.3214302062988,630.768005371094,158.870941162109,1
475,100,179.142852783203,632.892883300781,584.044494628906,697.743957519531,3
184,70,0.0,104.892860412598,33.1983184814453,224.351516723633,4
177,270,133.178573608398,194.464279174805,150.007217407227,267.289611816406,4
378,183,177.964279174805,223.928573608398,185.664657592773,266.216156005859,4
93,36,0.0,2.35714292526245,22.1322116851807,110.565582275391,4
247,139,163.821426391602,146.142852783203,102.054084777832,194.294860839844,4
277,138,110.785713195801,497.357147216797,575.4375,697.743957519531,3
505,106,601.071411132812,122.571426391602,683.639404296875,272.656860351562,1
212,109,0.0,584.571411132812,668.884643554688,653.732421875,3
133,434,0.0,91.9285736083984,2.45913457870483,235.086044311523,4
74,203,25.9285717010498,12.9642858505249,143.859375,282.317932128906,4
141,60,0.0,102.535713195801,0.0,138.475341796875,4
320,65,54.2142868041992,75.4285736083984,111.890625,199.662124633789,4
164,104,33.0,0.0,88.5288467407227,0.0,4
137,66,0.0,0.0,7.3774037361145,6.44071340560913,4
411,96,583.392883300781,0.0,536.091369628906,210.396636962891,1
276,159,0.0,208.607147216797,82.3810119628906,185.707244873047,4
644,430,342.964294433594,466.714294433594,210.256011962891,345.651611328125,2
465,102,113.142860412598,64.8214263916016,110.661056518555,0.0,4
263,140,81.3214263916016,200.357147216797,194.271636962891,335.990570068359,4
206,100,63.6428565979004,130.821426391602,106.972358703613,273.730316162109,4
169,84,570.428588867188,103.714286804199,686.098571777344,0.0,1
114,74,0.0,179.142852783203,115.579330444336,266.216156005859,4
410,116,611.678588867188,194.464279174805,650.441101074219,220.057708740234,1
70,33,0.0,45.9642868041992,0.0,97.6841583251953,4
265,183,20.0357151031494,81.3214263916016,194.271636962891,249.040924072266,4
110,88,0.0,0.0,0.0,197.515213012695,4
77,39,0.0,0.0,210.256011962891,62.2602310180664,4
148,41,91.9285736083984,100.178573608398,9.83653831481934,225.42497253418,4
294,151,141.428573608398,192.107147216797,0.0,104.124870300293,4
76,35,55.3928565979004,0.0,0.0,228.645324707031,4
199,74,53.0357131958008,584.571411132812,663.966369628906,663.393493652344,3
152,88,121.392860412598,17.6785717010498,105.742790222168,286.611755371094,4
126,91,509.142852783203,20.0357151031494,700.853393554688,122.373558044434,1
99,234,2.35714292526245,208.607147216797,148.777648925781,247.967468261719,4
229,120,172.071426391602,233.357147216797,190.582931518555,373.561370849609,4
74,27,0.0,27.1071434020996,4.91826915740967,261.92236328125,4
246,146,83.6785736083984,23.5714282989502,90.9879837036133,202.882476806641,4
281,142,86.0357131958008,152.035720825195,25.8209133148193,282.317932128906,4
183,143,319.392852783203,264.0,108.201919555664,320.962219238281,2
146,221,262.821441650391,407.785705566406,309.850952148438,341.357818603516,2
296,134,30.6428565979004,207.428573608398,0.0,75.1416549682617,4
429,89,586.928588867188,81.3214263916016,635.686279296875,299.493194580078,1
165,59,0.0,147.321426391602,223.78125,215.763900756836,4
260,124,102.535713195801,160.285720825195,131.563705444336,243.67366027832,4
173,219,344.142852783203,342.964294433594,242.224761962891,328.476379394531,2
162,115,0.0,115.5,764.790893554688,211.470092773438,4
272,58,91.9285736083984,89.5714263916016,110.661056518555,226.498428344727,4
432,136,609.321411132812,254.571426391602,601.258422851562,173.899261474609,1
227,128,225.107147216797,353.571441650391,152.466339111328,331.696746826172,2
251,127,0.0,182.678573608398,86.069709777832,205.029388427734,4
182,113,96.6428604125977,242.785720825195,82.3810119628906,236.15950012207,4
72,28,0.0,0.0,2.45913457870483,270.509979248047,4
193,97,0.0,548.035705566406,636.915893554688,675.201477050781,3
223,112,95.4642868041992,563.357116699219,576.667053222656,627.969543457031,3
96,229,120.214286804199,0.0,0.0,125.593910217285,4
207,177,262.821441650391,322.928558349609,77.4627380371094,347.798522949219,2
193,112,16.5,76.6071395874023,82.3810119628906,261.92236328125,4
191,150,82.5,291.107147216797,8.60697078704834,236.15950012207,4
148,334,0.0,311.142852783203,0.0,148.136413574219,4
205,97,0.0,181.5,81.1514434814453,180.339981079102,4
115,37,94.2857131958008,5.89285707473755,17.2139415740967,310.227691650391,4
172,275,243.964279174805,287.571441650391,261.897827148438,303.786987304688,2
290,295,143.785720825195,258.107147216797,175.828125,317.741882324219,4
83,61,352.392852783203,221.571426391602,496.745178222656,323.109130859375,2
211,101,124.928573608398,183.857147216797,173.368988037109,262.995788574219,4
130,62,0.0,115.5,0.0,218.984252929688,4
142,386,496.178558349609,141.428573608398,140.170669555664,183.560333251953,1
292,49,0.0,70.7142868041992,52.871395111084,269.4365234375,4
174,65,518.571411132812,58.9285697937012,673.802856445312,303.786987304688,1
217,61,35.3571434020996,0.0,148.777648925781,268.363067626953,4
275,214,299.357147216797,350.035705566406,244.683898925781,386.442810058594,2
239,147,136.714279174805,219.214279174805,180.746398925781,372.487945556641,4
161,88,95.4642868041992,130.821426391602,0.0,236.15950012207,4
316,123,55.3928565979004,157.928573608398,201.649032592773,239.379852294922,4
109,76,0.0,0.0,82.3810119628906,300.566619873047,4
179,107,577.5,69.5357131958008,580.355773925781,253.334732055664,1
63,51,38.8928565979004,41.25,0.0,293.052459716797,4
100,62,0.0,0.0,105.742790222168,133.10807800293,4
69,127,104.892860412598,73.0714263916016,75.0036087036133,183.560333251953,4
60,30,0.0,51.8571434020996,55.3305282592773,0.0,4
70,76,58.9285697937012,0.0,73.774040222168,261.92236328125,4
62,57,0.0,71.8928604125977,86.069709777832,151.35676574707,4
108,28,0.0,0.0,68.8557662963867,206.102828979492,4
162,75,0.0,650.571411132812,631.997619628906,670.907653808594,3
247,117,11.7857141494751,495.0,604.947143554688,587.178405761719,3
109,52,0.0,77.7857131958008,47.953125,132.034622192383,4
195,134,248.678573608398,351.214294433594,213.944717407227,302.713531494141,2
307,120,28.2857151031494,66.0,25.8209133148193,261.92236328125,4
252,146,162.642852783203,199.178573608398,108.201919555664,361.75341796875,4
97,94,7.07142877578735,175.607147216797,99.594955444336,135.254989624023,4
116,67,0.0,0.0,34.4278831481934,235.086044311523,4
141,91,582.214294433594,15.3214282989502,793.070922851562,183.560333251953,1
90,59,0.0,153.214279174805,0.0,163.164749145508,4
357,98,71.8928604125977,84.8571395874023,222.551681518555,311.301147460938,4
640,146,144.964279174805,169.714279174805,8.60697078704834,308.080810546875,4
573,236,140.25,312.321441650391,136.481964111328,253.334732055664,4
271,123,120.214286804199,120.214286804199,110.661056518555,337.063995361328,4
69,52,0.0,96.6428604125977,0.0,0.0,4
65,26,0.0,0.0,0.0,0.0,4
104,115,50.6785697937012,0.0,143.859375,201.809020996094,4
223,156,0.0,176.785720825195,44.2644233703613,345.651611328125,4
207,109,62.4642868041992,645.857116699219,661.507202148438,696.670532226562,3
164,82,526.821411132812,0.0,731.592529296875,170.678909301758,1
228,154,109.607139587402,93.1071395874023,217.633407592773,272.656860351562,4
197,77,150.857147216797,177.964279174805,179.516830444336,290.905548095703,4
453,115,113.142860412598,48.3214302062988,194.271636962891,166.385101318359,4
194,209,0.0,34.1785697937012,11.0661058425903,186.780685424805,4
367,89,588.107116699219,58.9285697937012,586.503601074219,141.695693969727,1
134,235,110.785713195801,188.571426391602,146.318511962891,258.701995849609,4
285,120,5.89285707473755,175.607147216797,111.890625,297.346282958984,4
328,112,201.535720825195,515.035705566406,477.072113037109,687.009460449219,3
97,39,0.0,20.0357151031494,0.0,161.017837524414,4
79,49,121.392860412598,102.535713195801,150.007217407227,132.034622192383,4
201,106,95.4642868041992,130.821426391602,180.746398925781,208.249740600586,4
184,119,280.5,195.642852783203,175.828125,301.640075683594,2
155,91,568.071411132812,135.535720825195,762.331726074219,313.448059082031,1
196,100,56.5714302062988,101.357139587402,92.217544555664,311.301147460938,4
84,120,31.8214282989502,2.35714292526245,99.594955444336,274.803771972656,4
162,68,444.321441650391,192.107147216797,489.367797851562,208.249740600586,1
90,28,0.0,111.964286804199,0.0,267.289611816406,4
252,175,56.5714302062988,84.8571395874023,232.388214111328,288.758666992188,4
271,160,15.3214282989502,146.142852783203,50.4122581481934,338.137451171875,4
76,42,0.0,22.3928565979004,248.372589111328,276.95068359375,4
300,73,63.6428565979004,113.142860412598,12.2956733703613,178.193069458008,4
133,39,64.8214263916016,0.0,113.120193481445,112.71248626709,4
136,86,41.25,68.3571395874023,40.5757217407227,168.531997680664,4
148,47,48.3214302062988,152.035720825195,162.302886962891,90.1699905395508,4
102,174,251.035720825195,159.107147216797,141.400238037109,284.46484375,2
147,101,1.17857146263123,154.392852783203,157.384613037109,216.837356567383,4
377,159,143.785720825195,160.285720825195,33.1983184814453,149.209869384766,4
139,89,0.0,30.6428565979004,0.0,186.780685424805,4
224,555,33.0,134.357147216797,118.038459777832,180.339981079102,4
83,319,50.6785697937012,0.0,0.0,148.136413574219,4
206,292,346.5,379.5,228.699523925781,269.4365234375,2
151,89,0.0,122.571426391602,83.610580444336,0.0,4
79,110,0.0,0.0,183.205535888672,268.363067626953,4
79,53,53.0357131958008,0.0,52.871395111084,110.565582275391,4
399,88,169.714279174805,75.4285736083984,39.3461532592773,234.012588500977,4
130,248,130.821426391602,322.928558349609,288.948303222656,252.261276245117,4
90,291,27.1071434020996,0.0,68.8557662963867,121.300102233887,4
115,214,44.7857131958008,232.178573608398,92.217544555664,218.984252929688,4
489,156,596.357116699219,249.857147216797,624.620178222656,258.701995849609,1
98,213,0.0,0.0,115.579330444336,122.373558044434,4
109,28,0.0,124.928573608398,0.0,148.136413574219,4
268,140,553.928588867188,161.464279174805,638.145446777344,298.419738769531,1
190,108,130.821426391602,148.5,164.762023925781,141.695693969727,4
94,308,0.0,34.1785697937012,0.0,99.8310623168945,4
61,68,14.1428575515747,0.0,14.754807472229,227.571884155273,4
472,107,637.607116699219,127.285713195801,582.814880371094,256.555084228516,1
118,155,284.035705566406,307.607147216797,159.84375,252.261276245117,2
229,119,124.928573608398,30.6428565979004,119.268028259277,3.22035670280457,4
288,219,25.9285717010498,0.0,165.991592407227,64.4071350097656,4
486,103,134.357147216797,695.357116699219,582.814880371094,779.326354980469,3
389,102,123.75,238.071426391602,34.4278831481934,720.286437988281,3
301,173,96.6428604125977,176.785720825195,18.443510055542,106.271774291992,4
79,83,116.678573608398,0.0,31.96875,269.4365234375,4
66,104,69.5357131958008,120.214286804199,0.0,173.899261474609,4
84,184,0.0,14.1428575515747,0.0,166.385101318359,4
216,148,150.857147216797,167.357147216797,750.036071777344,372.487945556641,4
209,104,565.714294433594,146.142852783203,727.903869628906,126.667366027832,1
321,75,57.75,63.6428565979004,24.5913467407227,27.9097595214844,4
77,279,29.4642848968506,0.0,6.14783668518066,199.662124633789,4
286,46,108.428573608398,0.0,126.645431518555,0.0,4
121,49,43.6071434020996,8.25,0.0,78.3620147705078,4
299,136,0.0,179.142852783203,231.158660888672,106.271774291992,4
99,220,0.0,133.178573608398,0.0,156.724029541016,4
273,121,63.6428565979004,155.571426391602,92.217544555664,303.786987304688,4
271,325,330.0,387.75,242.224761962891,327.402923583984,2
124,83,34.1785697937012,67.1785736083984,227.469955444336,286.611755371094,4
463,99,637.607116699219,5.89285707473755,662.736755371094,200.735565185547,1
146,73,34.1785697937012,245.142852783203,66.3966369628906,251.18782043457,4
338,159,252.214279174805,241.607147216797,307.391815185547,351.018890380859,2
134,579,0.0,8.25,4.91826915740967,190.001052856445,4
295,57,0.0,162.642852783203,114.349761962891,0.0,4
162,78,443.142852783203,163.821426391602,612.324523925781,209.323196411133,1
84,200,256.928558349609,305.25,255.75,387.516265869141,2
408,141,169.714279174805,716.571411132812,736.510803222656,756.783813476562,3
100,253,0.0,0.0,199.189910888672,128.814270019531,4
106,242,238.071426391602,312.321441650391,253.290863037109,360.679962158203,2
311,113,100.178573608398,66.0,0.0,269.4365234375,4
135,163,29.4642848968506,93.1071395874023,98.3653869628906,234.012588500977,4
131,101,0.0,0.0,0.0,213.617004394531,4
197,109,0.0,0.0,127.875,172.825805664062,4
67,51,0.0,0.0,0.0,0.0,4
205,100,537.428588867188,15.3214282989502,773.397827148438,258.701995849609,1
94,34,0.0,123.75,0.0,254.408187866211,4
170,122,7.07142877578735,167.357147216797,0.0,288.758666992188,4
99,96,513.857116699219,71.8928604125977,641.834106445312,168.531997680664,1
70,24,53.0357131958008,186.214279174805,124.186294555664,89.0965347290039,4
290,106,70.7142868041992,233.357147216797,150.007217407227,308.080810546875,4
195,105,101.357139587402,190.928573608398,145.088943481445,360.679962158203,4
74,94,0.0,50.6785697937012,0.0,153.503677368164,4
218,169,5.89285707473755,119.035713195801,67.626205444336,293.052459716797,4
195,288,247.5,288.75,184.435089111328,375.708282470703,2
249,234,0.0,0.0,47.953125,172.825805664062,4
218,69,1.17857146263123,195.642852783203,181.975967407227,214.690444946289,4
73,62,18.8571434020996,40.0714302062988,67.626205444336,218.984252929688,4
75,48,20.0357151031494,0.0,36.887020111084,0.0,4
176,153,103.714286804199,188.571426391602,0.0,296.272827148438,4
283,151,66.0,97.8214263916016,188.123794555664,276.95068359375,4
92,27,0.0,0.0,66.3966369628906,79.4354705810547,4
242,156,563.357116699219,174.428573608398,678.721130371094,266.216156005859,1
394,133,170.892852783203,114.321426391602,121.727165222168,303.786987304688,4
271,118,0.0,467.892852783203,563.141845703125,671.981140136719,3
112,37,0.0,0.0,190.582931518555,186.780685424805,4
258,109,4.7142858505249,628.178588867188,616.013244628906,718.139587402344,3
402,97,627.0,0.0,630.768005371094,0.0,1
243,156,579.857116699219,192.107147216797,769.709106445312,122.373558044434,1
290,102,0.0,144.964279174805,63.9375,0.0,4
159,187,328.821441650391,321.75,148.777648925781,259.775451660156,2
60,78,0.0,88.3928604125977,0.0,235.086044311523,4
350,96,147.321426391602,0.0,141.400238037109,251.18782043457,4
179,132,271.071441650391,344.142852783203,247.143035888672,413.279113769531,2
406,97,99.0,0.0,73.774040222168,0.0,4
320,209,180.321426391602,196.821426391602,2.45913457870483,309.154235839844,4
496,90,199.178573608398,147.321426391602,0.0,0.0,4
109,52,0.0,0.0,153.695907592773,0.0,4
102,95,49.5,70.7142868041992,0.0,275.877227783203,4
391,94,172.071426391602,565.714294433594,502.893035888672,706.331604003906,3
188,100,62.4642868041992,15.3214282989502,47.953125,284.46484375,4
100,65,0.0,33.0,63.9375,303.786987304688,4
162,101,99.0,0.0,29.509614944458,105.198318481445,4
265,149,66.0,576.321411132812,718.067321777344,659.099670410156,3
294,199,239.25,194.464279174805,108.201919555664,250.114379882812,2
218,112,0.0,153.214279174805,178.287261962891,261.92236328125,4
487,132,148.5,736.607116699219,617.242797851562,752.490051269531,3
101,35,33.0,0.0,162.302886962891,197.515213012695,4
374,80,34.1785697937012,17.6785717010498,65.1670684814453,199.662124633789,4
220,111,642.321411132812,0.0,735.28125,0.0,1
146,176,249.857147216797,269.892852783203,253.290863037109,371.414489746094,2
266,151,168.535720825195,0.0,226.240386962891,296.272827148438,4
195,85,48.3214302062988,243.964279174805,0.0,135.254989624023,4
81,46,0.0,0.0,108.201919555664,97.6841583251953,4
489,136,590.464294433594,106.071426391602,629.538452148438,252.261276245117,1
384,98,588.107116699219,174.428573608398,641.834106445312,280.171051025391,1
272,156,82.5,63.6428565979004,126.645431518555,251.18782043457,4
141,84,346.5,157.928573608398,468.465148925781,252.261276245117,2
109,56,91.9285736083984,150.857147216797,24.5913467407227,237.232955932617,4
124,177,0.0,38.8928565979004,179.516830444336,269.4365234375,4
66,18,0.0,50.6785697937012,0.0,317.741882324219,4
361,167,253.392852783203,269.892852783203,193.042068481445,236.15950012207,2
176,219,338.25,372.428558349609,237.306488037109,386.442810058594,2
268,85,93.1071395874023,212.142852783203,124.186294555664,278.024139404297,4
230,93,232.178573608398,186.214279174805,270.504821777344,243.67366027832,2
211,97,124.928573608398,524.464294433594,659.048095703125,644.071350097656,3
389,782,315.857147216797,412.5,276.652648925781,428.307464599609,2
183,262,193.285720825195,318.214294433594,163.532455444336,349.945434570312,4
111,688,115.5,41.25,137.711532592773,229.718780517578,4
218,103,113.142860412598,214.5,148.777648925781,186.780685424805,4
146,103,589.285705566406,133.178573608398,709.460327148438,300.566619873047,1
85,220,102.535713195801,0.0,0.0,265.142700195312,4
181,97,48.3214302062988,21.2142848968506,279.111785888672,244.747116088867,4
86,59,113.142860412598,44.7857131958008,0.0,206.102828979492,4
225,243,173.25,258.107147216797,243.454330444336,296.272827148438,4
79,16,0.0,0.0,17.2139415740967,35.4239234924316,4
268,125,532.714294433594,259.285705566406,568.060119628906,115.932846069336,1
273,80,0.0,56.5714302062988,132.793273925781,240.453308105469,4
204,145,0.0,240.428573608398,93.4471130371094,316.668426513672,4
228,128,61.2857131958008,139.071426391602,195.501205444336,138.475341796875,4
97,33,0.0,0.0,0.0,122.373558044434,4
317,70,132.0,641.142883300781,548.387023925781,677.348388671875,3
68,9,0.0,0.0,0.0,120.226654052734,4
380,78,599.892883300781,196.821426391602,561.912231445312,278.024139404297,1
253,92,504.428558349609,135.535720825195,619.701904296875,46.158447265625,1
124,38,537.428588867188,0.0,622.161071777344,0.0,1
67,59,23.5714282989502,0.0,0.0,218.984252929688,4
72,40,0.0,0.0,179.516830444336,299.493194580078,4
104,38,0.0,180.321426391602,177.057693481445,0.0,4
193,103,71.8928604125977,0.0,152.466339111328,278.024139404297,4
116,196,58.9285697937012,44.7857131958008,153.695907592773,201.809020996094,4
158,328,111.964286804199,212.142852783203,258.209136962891,120.226654052734,4
327,211,0.0,226.285720825195,62.7079315185547,335.990570068359,4
251,125,86.0357131958008,710.678588867188,693.475952148438,737.461669921875,3
149,69,61.2857131958008,194.464279174805,0.0,178.193069458008,4
311,138,94.2857131958008,195.642852783203,147.548080444336,214.690444946289,4
98,35,3.53571438789368,0.0,0.0,272.656860351562,4
457,128,654.107116699219,80.1428604125977,663.966369628906,322.035675048828,1
264,139,4.7142858505249,139.071426391602,0.0,0.0,4
452,237,160.285720825195,179.142852783203,135.252410888672,222.204620361328,4
159,59,0.0,2.35714292526245,170.909851074219,340.284362792969,4
77,35,0.0,33.0,55.3305282592773,214.690444946289,4
384,98,544.5,80.1428604125977,640.604553222656,0.0,1
264,120,47.1428565979004,222.75,163.532455444336,24.6894016265869,4
259,149,107.25,268.714294433594,197.960342407227,329.549835205078,4
311,183,0.0,207.428573608398,87.2992782592773,68.700942993164,4
357,94,84.8571395874023,200.357147216797,108.201919555664,195.368316650391,4
300,132,5.89285707473755,524.464294433594,687.328125,726.727172851562,3
464,139,616.392883300781,226.285720825195,649.211547851562,229.718780517578,1
187,74,578.678588867188,107.25,764.790893554688,179.266525268555,1
299,151,106.071426391602,55.3928565979004,116.808891296387,242.600204467773,4
153,87,61.2857131958008,229.821426391602,161.073318481445,251.18782043457,4
210,151,53.0357131958008,247.5,168.450714111328,304.860443115234,4
93,52,0.0,88.3928604125977,132.793273925781,157.797485351562,4
227,120,49.5,572.785705566406,667.655029296875,725.653747558594,3
133,25,7.07142877578735,133.178573608398,178.287261962891,216.837356567383,4
86,164,0.0,0.0,146.318511962891,209.323196411133,4
175,73,49.5,195.642852783203,115.579330444336,88.0230865478516,4
65,13,123.75,167.357147216797,106.972358703613,138.475341796875,4
185,83,75.4285736083984,58.9285697937012,60.2487983703613,279.097595214844,4
257,137,88.3928604125977,172.071426391602,177.057693481445,333.843658447266,4
238,121,101.357139587402,568.071411132812,656.588928222656,704.184692382812,3
403,78,0.0,651.75,575.4375,684.862548828125,3
130,219,0.0,218.035720825195,25.8209133148193,196.441757202148,4
189,154,38.8928565979004,22.3928565979004,105.742790222168,315.594970703125,4
175,76,137.892852783203,0.0,140.170669555664,165.311645507812,4
79,77,0.0,44.7857131958008,0.0,148.136413574219,4
255,104,114.321426391602,7.07142877578735,0.0,293.052459716797,4
203,58,0.0,68.3571395874023,225.010818481445,258.701995849609,4
377,84,55.3928565979004,3.53571438789368,20.902645111084,332.770202636719,4
77,115,16.5,109.607139587402,188.123794555664,212.543548583984,4
121,47,0.0,0.0,93.4471130371094,234.012588500977,4
299,67,561.0,149.678573608398,521.336547851562,96.6107025146484,1
145,114,40.0714302062988,169.714279174805,113.120193481445,315.594970703125,4
335,182,123.75,16.5,47.953125,61.1867790222168,4
309,61,0.0,598.714294433594,587.733154296875,675.201477050781,3
290,151,0.0,218.035720825195,170.909851074219,252.261276245117,4
102,249,0.0,0.0,0.0,223.278076171875,4
377,92,33.0,734.25,587.733154296875,749.269653320312,3
250,158,104.892860412598,170.892852783203,194.271636962891,332.770202636719,4
236,128,575.142883300781,155.571426391602,704.542053222656,209.323196411133,1
98,31,71.8928604125977,99.0,13.525239944458,0.0,4
165,294,243.964279174805,351.214294433594,178.287261962891,335.990570068359,2
62,140,0.0,160.285720825195,0.0,137.401885986328,4
316,150,87.2142868041992,88.3928604125977,245.913467407227,2.14690446853638,4
355,68,540.964294433594,0.0,592.651428222656,332.770202636719,1
63,24,17.6785717010498,96.6428604125977,52.871395111084,283.391387939453,4
230,85,35.3571434020996,165.0,84.8401412963867,214.690444946289,4
226,118,108.428573608398,271.071441650391,173.368988037109,331.696746826172,4
279,194,194.464279174805,189.75,164.762023925781,282.317932128906,4
306,111,55.3928565979004,0.0,0.0,210.396636962891,4
139,127,16.5,0.0,131.563705444336,300.566619873047,4
376,112,64.8214263916016,0.0,122.956733703613,216.837356567383,4
342,557,132.0,360.642852783203,243.454330444336,287.685211181641,4
137,17,0.0,0.0,114.349761962891,195.368316650391,4
538,269,238.071426391602,392.464294433594,405.757202148438,722.433349609375,3
79,67,122.571426391602,167.357147216797,11.0661058425903,254.408187866211,4
65,126,0.0,0.0,0.0,84.8027267456055,4
76,74,0.0,9.4285717010498,65.1670684814453,126.667366027832,4
370,140,597.535705566406,148.5,639.375,210.396636962891,1
80,24,67.1785736083984,51.8571434020996,82.3810119628906,232.93913269043,4
124,31,49.5,0.0,145.088943481445,268.363067626953,4
181,85,48.3214302062988,0.0,88.5288467407227,257.628540039062,4
339,98,23.5714282989502,581.035705566406,571.748779296875,673.054565429688,3
172,211,188.571426391602,268.714294433594,168.450714111328,291.97900390625,4
192,111,36.5357131958008,304.071441650391,68.8557662963867,314.521514892578,4
323,153,159.107147216797,0.0,134.022842407227,162.091293334961,4
72,62,0.0,149.678573608398,175.828125,188.927597045898,4
195,96,565.714294433594,14.1428575515747,694.705505371094,262.995788574219,1
64,46,115.5,223.928573608398,61.4783668518066,228.645324707031,4
209,122,0.0,266.357147216797,157.384613037109,101.977966308594,4
81,19,62.4642868041992,0.0,0.0,159.944381713867,4
315,67,0.0,115.5,193.042068481445,143.84260559082,4
190,265,302.892852783203,359.464294433594,206.567306518555,332.770202636719,2
239,118,36.5357131958008,602.25,624.620178222656,637.630615234375,3
108,43,56.5714302062988,127.285713195801,0.0,198.588668823242,4
201,47,5.89285707473755,89.5714263916016,52.871395111084,145.989501953125,4
127,42,0.0,103.714286804199,46.7235565185547,221.131164550781,4
299,74,123.75,496.178558349609,631.997619628906,622.602294921875,3
178,89,36.5357131958008,0.0,95.90625,262.995788574219,4
166,280,313.5,379.5,207.796875,288.758666992188,2
64,36,113.142860412598,54.2142868041992,159.84375,280.171051025391,4
68,35,22.3928565979004,0.0,277.882202148438,104.124870300293,4
232,128,168.535720825195,206.25,178.287261962891,170.678909301758,4
461,163,127.285713195801,97.8214263916016,90.9879837036133,222.204620361328,4
323,83,581.035705566406,174.428573608398,689.787231445312,0.0,1
233,108,0.0,0.0,178.287261962891,152.430221557617,4
258,121,0.0,515.035705566406,687.328125,659.099670410156,3
90,151,42.4285697937012,0.0,0.0,281.244476318359,4
110,39,33.0,82.5,0.0,274.803771972656,4
89,86,0.0,0.0,46.7235565185547,246.894012451172,4
402,120,40.0714302062988,253.392852783203,209.026443481445,140.62223815918,4
340,120,54.2142868041992,624.642883300781,631.997619628906,685.935974121094,3
258,102,149.678573608398,473.785705566406,641.834106445312,626.896118164062,3
145,76,30.6428565979004,23.5714282989502,114.349761962891,269.4365234375,4
341,76,0.0,205.071426391602,104.513221740723,0.0,4
216,104,117.857139587402,89.5714263916016,150.007217407227,227.571884155273,4
84,68,0.0,0.0,0.0,0.0,4
60,44,0.0,24.75,0.0,8.5876178741455,4
366,109,77.7857131958008,71.8928604125977,63.9375,341.357818603516,4
111,49,0.0,167.357147216797,75.0036087036133,88.0230865478516,4
342,67,518.571411132812,76.6071395874023,611.094970703125,0.0,1
96,72,71.8928604125977,81.3214263916016,105.742790222168,288.758666992188,4
60,17,22.3928565979004,0.0,0.0,244.747116088867,4
298,145,148.5,156.75,44.2644233703613,299.493194580078,4
202,88,127.285713195801,40.0714302062988,56.5600967407227,184.6337890625,4
91,29,0.0,18.8571434020996,209.026443481445,0.0,4
71,47,56.5714302062988,40.0714302062988,0.0,148.136413574219,4
391,99,83.6785736083984,203.892852783203,159.84375,253.334732055664,4
215,110,82.5,0.0,19.6730766296387,230.792236328125,4
103,179,198.0,68.3571395874023,181.975967407227,285.538299560547,4
66,52,0.0,0.0,153.695907592773,150.283309936523,4
395,112,58.9285697937012,58.9285697937012,43.034854888916,295.199371337891,4
81,31,0.0,175.607147216797,153.695907592773,129.887725830078,4
171,26,91.9285736083984,71.8928604125977,114.349761962891,134.181533813477,4
98,175,70.7142868041992,93.1071395874023,2.45913457870483,245.820571899414,4
270,128,90.75,196.821426391602,61.4783668518066,194.294860839844,4
133,108,1.17857146263123,12.9642858505249,0.0,0.0,4
166,94,572.785705566406,218.035720825195,618.472351074219,238.306396484375,1
316,154,44.7857131958008,144.964279174805,136.481964111328,267.289611816406,4
302,79,121.392860412598,177.964279174805,98.3653869628906,271.583435058594,4
83,41,0.0,78.9642868041992,173.368988037109,0.0,4
187,123,252.214279174805,301.714294433594,222.551681518555,259.775451660156,2
232,120,18.8571434020996,565.714294433594,645.522827148438,696.670532226562,3
152,102,0.0,523.285705566406,531.173095703125,674.127990722656,3
93,51,2.35714292526245,28.2857151031494,0.0,211.470092773438,4
165,89,522.107116699219,111.964286804199,682.409851074219,244.747116088867,1
356,83,603.428588867188,99.0,654.129821777344,65.4805908203125,1
270,118,111.964286804199,194.464279174805,231.158660888672,165.311645507812,4
77,232,23.5714282989502,2.35714292526245,0.0,200.735565185547,4
148,78,0.0,152.035720825195,135.252410888672,194.294860839844,4
245,134,87.2142868041992,68.3571395874023,93.4471130371094,181.413436889648,4
126,56,169.714279174805,76.6071395874023,158.614181518555,65.4805908203125,4
77,78,0.0,27.1071434020996,167.221160888672,125.593910217285,4
76,59,23.5714282989502,0.0,0.0,206.102828979492,4
106,70,0.0,23.5714282989502,147.548080444336,0.0,4
277,124,568.071411132812,66.0,688.557678222656,133.10807800293,1
62,38,0.0,74.25,0.0,190.001052856445,4
430,112,605.785705566406,149.678573608398,623.390625,119.153198242188,1
143,22,168.535720825195,286.392852783203,113.120193481445,109.492126464844,4
118,132,83.6785736083984,0.0,13.525239944458,141.695693969727,4
140,56,71.8928604125977,157.928573608398,22.1322116851807,18.2486877441406,4
191,106,48.3214302062988,186.214279174805,71.3149032592773,314.521514892578,4
238,137,35.3571434020996,161.464279174805,50.4122581481934,309.154235839844,4
195,108,573.964294433594,44.7857131958008,644.293273925781,0.0,1
143,48,0.0,15.3214282989502,0.0,203.955932617188,4
62,192,0.0,0.0,0.0,254.408187866211,4
151,329,21.2142848968506,0.0,135.252410888672,281.244476318359,4
188,99,94.2857131958008,0.0,105.742790222168,45.0849952697754,4
126,45,294.642852783203,122.571426391602,497.974761962891,221.131164550781,2
114,44,160.285720825195,87.2142868041992,44.2644233703613,56.8929710388184,4
191,107,101.357139587402,611.678588867188,537.320922851562,712.772277832031,3
144,69,0.0,82.5,127.875,169.605453491211,4
84,152,0.0,0.0,0.0,0.0,4
224,132,148.5,186.214279174805,44.2644233703613,135.254989624023,4
115,54,55.3928565979004,38.8928565979004,0.0,300.566619873047,4
212,78,157.928573608398,129.642852783203,265.586547851562,141.695693969727,4
145,271,226.285720825195,345.321441650391,201.649032592773,338.137451171875,2
224,37,0.0,106.071426391602,70.085334777832,235.086044311523,4
338,165,54.2142868041992,179.142852783203,152.466339111328,290.905548095703,4
86,46,58.9285697937012,15.3214282989502,114.349761962891,218.984252929688,4
68,81,113.142860412598,130.821426391602,226.240386962891,183.560333251953,4
88,257,0.0,222.75,0.0,228.645324707031,4
70,60,69.5357131958008,0.0,29.509614944458,253.334732055664,4
192,111,104.892860412598,143.785720825195,33.1983184814453,242.600204467773,4
150,35,28.2857151031494,110.785713195801,158.614181518555,232.93913269043,4
175,73,548.035705566406,198.0,673.802856445312,0.0,1
178,74,49.5,0.0,60.2487983703613,249.040924072266,4
86,312,17.6785717010498,100.178573608398,0.0,0.0,4
360,138,7.07142877578735,240.428573608398,83.610580444336,271.583435058594,4
125,67,0.0,0.0,99.594955444336,27.9097595214844,4
157,61,28.2857151031494,168.535720825195,106.972358703613,222.204620361328,4
129,99,54.2142868041992,0.0,0.0,127.740821838379,4
501,104,140.25,730.714294433594,587.733154296875,809.382995605469,3
271,156,27.1071434020996,207.428573608398,193.042068481445,84.8027267456055,4
151,43,0.0,0.0,2.45913457870483,94.4637985229492,4
121,48,55.3928565979004,63.6428565979004,34.4278831481934,186.780685424805,4
163,65,18.8571434020996,188.571426391602,49.1826934814453,122.373558044434,4
372,272,188.571426391602,188.571426391602,256.979553222656,252.261276245117,4
330,103,0.0,156.75,162.302886962891,236.15950012207,4
90,87,2.35714292526245,15.3214282989502,0.0,223.278076171875,4
215,199,338.25,341.785705566406,218.862976074219,327.402923583984,2
350,80,603.428588867188,93.1071395874023,635.686279296875,192.14794921875,1
61,26,0.0,10.6071424484253,0.0,259.775451660156,4
306,113,68.3571395874023,124.928573608398,52.871395111084,119.153198242188,4
69,29,0.0,0.0,100.824516296387,284.46484375,4
179,320,318.214294433594,398.357147216797,311.080535888672,374.634826660156,2
270,139,537.428588867188,116.678573608398,574.207946777344,172.825805664062,1
181,91,545.678588867188,115.5,742.658630371094,149.209869384766,1
409,76,102.535713195801,656.464294433594,661.507202148438,733.167907714844,3
185,168,122.571426391602,168.535720825195,193.042068481445,293.052459716797,4
240,177,159.107147216797,216.857147216797,90.9879837036133,317.741882324219,4
220,118,546.857116699219,77.7857131958008,655.359375,114.859390258789,1
301,119,0.0,206.25,148.777648925781,281.244476318359,4
63,12,0.0,0.0,92.217544555664,270.509979248047,4
84,291,56.5714302062988,174.428573608398,134.022842407227,205.029388427734,4
287,129,195.642852783203,639.964294433594,651.670654296875,698.817443847656,3
83,39,0.0,122.571426391602,100.824516296387,183.560333251953,4
95,231,3.53571438789368,0.0,100.824516296387,168.531997680664,4
485,136,647.035705566406,133.178573608398,672.573303222656,56.8929710388184,1
67,44,1.17857146263123,84.8571395874023,65.1670684814453,66.5540390014648,4
298,142,147.321426391602,583.392883300781,631.997619628906,714.919189453125,3
309,141,146.142852783203,558.642883300781,586.503601074219,714.919189453125,3
272,99,55.3928565979004,121.392860412598,76.233169555664,338.137451171875,4
147,175,276.964294433594,213.321426391602,334.442321777344,241.526763916016,2
73,38,5.89285707473755,130.821426391602,0.0,90.1699905395508,4
480,112,116.678573608398,748.392883300781,647.981994628906,793.281188964844,3
232,161,66.0,652.928588867188,710.689880371094,667.687316894531,3
243,166,175.607147216797,69.5357131958008,136.481964111328,256.555084228516,4
317,82,581.035705566406,122.571426391602,666.425476074219,0.0,1
274,115,31.8214282989502,0.0,82.3810119628906,345.651611328125,4
71,75,43.6071434020996,54.2142868041992,51.6418266296387,260.848907470703,4
229,113,49.5,3.53571438789368,38.116584777832,257.628540039062,4
122,200,165.0,272.25,223.78125,290.905548095703,4
328,98,572.785705566406,0.0,614.783630371094,295.199371337891,1
173,111,0.0,0.0,18.443510055542,254.408187866211,4
124,77,592.821411132812,77.7857131958008,743.888244628906,126.667366027832,1
99,64,67.1785736083984,45.9642868041992,0.0,258.701995849609,4
273,125,185.035720825195,226.285720825195,147.548080444336,298.419738769531,4
362,96,54.2142868041992,259.285705566406,1.22956728935242,361.75341796875,4
184,104,576.321411132812,86.0357131958008,779.545654296875,193.221405029297,1
162,105,493.821441650391,162.642852783203,639.375,328.476379394531,1
195,89,0.0,123.75,50.4122581481934,187.854141235352,4
96,107,0.0,93.1071395874023,0.0,235.086044311523,4
166,66,0.0,129.642852783203,55.3305282592773,232.93913269043,4
349,97,37.7142868041992,106.071426391602,44.2644233703613,295.199371337891,4
251,135,77.7857131958008,295.821441650391,201.649032592773,324.182586669922,4
160,268,320.571441650391,363.0,126.645431518555,218.984252929688,2
107,54,17.6785717010498,0.0,110.661056518555,80.508918762207,4
108,57,0.0,36.5357131958008,47.953125,218.984252929688,4
70,73,226.285720825195,133.178573608398,67.626205444336,252.261276245117,2
88,132,77.7857131958008,64.8214263916016,191.8125,0.0,4
386,81,539.785705566406,0.0,537.320922851562,315.594970703125,1
127,99,0.0,229.821426391602,50.4122581481934,289.832122802734,4
123,140,114.321426391602,78.9642868041992,103.283653259277,363.900329589844,4
401,111,141.428573608398,140.25,0.0,0.0,4
140,44,20.0357151031494,8.25,0.0,198.588668823242,4
395,105,601.071411132812,137.892852783203,542.239196777344,276.95068359375,1
163,226,269.892852783203,308.785705566406,220.092544555664,374.634826660156,2
68,60,0.0,40.0714302062988,76.233169555664,265.142700195312,4
299,185,84.8571395874023,119.035713195801,105.742790222168,0.0,4
422,94,177.964279174805,103.714286804199,7.3774037361145,109.492126464844,4
145,47,81.3214263916016,0.0,355.344940185547,198.588668823242,4
249,140,155.571426391602,206.25,210.256011962891,307.007354736328,4
152,71,55.3928565979004,569.25,638.145446777344,634.410278320312,3
218,66,31.8214282989502,64.8214263916016,183.205535888672,192.14794921875,4
74,57,100.178573608398,116.678573608398,0.0,104.124870300293,4
135,101,51.8571434020996,86.0357131958008,274.193511962891,250.114379882812,4
234,172,155.571426391602,208.607147216797,95.90625,317.741882324219,4
140,76,174.428573608398,0.0,130.334136962891,281.244476318359,4
263,128,0.0,115.5,28.2800483703613,286.611755371094,4
183,65,0.0,76.6071395874023,0.0,269.4365234375,4
239,83,0.0,137.892852783203,0.0,251.18782043457,4
210,40,0.0,37.7142868041992,97.1358184814453,226.498428344727,4
141,68,44.7857131958008,122.571426391602,217.633407592773,345.651611328125,4
199,80,82.5,35.3571434020996,209.026443481445,266.216156005859,4
122,70,0.0,0.0,0.0,91.2434387207031,4
348,131,133.178573608398,129.642852783203,210.256011962891,269.4365234375,4
60,73,54.2142868041992,0.0,0.0,179.266525268555,4
256,111,10.6071424484253,243.964279174805,104.513221740723,196.441757202148,4
108,104,471.428558349609,137.892852783203,692.246398925781,178.193069458008,1
234,155,116.678573608398,174.428573608398,0.0,0.0,4
111,29,38.8928565979004,93.1071395874023,68.8557662963867,273.730316162109,4
469,145,48.3214302062988,38.8928565979004,49.1826934814453,140.62223815918,4
379,77,123.75,0.0,33.1983184814453,200.735565185547,4
97,25,0.0,0.0,46.7235565185547,215.763900756836,4
75,170,0.0,0.0,137.711532592773,297.346282958984,4
68,40,53.0357131958008,45.9642868041992,57.789665222168,288.758666992188,4
72,1023,30.6428565979004,222.75,50.4122581481934,185.707244873047,4
180,115,111.964286804199,64.8214263916016,0.0,307.007354736328,4
317,88,562.178588867188,16.5,679.950744628906,0.0,1
253,133,616.392883300781,119.035713195801,757.413452148438,65.4805908203125,1
101,102,48.3214302062988,0.0,0.0,170.678909301758,4
365,43,34.1785697937012,35.3571434020996,213.944717407227,273.730316162109,4
104,201,243.964279174805,306.428558349609,206.567306518555,380.002105712891,2
98,191,0.0,153.214279174805,90.9879837036133,214.690444946289,4
100,20,103.714286804199,139.071426391602,265.586547851562,244.747116088867,4
238,121,20.0357151031494,202.714279174805,286.489196777344,255.481643676758,4
378,93,74.25,0.0,49.1826934814453,136.328430175781,4
198,89,67.1785736083984,108.428573608398,151.236785888672,304.860443115234,4
78,56,27.1071434020996,0.0,6.14783668518066,214.690444946289,4
256,60,78.9642868041992,84.8571395874023,0.0,333.843658447266,4
79,201,0.0,0.0,70.085334777832,193.221405029297,4
317,158,546.857116699219,254.571426391602,719.296875,323.109130859375,1
233,231,359.464294433594,360.642852783203,233.617782592773,322.035675048828,2
60,59,0.0,0.0,13.525239944458,39.7177352905273,4
379,96,129.642852783203,0.0,124.186294555664,212.543548583984,4
462,121,638.785705566406,149.678573608398,718.067321777344,202.882476806641,1
71,69,106.071426391602,114.321426391602,165.991592407227,274.803771972656,4
243,154,139.071426391602,99.0,191.8125,316.668426513672,4
325,81,147.321426391602,203.892852783203,134.022842407227,290.905548095703,4
63,77,35.3571434020996,104.892860412598,6.14783668518066,232.93913269043,4
283,141,24.75,97.8214263916016,227.469955444336,339.210906982422,4
73,85,28.2857151031494,0.0,105.742790222168,66.5540390014648,4
311,88,545.678588867188,0.0,710.689880371094,220.057708740234,1
240,114,99.0,199.178573608398,0.0,57.966423034668,4
255,163,163.821426391602,195.642852783203,29.509614944458,342.431274414062,4
237,91,93.1071395874023,148.5,571.748779296875,278.024139404297,4
430,85,597.535705566406,0.0,561.912231445312,95.537254333496,1
184,103,0.0,0.0,170.909851074219,238.306396484375,4
156,84,127.285713195801,104.892860412598,73.774040222168,216.837356567383,4
90,51,40.0714302062988,91.9285736083984,9.83653831481934,300.566619873047,4
106,54,0.0,168.535720825195,103.283653259277,196.441757202148,4
242,133,58.9285697937012,172.071426391602,27.050479888916,256.555084228516,4
186,132,584.571411132812,0.0,718.067321777344,157.797485351562,1
181,171,532.714294433594,255.75,737.740356445312,216.837356567383,1
86,33,40.0714302062988,0.0,0.0,122.373558044434,4
158,535,168.535720825195,271.071441650391,284.030059814453,158.870941162109,4
266,71,122.571426391602,0.0,33.1983184814453,213.617004394531,4
166,318,299.357147216797,384.214294433594,281.570922851562,420.793273925781,2
121,46,0.0,123.75,0.0,0.0,4
89,28,0.0,0.0,31.96875,154.577117919922,4
255,170,591.642883300781,109.607139587402,783.234375,126.667366027832,1
303,144,117.857139587402,531.535705566406,586.503601074219,647.291687011719,3
