Unnamed: 0,PC_1,PC_2,PC_3,PC_4,PC_5,PC_6,PC_7,PC_8,PC_9,PC_10,PC_11,cell,cell_ontology_class
A4.MAA000385.3_10_M.1.1,11.0809392417469,2.09017259051239,0.0580536359994447,1.97549703623638,-0.0463475836211168,-0.376080996858648,7.27744624121504,0.29746646992412,0.0526285889234463,1.30387502909291,0.48767009289442,A4.MAA000385.3_10_M.1.1,mesenchymal stem cell of adipose
H7.MAA000385.3_10_M.1.1,9.72785397770774,2.20138615871514,-0.237582485080332,2.77973899499875,-1.37571711114952,-0.326471852655076,7.5220838797876,2.16675086786463,0.950001491191176,-0.686338445768043,1.74533156273922,H7.MAA000385.3_10_M.1.1,mesenchymal stem cell of adipose
B4.MAA000385.3_10_M.1.1,11.6893396110125,2.90172136812542,-0.27233820517051,-0.782883122680779,0.535056155267048,-0.404445404935507,7.20287370294884,0.535640004955501,1.46408228875792,1.82825007249691,-0.433032594837523,B4.MAA000385.3_10_M.1.1,mesenchymal stem cell of adipose
A14.MAA000386.3_11_M.1.1,9.6118684742341,2.33006979513414,0.768660571393006,5.34769021873344,-0.814757409265397,-0.903336625889961,7.32881024044809,-1.70788625518013,1.9598129846751,2.10313387099099,1.62714841105642,A14.MAA000386.3_11_M.1.1,mesenchymal stem cell of adipose
A10.MAA000386.3_11_M.1.1,8.54519913744452,1.85183811878194,1.75078005069567,10.5074431330053,-0.847984744282441,0.68644997567619,-3.29302947738802,-2.45469072169765,0.0448103738543042,0.981140342948791,-0.0530512851313516,A10.MAA000386.3_11_M.1.1,mesenchymal stem cell of adipose
A11.MAA000386.3_11_M.1.1,10.9372377344488,2.5202832008635,0.705222708941559,6.17970713802289,-0.367896942132674,-0.931187646193239,3.80275999574253,-1.35156857494369,1.68950334684352,1.86321178758232,1.50379972540466,A11.MAA000386.3_11_M.1.1,mesenchymal stem cell of adipose
D12.MAA000386.3_11_M.1.1,11.2056469762778,3.1397721331245,0.436500204436264,6.03154272761433,-1.00926930063904,-0.680461849855398,7.49094402565578,-1.04023857255083,0.473920986635459,1.01818564994949,0.866554754717173,D12.MAA000386.3_11_M.1.1,mesenchymal stem cell of adipose
J13.MAA000386.3_11_M.1.1,11.937305146426,2.66402472075738,0.121758675471417,5.44642665991672,-0.967974518054019,-0.577064918413018,8.61230426700293,-1.21527282573151,2.41419911625743,2.88363943941887,2.58452554173599,J13.MAA000386.3_11_M.1.1,mesenchymal stem cell of adipose
C10.MAA000386.3_11_M.1.1,12.1633290273319,3.1164894123404,0.318228155004631,3.99579283934905,-0.336739036719594,0.120828001114831,-1.03409317908722,-6.08923795145173,3.40881160896288,3.78664697937345,-0.218199138007546,C10.MAA000386.3_11_M.1.1,mesenchymal stem cell of adipose
D14.MAA000386.3_11_M.1.1,12.0049730834925,2.60252460718083,-0.326213588969326,1.49208182944902,0.0680383994042622,0.601519468607654,4.79373077849371,-1.68592320327389,2.60076836492896,3.03759081255327,0.96996626341801,D14.MAA000386.3_11_M.1.1,mesenchymal stem cell of adipose
J14.MAA000386.3_11_M.1.1,11.9362733947051,2.74041846928426,-0.224496139988553,-2.29253899468419,-0.0051440739657093,-0.162965476099533,-3.48672110272991,-3.41728033567581,1.55239355126495,1.22783146274397,0.546631051110571,J14.MAA000386.3_11_M.1.1,mesenchymal stem cell of adipose
J15.MAA000386.3_11_M.1.1,11.4069530925089,4.50002274065978,0.936929895907668,8.47566253075045,-0.732600807234515,-0.359774322550285,0.160996108201181,-6.90719872741579,2.82908038454367,4.50432704901936,0.0112522145992127,J15.MAA000386.3_11_M.1.1,mesenchymal stem cell of adipose
I9.MAA000386.3_11_M.1.1,12.2088332123102,2.35990101249464,-0.444676549667072,3.75079751131652,-0.0684832455492052,-0.426560501577746,9.27461879462256,0.0852277757704974,2.85518170316155,2.70659502441753,1.90692467051116,I9.MAA000386.3_11_M.1.1,mesenchymal stem cell of adipose
J16.MAA000386.3_11_M.1.1,11.0110917698903,2.75720877416306,0.609302108669609,4.970574269317,-1.08804825836526,0.232542398876896,6.41235579477076,-3.52806637600642,2.37282169222756,3.49940798742964,-0.187086309303701,J16.MAA000386.3_11_M.1.1,mesenchymal stem cell of adipose
M14.MAA000386.3_11_M.1.1,0.418108230575445,25.3414713729433,6.71933871419081,7.84267573221964,0.883526012896805,-0.631678802631945,-1.85441795176573,-2.40102815676385,2.0563261652571,3.85365367375828,0.502597418220277,M14.MAA000386.3_11_M.1.1,mesenchymal stem cell of adipose
C13.MAA000386.3_11_M.1.1,10.3955421247476,2.49928467059299,-0.118636379549065,4.06876836961932,-0.954574947960105,-0.703941934828986,10.3354411878585,1.40555516646209,0.953461068388827,1.1731574512243,1.21362243374308,C13.MAA000386.3_11_M.1.1,mesenchymal stem cell of adipose
F9.MAA000386.3_11_M.1.1,11.8709983089864,4.03701895939739,0.703672299877599,9.18278286123216,-0.752380133952871,-0.605373710135372,-0.754313937821816,-6.46299949880837,2.74215087271362,3.95425348325315,0.683381434197377,F9.MAA000386.3_11_M.1.1,mesenchymal stem cell of adipose
C14.MAA000386.3_11_M.1.1,10.8498323398994,2.18674313591389,0.0453023341952881,5.28918360823955,-0.659485978057551,-0.16462096921952,5.67783756240838,-0.680105659322373,1.33091601412918,1.16572871201714,1.65432035156922,C14.MAA000386.3_11_M.1.1,mesenchymal stem cell of adipose
I11.MAA000386.3_11_M.1.1,12.3456253185797,2.84660537934425,0.548097069735226,4.16104536530015,-0.0921534360605207,-0.888344699198433,5.8698910803883,-0.448684673574586,1.40309884525128,2.97728483513919,1.47439320625892,I11.MAA000386.3_11_M.1.1,mesenchymal stem cell of adipose
L10.MAA000386.3_11_M.1.1,12.4669173487612,2.74695425320241,-0.139720311177849,-0.381500233630029,-0.0361378613410528,-0.517360738912365,0.84951962473556,-3.91310540148533,4.52774277308005,3.61471549115828,0.0384808010948845,L10.MAA000386.3_11_M.1.1,mesenchymal stem cell of adipose
L11.MAA000386.3_11_M.1.1,11.0269564022134,2.45600842756018,1.06861562348093,10.818305713617,-0.883374861219471,-0.464030590313836,-3.29496806264242,-4.08171421829187,2.9372374181546,2.58938610531467,0.692832564504563,L11.MAA000386.3_11_M.1.1,mesenchymal stem cell of adipose
P16.MAA000386.3_11_M.1.1,10.8599977840622,1.98306273948884,-0.345895230474376,1.15160210974215,0.0359638251728856,-0.230037074858554,6.63473279185557,-1.13965583363709,3.09976345697477,0.508833895593868,1.64765827479592,P16.MAA000386.3_11_M.1.1,mesenchymal stem cell of adipose
O13.MAA000386.3_11_M.1.1,10.6028472673822,2.10438194503455,0.468090666282566,5.79412807802537,-0.336455744167723,-0.675512903403088,2.51605660034433,-1.10910612804257,0.960335591445268,1.03612431898037,0.389092084320824,O13.MAA000386.3_11_M.1.1,mesenchymal stem cell of adipose
E9.MAA000386.3_11_M.1.1,11.5508626570297,3.0063046297885,-0.652626820093861,8.88796076617951,0.215381351039794,-0.0959785342588427,-2.46499124301591,-5.66002309936858,1.54934287117555,3.159581156757,-1.04820168160308,E9.MAA000386.3_11_M.1.1,mesenchymal stem cell of adipose
O15.MAA000386.3_11_M.1.1,10.8813100529294,3.32795585796226,0.292981909433563,2.05894693189851,-0.765539130999167,0.0780817636526337,0.723944655913665,-3.90609649867905,1.77547510095365,2.87523906610049,0.220813025717781,O15.MAA000386.3_11_M.1.1,mesenchymal stem cell of adipose
E11.MAA000386.3_11_M.1.1,11.9864379115342,3.21247779131618,-0.347394083493044,1.79616319379059,-0.505376866974104,-0.102691264680528,6.67723050532378,-1.03039820501258,1.5591426227672,2.57862938227577,1.82628935973767,E11.MAA000386.3_11_M.1.1,mesenchymal stem cell of adipose
H11.MAA000386.3_11_M.1.1,11.8996159613538,3.41270844886729,-0.132408080239119,0.592095430348206,-1.0258845530699,0.692731272608428,-0.0596526563973402,-3.45685250224839,3.14712260379224,2.50186809600739,1.19204951157766,H11.MAA000386.3_11_M.1.1,mesenchymal stem cell of adipose
K12.MAA000386.3_11_M.1.1,11.4887477083958,2.46552996143724,0.434304616162414,5.07051640176739,-0.577893085002635,-0.832691990496506,10.7939503781265,0.746826013268541,1.50151690296783,3.51099179841747,1.86292386634387,K12.MAA000386.3_11_M.1.1,mesenchymal stem cell of adipose
H15.MAA000386.3_11_M.1.1,12.8261819716711,3.36644121772965,-1.00268616771253,0.304907065497056,-0.0765697285274038,0.0831247985612395,-1.21674205536022,-3.98336346080241,2.58290545162131,3.16817921686204,-1.25914932041292,H15.MAA000386.3_11_M.1.1,mesenchymal stem cell of adipose
D9.MAA000386.3_11_M.1.1,11.5248235710645,3.62601871488656,-0.50222530611901,8.7023340417585,-0.370148015864495,-0.0501423170967518,0.170965933859056,-4.13996934399698,1.11295693912775,3.08873147069851,0.0664642120271555,D9.MAA000386.3_11_M.1.1,mesenchymal stem cell of adipose
H16.MAA000386.3_11_M.1.1,12.9655246909595,2.9523377410663,-0.598143378517766,5.49247350887514,-0.681420200781667,-0.55319919665501,9.15718140143967,0.462099740326907,3.37543671167492,1.96664123605909,0.623391131444142,H16.MAA000386.3_11_M.1.1,mesenchymal stem cell of adipose
J10.MAA000386.3_11_M.1.1,9.28614592238452,1.8002086307525,0.614214889891863,7.7335628101335,-0.10541046258983,0.81124644753081,-0.7485983969051,-2.9516990377185,2.60638753505637,1.64981176500591,-0.0262493924973835,J10.MAA000386.3_11_M.1.1,mesenchymal stem cell of adipose
J7.MAA000388.3_11_M.1.1,9.69508922265656,2.69377234735095,0.742428100995367,8.95092395406522,-0.284114639992443,0.286225432494379,-2.37034103964627,-2.45411368925422,0.715513837969961,-0.799182670142044,-0.0863665790952143,J7.MAA000388.3_11_M.1.1,mesenchymal stem cell of adipose
C2.MAA000388.3_11_M.1.1,11.4100330686192,2.19440535182316,-0.220395287435684,-7.44019899312446,0.481333142541887,0.376760894760608,1.74388198695618,-1.76242596916392,0.235715595089713,2.55923965160288,-0.751906161096456,C2.MAA000388.3_11_M.1.1,mesenchymal stem cell of adipose
H7.MAA000388.3_11_M.1.1,11.8237524230205,3.43387467304941,0.153834220745961,-6.33150843008864,-0.202973598572753,-0.534286027475575,0.651754448062833,-1.1740342049395,0.793553515501869,2.78787493887297,-1.45616253971808,H7.MAA000388.3_11_M.1.1,mesenchymal stem cell of adipose
G1.MAA000388.3_11_M.1.1,9.56349612080351,2.36380325039671,0.180028294017983,-9.01254907543148,0.0669940752070391,0.292577965828048,-2.57334522166279,-1.83033008527133,-0.586575121608275,0.91722013236668,-1.70746460715674,G1.MAA000388.3_11_M.1.1,mesenchymal stem cell of adipose
I1.MAA000388.3_11_M.1.1,11.4385507068674,1.59825185792329,-0.141380565375146,-1.53386069669465,0.438314161481368,-0.418090847330671,9.3443555560804,1.89078715410509,2.20817528462983,2.25057740110185,-1.07333672423298,I1.MAA000388.3_11_M.1.1,mesenchymal stem cell of adipose
B2.MAA000388.3_11_M.1.1,12.0514915933641,2.78801363690348,-0.209922179121229,-6.27459457900078,0.207855344995237,0.125351222177402,-1.90056194488011,-3.48941673361666,0.311576767245258,2.49298622559707,-0.827340866758341,B2.MAA000388.3_11_M.1.1,mesenchymal stem cell of adipose
K1.MAA000388.3_11_M.1.1,9.2676284432404,1.36546700034174,0.0549527107631659,-2.39192376909733,-0.339811089428928,0.0388111935732277,10.9444483024321,0.925486842215257,0.227178443447977,1.45888220293369,-0.157440815468,K1.MAA000388.3_11_M.1.1,mesenchymal stem cell of adipose
G6.MAA000388.3_11_M.1.1,11.7342585502231,2.05034591325274,-0.145693929739772,0.225240939537357,-0.141595770060129,0.427132431969214,2.72501613143937,0.203568484913998,0.004266216638558,0.276882302842107,-0.638926344026405,G6.MAA000388.3_11_M.1.1,mesenchymal stem cell of adipose
I4.MAA000388.3_11_M.1.1,10.3598781929411,1.26654164865731,-0.382494648430683,-10.5887216839989,0.987817937667439,-0.15119045823737,-5.42976151552095,-0.82934873391183,1.48671552235287,0.298845203946637,-1.08681327175836,I4.MAA000388.3_11_M.1.1,mesenchymal stem cell of adipose
K4.MAA000388.3_11_M.1.1,11.4333021751885,2.47912752366231,-0.67906732047504,-5.02219913382236,0.0029767264392831,-0.124841908123002,3.76415606492438,-0.281630522247739,0.735327987384216,2.46565852049836,-0.921700529342494,K4.MAA000388.3_11_M.1.1,mesenchymal stem cell of adipose
K3.MAA000388.3_11_M.1.1,12.5491238792793,2.76584626536045,-0.0449411388092679,-11.4513751561214,0.20924178172734,-0.439006045122933,-0.140575351475127,-2.80064392232968,1.83735461198176,2.6378323409777,-1.62987449543022,K3.MAA000388.3_11_M.1.1,mesenchymal stem cell of adipose
B8.MAA000388.3_11_M.1.1,10.7411841183884,2.45385538268535,-0.320981617680295,-1.1989647069536,-1.7529574690241,-0.591475189502391,10.7862270541442,0.345298600590508,-0.498402506660208,1.79533842498991,-1.16895079872834,B8.MAA000388.3_11_M.1.1,mesenchymal stem cell of adipose
F3.MAA000388.3_11_M.1.1,12.2806807458556,3.02651415791963,-0.329417060578552,-11.5066715626536,-0.355052850603727,0.209310010061639,-3.89008210136288,-3.41787983646121,1.50439149259504,2.98039674603935,-0.871988364512176,F3.MAA000388.3_11_M.1.1,mesenchymal stem cell of adipose
D4.MAA000388.3_11_M.1.1,10.0610822489267,1.69281983005595,-0.886677921340167,-7.29548541371922,-0.0766961374207148,-0.291580256897566,-7.93018098254957,-2.58864234536716,0.729722775727319,0.745220927588137,-1.07270424105574,D4.MAA000388.3_11_M.1.1,mesenchymal stem cell of adipose
A3.MAA000388.3_11_M.1.1,10.8201710213005,2.33789417403051,-0.332933480530912,-4.81291025906731,-1.04618441828653,-0.360810803953256,3.33250872129998,-0.105832094627976,-0.339363313166936,1.91569880851555,0.04038043684425,A3.MAA000388.3_11_M.1.1,mesenchymal stem cell of adipose
D5.MAA000388.3_11_M.1.1,11.8638077347267,2.84180928737568,0.211921379210441,-3.27244904227524,0.386897610153902,0.127986406744824,-2.21506403727896,-1.31178999197472,-0.755691549647787,0.476872844586697,-0.286761202725564,D5.MAA000388.3_11_M.1.1,mesenchymal stem cell of adipose
F8.MAA000388.3_11_M.1.1,10.4160656718636,1.23813706281073,-0.0688697469607637,-2.74415143360105,0.219972168905203,-0.0395029575649338,3.57491565231548,0.420740320492242,-1.33642230384993,1.69019648544876,-1.57200321829943,F8.MAA000388.3_11_M.1.1,mesenchymal stem cell of adipose
A7.MAA000388.3_11_M.1.1,13.1464644917365,2.97592241772405,0.716435255686831,-5.20431695062383,0.34542714624668,0.288367251975606,3.44898209843741,-1.59372152277072,2.43284361139565,3.25195300187913,-0.648773731346757,A7.MAA000388.3_11_M.1.1,mesenchymal stem cell of adipose
L2.MAA000388.3_11_M.1.1,10.7904186454734,2.33297631494529,-0.111918184085365,1.14952707935178,-1.02711715186646,0.444627995247166,8.21390153519434,0.661606371319971,1.9922832752987,2.03696718619983,-0.434918821529818,L2.MAA000388.3_11_M.1.1,mesenchymal stem cell of adipose
L4.MAA000388.3_11_M.1.1,10.5815257725767,2.45004345332132,0.474571395019501,-5.5190981422569,-0.276479543823195,0.394862174504044,0.534267726157498,-1.09196967892715,-0.537236724602458,1.24408750403964,-0.243668632492054,L4.MAA000388.3_11_M.1.1,mesenchymal stem cell of adipose
O8.MAA000388.3_11_M.1.1,9.19455781717352,1.630305687615,0.298980393604287,-4.09970991608653,-0.194869493266596,0.653532448841345,3.53451835373202,0.285580459131036,-0.164271077170221,1.09898809018265,-0.415674379131612,O8.MAA000388.3_11_M.1.1,mesenchymal stem cell of adipose
K8.MAA000388.3_11_M.1.1,10.1566410524976,2.7320445181267,-0.132879398873312,-5.89192116699267,-0.621586948810259,0.497910497020575,3.40440179878072,-1.53475571444293,0.560152484245021,2.53272632405637,-0.923118142480464,K8.MAA000388.3_11_M.1.1,mesenchymal stem cell of adipose
E3.MAA000439.3_10_M.1.1,9.53378749767448,2.51601072991671,0.124514545497697,-1.1247604595348,-1.14305069537061,-0.0031454929185039,8.41374818246529,-0.344782029134813,0.110559755094362,1.44532943966879,-1.58281681515045,E3.MAA000439.3_10_M.1.1,mesenchymal stem cell of adipose
C19.MAA000439.3_10_M.1.1,13.4002732347902,3.37603704955097,-0.664118837420973,-7.73982930358206,0.172956056095073,-0.216182823401825,-1.35275516487851,-3.40353219539184,2.37084911040934,2.54043799131608,-1.03147793641736,C19.MAA000439.3_10_M.1.1,mesenchymal stem cell of adipose
B3.MAA000439.3_10_M.1.1,11.3045744073405,3.70772768307687,-0.722334799776193,-1.89351806524283,-1.56776458281367,-0.867020926644558,8.43242836444707,0.0673131663117866,0.579695870370542,1.40523223705431,-0.897727208261252,B3.MAA000439.3_10_M.1.1,mesenchymal stem cell of adipose
B4.MAA000439.3_10_M.1.1,9.80585985587094,2.05990949909626,-0.0816103072389315,0.429836935261185,-0.692891111141231,-0.336697706698103,9.53841804382476,0.143375830451974,-0.530863427023998,0.748627856489985,-0.816718910531068,B4.MAA000439.3_10_M.1.1,mesenchymal stem cell of adipose
B7.MAA000439.3_10_M.1.1,10.2054966698428,3.32802547742872,-0.103187319443621,-2.34866156574867,-1.48011721217888,0.0774274545475876,8.7792113309035,0.818023666601939,-0.325914547613118,1.55442143761995,-0.785948058320927,B7.MAA000439.3_10_M.1.1,mesenchymal stem cell of adipose
D7.MAA000439.3_10_M.1.1,10.6083866554587,2.26008973243385,-1.52989844813618,-2.50894113543776,-1.32202932651128,-0.175350771051234,10.3056453336397,-0.440442182431857,-0.466415003487847,2.30013067419633,-1.29978727903356,D7.MAA000439.3_10_M.1.1,mesenchymal stem cell of adipose
F1.MAA000439.3_10_M.1.1,10.7546083170571,2.86141698536312,-0.0033226959481082,-0.667884966952429,-0.561064043836466,0.106583426579889,9.39589345617913,0.777176982789821,-1.53627173693883,0.797744858337036,-0.218639366544235,F1.MAA000439.3_10_M.1.1,mesenchymal stem cell of adipose
A4.MAA000439.3_10_M.1.1,8.36311749424867,1.81671207459862,-1.10535200011553,-7.85951961383089,0.731711620302456,-0.629276423929409,-5.35261503018563,-2.87988688378566,1.63586330762305,0.672379396112924,-0.367842840018426,A4.MAA000439.3_10_M.1.1,mesenchymal stem cell of adipose
A5.MAA000439.3_10_M.1.1,12.1234980768645,3.20394530597279,-0.363691530255927,-4.88540916621393,-0.811782213160301,-0.0324163427786366,10.9467526678409,-1.46262830134412,0.901706451791441,3.37101099763723,-1.30743673356893,A5.MAA000439.3_10_M.1.1,mesenchymal stem cell of adipose
J22.MAA000439.3_10_M.1.1,12.1185350765196,3.34980464963296,-0.911684786787883,-9.38708108418919,0.117326382012278,-0.629716948943264,-4.07091865664062,-3.9667552474888,0.942260388290274,2.47041537572682,-0.44571479961823,J22.MAA000439.3_10_M.1.1,mesenchymal stem cell of adipose
L7.MAA000439.3_10_M.1.1,11.4970325178774,2.41371480692493,-0.588152726420698,-0.314498305495497,-0.106916641034688,0.379001219842044,12.8249255339671,1.10038796401511,1.49990659019544,2.03545701826954,-1.56529036377254,L7.MAA000439.3_10_M.1.1,mesenchymal stem cell of adipose
K3.MAA000439.3_10_M.1.1,8.78628564420109,2.8477099347376,-0.851139181622615,-3.84718952959204,-1.93019812193951,-0.579320708113909,9.81634967974285,-3.16827058709013,1.58901073025327,3.035436869345,-2.56597466094011,K3.MAA000439.3_10_M.1.1,mesenchymal stem cell of adipose
O6.MAA000439.3_10_M.1.1,10.8100819939363,2.14322338181313,-0.558092235778461,0.840479777895959,-0.192674153998563,0.429211033947723,5.01986912277149,0.0826267891491751,-0.0092487953719109,-0.595356191758339,-0.543698831045663,O6.MAA000439.3_10_M.1.1,mesenchymal stem cell of adipose
H5.MAA000439.3_10_M.1.1,11.9672110871666,3.38831235212239,-0.591391216084224,-3.68125796838765,-0.765122768558481,-0.182601574810045,8.470424510956,-1.19382238311008,-2.18986256980425,2.12853725463666,-1.47135510466647,H5.MAA000439.3_10_M.1.1,mesenchymal stem cell of adipose
K4.MAA000439.3_10_M.1.1,10.1099804008576,2.58852572377365,-1.07967090396163,-4.23488320306311,-1.77322250760752,-0.436596291448263,11.3278250917089,-1.46109158353707,1.34640984930933,2.91087411407731,0.109967966730149,K4.MAA000439.3_10_M.1.1,mesenchymal stem cell of adipose
M19.MAA000439.3_10_M.1.1,12.5620549945321,3.36532058899101,-0.629591240075157,-9.25300575490143,-0.360867810125241,-0.0460620129934822,-2.90454468057593,-4.91700751743672,1.02811026207978,3.10503955054692,-0.625998692989612,M19.MAA000439.3_10_M.1.1,mesenchymal stem cell of adipose
G2.MAA000439.3_10_M.1.1,10.9980815672004,2.74279417059194,-0.161310194936092,-0.990466409792386,-0.578474690229301,0.0918052076996138,11.9934479959303,-0.503025514434521,1.45878734778248,3.0224164171417,-1.84631331005372,G2.MAA000439.3_10_M.1.1,mesenchymal stem cell of adipose
J2.MAA000439.3_10_M.1.1,9.98149571897101,3.0222930267007,-0.290321982061579,-6.02726782791968,-0.95093303370369,0.0710646981849618,5.39975241323077,-2.60099575615751,0.148959465074145,3.92646911306961,-3.5949215986692,J2.MAA000439.3_10_M.1.1,mesenchymal stem cell of adipose
G5.MAA000439.3_10_M.1.1,10.9262454039517,3.78967680567164,-0.0083539349244591,-10.6126047166068,-1.55762443151983,0.41737845093621,-1.92161679045557,-5.87237339693114,1.8324554878845,1.97309012800437,-1.20060866047966,G5.MAA000439.3_10_M.1.1,mesenchymal stem cell of adipose
J8.MAA000439.3_10_M.1.1,10.772024324257,3.13222598873616,0.0299544886302799,-2.06411856977659,-2.02440724439332,-0.902762745207098,11.853579865249,-2.22454632786167,0.432584751581989,2.0393468641282,-0.369354891789067,J8.MAA000439.3_10_M.1.1,mesenchymal stem cell of adipose
K21.MAA000439.3_10_M.1.1,7.38479962614618,-0.529461852226521,-0.622333057198424,-3.30353566578235,0.544258747733168,0.451933911357705,-3.31498626937179,-1.0209316520446,4.50030467912772,-1.00417419764751,-0.0626149157958956,K21.MAA000439.3_10_M.1.1,mesenchymal stem cell of adipose
F3.MAA000439.3_10_M.1.1,7.60538420927181,2.00826082476813,-0.878708356065765,-12.2823873484767,-1.20188352818102,1.01318878247637,-4.92732703433946,-7.54926260325957,0.127358480117804,3.10136286396599,-1.58969274761846,F3.MAA000439.3_10_M.1.1,mesenchymal stem cell of adipose
L2.MAA000439.3_10_M.1.1,11.7316824213206,2.69828285877877,-0.0232061975666754,-1.00465433196478,-0.4841906092936,0.210953387939379,7.63979318828384,0.162883535333242,1.75838806878187,1.46682061011007,0.0230482405716681,L2.MAA000439.3_10_M.1.1,mesenchymal stem cell of adipose
M8.MAA000439.3_10_M.1.1,10.6700487211199,2.20553479176478,-0.891564641042013,-11.2843172575151,0.557582006266138,0.381436927934716,-4.02962471960804,-5.06217746728725,2.5333905056329,1.37531746517939,-0.908639501041059,M8.MAA000439.3_10_M.1.1,mesenchymal stem cell of adipose
P4.MAA000439.3_10_M.1.1,10.6305774278988,3.07953201968265,-0.222215512336789,-7.10160201005418,-0.367940560271177,0.0280792359856984,-0.733909604353812,-0.324324615352394,-0.719049412803252,0.549199537807806,0.0708252024334194,P4.MAA000439.3_10_M.1.1,mesenchymal stem cell of adipose
L4.MAA000439.3_10_M.1.1,11.2831024766687,2.90512502718367,-0.444990403489996,-6.98536941355805,0.0201131674941704,0.0944786282874518,3.05571358147817,-2.2214197155518,-2.03018383965941,0.962274181618893,-3.64746728148415,L4.MAA000439.3_10_M.1.1,mesenchymal stem cell of adipose
F8.MAA000439.3_10_M.1.1,9.48131306830104,1.59056812093327,-0.523528549767336,0.515006804649355,-0.243446712943211,0.0903632921924038,4.22916002914373,0.665224512410081,0.755733082639563,-0.853286667717673,-0.26544057856939,F8.MAA000439.3_10_M.1.1,mesenchymal stem cell of adipose
A4.MAA000441.3_10_M.1.1,8.8377195066451,0.829051441012836,-0.299099645547877,1.03855346383271,0.250007500253769,-0.167687887380667,5.95299447541644,3.80705416639973,1.2839027813609,-1.39229612612393,0.215919313593552,A4.MAA000441.3_10_M.1.1,mesenchymal stem cell of adipose
L3.MAA000441.3_10_M.1.1,8.79927812409453,1.10943181761409,0.0731332616375897,2.1854755535606,0.188014094652318,0.326244041911891,1.53594219189044,2.43499887533708,0.694757397759548,-1.10352948097289,-0.190483589490776,L3.MAA000441.3_10_M.1.1,mesenchymal stem cell of adipose
I22.MAA000442.3_11_M.1.1,10.597142130847,1.49164772316729,-0.838168906386576,-4.99478234293812,0.184987666491746,-0.0295438512269096,-0.742505243630476,0.270605406752912,2.9735911951113,1.16168442005811,0.569822146509222,I22.MAA000442.3_11_M.1.1,mesenchymal stem cell of adipose
N15.MAA000442.3_11_M.1.1,10.9452790578793,2.19888127736748,-0.427447340453147,-6.72519174387245,0.120821098168251,-0.361672608153194,-3.78866098056617,0.0522635130132169,0.757569030799523,0.418180728612788,-0.158616420371921,N15.MAA000442.3_11_M.1.1,mesenchymal stem cell of adipose
M22.MAA000510.3_8_M.1.1,8.86726846004876,1.77912271939258,1.02705012591011,6.65020702963363,-0.181955597025088,0.642899421889295,-2.61495332926212,-1.85348598995009,4.45101370747816,0.303177739352976,1.14120462119874,M22.MAA000510.3_8_M.1.1,mesenchymal stem cell of adipose
P19.MAA000510.3_8_M.1.1,8.00157742429176,0.520663749273137,-0.46294595240529,1.90382002698767,-0.601023218309873,-0.229752443591324,7.394558910236,3.37953316917141,2.63196418103634,-1.02066359859527,2.27308768084355,P19.MAA000510.3_8_M.1.1,mesenchymal stem cell of adipose
I17.MAA000510.3_8_M.1.1,9.42901743193769,1.75769675817624,-0.125136498117503,10.504015058849,-0.252637785490441,0.0992597878121612,-6.57079653571763,-6.75359065022034,3.64266120318102,1.40387288825286,-0.23703491553176,I17.MAA000510.3_8_M.1.1,mesenchymal stem cell of adipose
P21.MAA000510.3_8_M.1.1,11.5951920373125,1.7395208260516,-0.415622673289471,-1.74335355056579,0.461962986976019,0.164490950689735,5.1336501299484,0.37765486989152,2.89973888911211,1.40346563672975,0.948355258190079,P21.MAA000510.3_8_M.1.1,mesenchymal stem cell of adipose
C16.MAA000510.3_8_M.1.1,9.17881125592504,0.883079317299378,-0.521731059796542,4.20944585997837,0.238806880797288,-0.195758454300307,-1.03290653641374,-1.65623491584727,3.16075798262806,0.511874068124258,0.808785072475963,C16.MAA000510.3_8_M.1.1,mesenchymal stem cell of adipose
O18.MAA000510.3_8_M.1.1,9.44361025165328,1.15650911331341,-0.254719884861596,2.43870094377941,-0.0617517746112081,-0.372704589736084,6.25528013747793,1.89494806189951,1.35400971458033,-0.751038387057186,0.355851918613057,O18.MAA000510.3_8_M.1.1,mesenchymal stem cell of adipose
O20.MAA000510.3_8_M.1.1,11.1608744348172,1.56158055163947,-0.414595457755496,2.2274650034972,0.229517254311207,0.0420633883510001,3.43077458874673,0.38110912899696,3.8244766444523,0.646191532673381,0.761977064745301,O20.MAA000510.3_8_M.1.1,mesenchymal stem cell of adipose
I21.MAA000510.3_8_M.1.1,10.9102794778272,1.78029277596085,1.25373401069033,-5.55135049617561,-0.584230775247447,-2.37713536490401,-1.41324278016187,-1.97979675867497,2.26142555156899,2.0140151461578,2.51700859292073,I21.MAA000510.3_8_M.1.1,mesenchymal stem cell of adipose
H16.MAA000510.3_8_M.1.1,10.6782575232624,2.88566734010596,-0.608727818499669,-5.03225735364916,0.35330631548203,0.179467340934723,-4.08942437437492,-3.32243882367473,2.70871693049341,0.770936183397683,0.490084536842165,H16.MAA000510.3_8_M.1.1,mesenchymal stem cell of adipose
F21.MAA000510.3_8_M.1.1,10.8610879639695,1.92247058734999,0.137236371639982,5.23892531572767,0.69207494987519,0.738183436277697,-2.01458330777369,-2.40804625831017,3.79341492992406,1.33920474957273,-0.0746838461469002,F21.MAA000510.3_8_M.1.1,mesenchymal stem cell of adipose
N16.MAA000510.3_8_M.1.1,11.4127279794122,2.43897640168864,-0.695131833961288,-2.82318773880137,0.0928088624434807,-0.0748844618642166,2.31645126273675,-2.66944345645927,3.965679791659,2.83330205727235,0.571984166720742,N16.MAA000510.3_8_M.1.1,mesenchymal stem cell of adipose
N18.MAA000510.3_8_M.1.1,8.6276441638774,0.711440720792116,0.0539797899738799,9.61139828203766,-0.205932133172294,-0.181312044628458,-5.15206583444889,-1.45735894073643,2.99679917998363,0.559977640141498,-0.0953754769110416,N18.MAA000510.3_8_M.1.1,mesenchymal stem cell of adipose
D22.MAA000510.3_8_M.1.1,9.87979699002109,2.38641051792025,0.174126066557471,9.15299988070069,-0.815378141026323,0.17520354040274,-2.78733825305056,-2.79146298023051,3.32692000335843,2.06869781753781,0.0461955429679061,D22.MAA000510.3_8_M.1.1,mesenchymal stem cell of adipose
H20.MAA000510.3_8_M.1.1,10.3737539999019,0.914186555266666,-0.901166877723749,-2.43581157853738,0.794132946875429,-0.23129778328861,0.412258306985611,-0.0716446824170506,4.7428131089249,0.606873668298822,0.571436698273667,H20.MAA000510.3_8_M.1.1,mesenchymal stem cell of adipose
N19.MAA000510.3_8_M.1.1,11.6736502345482,1.93927085981005,-0.168414458394627,1.809426793162,0.148500048732417,-0.533119369668457,6.76112731235169,1.05325399294198,3.16926411830842,0.806206247054904,1.60747767902887,N19.MAA000510.3_8_M.1.1,mesenchymal stem cell of adipose
N20.MAA000510.3_8_M.1.1,11.3178772518859,1.63489164655797,-0.361975733140883,-1.71376125369833,0.920913022982659,-0.920696877279392,1.33556932761031,-1.39361696028507,3.74813041062262,1.15596488194824,0.787648358454602,N20.MAA000510.3_8_M.1.1,mesenchymal stem cell of adipose
H21.MAA000510.3_8_M.1.1,10.9175772336308,1.83952278987342,-0.582176063771126,0.140852925652908,0.466396102725858,0.478091280340239,2.38492953928712,-1.30130966411714,3.62803348061677,2.31626090844397,0.782296689451336,H21.MAA000510.3_8_M.1.1,mesenchymal stem cell of adipose
H22.MAA000510.3_8_M.1.1,13.2951152881438,2.78102601416834,-1.04362179531898,-2.12743214635361,0.70523972520803,0.772207832860757,-1.35323370712109,-1.63996020413221,3.48640365677817,0.719135061513076,0.284094319207429,H22.MAA000510.3_8_M.1.1,mesenchymal stem cell of adipose
B18.MAA000510.3_8_M.1.1,8.6627798054937,0.939784403420657,0.445581339192688,10.4586176654947,-0.198863680789713,-0.692160077755477,-5.30259276203558,-1.98701052114421,5.12227264948153,1.59806980299501,1.12649939228567,B18.MAA000510.3_8_M.1.1,mesenchymal stem cell of adipose
C6.MAA000554.3_8_M.1.1,8.43165272857976,0.475377394551318,-0.280609164776489,-3.10288271079037,-0.359241024510898,-1.07452119490373,6.54385830465926,1.26615423002493,2.17536221701999,2.43769985891593,-1.10222468630944,C6.MAA000554.3_8_M.1.1,mesenchymal stem cell of adipose
J5.MAA000554.3_8_M.1.1,7.94320325959508,1.43807846555145,0.852942282727743,5.81729814482562,-0.89309884252772,1.11828940926179,-2.40579492485548,-2.4281913209963,0.992651136103775,-0.85859737217958,-1.43389018883769,J5.MAA000554.3_8_M.1.1,mesenchymal stem cell of adipose
A2.MAA000554.3_8_M.1.1,11.6927517702708,2.32042249612054,-0.653414136789683,-8.65585057840457,1.20883942601973,-0.64476411098935,-2.40824480145681,-2.33062720760176,2.2848850411659,0.764088957249716,-0.177635747039468,A2.MAA000554.3_8_M.1.1,mesenchymal stem cell of adipose
E2.MAA000554.3_8_M.1.1,11.5610307588264,2.36959235474825,-0.980348564888154,-5.29723071509183,0.141774192147439,-0.558044087396029,7.35869001594001,-0.575261611706724,2.06297058027343,2.35794805471232,-1.68013494530648,E2.MAA000554.3_8_M.1.1,mesenchymal stem cell of adipose
I2.MAA000554.3_8_M.1.1,13.3813745967189,3.47751169421762,-0.395408907144522,-9.91665026939828,-0.131110914484187,-0.0349068771030504,0.487173767679087,-4.22207237172462,3.91459328877789,3.51203732404697,-0.210349489198525,I2.MAA000554.3_8_M.1.1,mesenchymal stem cell of adipose
I4.MAA000554.3_8_M.1.1,10.5728582317135,1.95108057608109,-1.00391832552075,-9.72598658755554,0.770607244046208,-0.263996209820447,-4.84203779180286,-2.19122591759374,2.62597390824351,1.94413701970805,-0.728339061670071,I4.MAA000554.3_8_M.1.1,mesenchymal stem cell of adipose
I5.MAA000554.3_8_M.1.1,9.08533910307083,1.84835019425265,-0.473154833187383,-9.06242192187261,-0.585603023845792,0.277087474433317,-4.54486142469327,-3.30391212797091,1.28898598911567,0.284399608056494,-0.0950251788275194,I5.MAA000554.3_8_M.1.1,mesenchymal stem cell of adipose
E6.MAA000554.3_8_M.1.1,9.98504418132825,0.852011555608261,-0.556254020258254,-4.04477442422511,0.053975399533817,0.20281297569865,3.4048774056226,1.61840551540303,3.82728312295433,1.2246581672127,-0.314516529589022,E6.MAA000554.3_8_M.1.1,mesenchymal stem cell of adipose
H2.MAA000554.3_8_M.1.1,10.0189758473122,1.9362275765046,-0.45480497589813,1.50670141087895,-0.283796069581145,0.596332767184391,2.25782571823776,-1.32346547907617,1.97607274291967,0.60512973887802,-0.517070110080652,H2.MAA000554.3_8_M.1.1,mesenchymal stem cell of adipose
D6.MAA000554.3_8_M.1.1,8.3802636830996,1.34831558590663,-0.264437000609934,-3.6279525559892,0.379565387580275,-0.291893437400552,7.42774661767954,-0.959557396871,2.24039932253019,1.68554422538079,-1.86464382372855,D6.MAA000554.3_8_M.1.1,mesenchymal stem cell of adipose
G1.MAA000554.3_8_M.1.1,11.1530691924393,2.00204285364791,-0.29420348410396,-10.0973648968747,0.307998019555599,-0.0857446237289751,-7.50958917126923,-4.73472965491884,3.04217770176917,1.95514401713939,-0.0720613871101534,G1.MAA000554.3_8_M.1.1,mesenchymal stem cell of adipose
D7.MAA000554.3_8_M.1.1,10.577322701377,1.72623165354886,-0.940334380637098,-7.35353222965017,0.893722104379904,0.558984997460408,-2.87315645959261,-0.311371099225785,3.02540277577683,-0.271592782389547,1.41140619268118,D7.MAA000554.3_8_M.1.1,mesenchymal stem cell of adipose
G3.MAA000554.3_8_M.1.1,10.3980205592886,2.35405212555154,-0.119092287282903,-3.19496453706714,-0.786743144663575,0.313720281444587,5.52881345819615,-0.942990338700214,1.55871680732917,1.88882497726025,0.136175106888964,G3.MAA000554.3_8_M.1.1,mesenchymal stem cell of adipose
G2.MAA000554.3_8_M.1.1,11.382282857113,1.99513202335455,-0.567766819861235,-3.9075915940893,0.685560205591871,0.31684295596354,2.56885881974717,1.07805072318548,1.28120790507684,-0.122957875849869,0.298059304653607,G2.MAA000554.3_8_M.1.1,mesenchymal stem cell of adipose
H6.MAA000554.3_8_M.1.1,9.27328024594325,1.74379083222624,-0.170191922787375,1.64995237126646,-0.198986615691828,0.540514832470968,3.61097062898207,-0.817165582034035,1.69272196726942,0.245784965619736,-0.717851611298645,H6.MAA000554.3_8_M.1.1,mesenchymal stem cell of adipose
D8.MAA000554.3_8_M.1.1,9.211566926043,0.61819246596064,0.39215005384929,-4.01176079511779,0.146905450445204,-0.21006236123871,3.22169408307731,0.984678948597454,1.8412987989317,0.801619820871044,-1.30833540271383,D8.MAA000554.3_8_M.1.1,mesenchymal stem cell of adipose
C2.MAA000554.3_8_M.1.1,9.60971258649821,2.02514183503737,-0.704476057129364,-3.79873454980132,-0.507003038889978,0.147572277101986,-5.40663535391132,-1.76032979861299,-0.105958735451361,-1.74223628736342,0.657547700817426,C2.MAA000554.3_8_M.1.1,mesenchymal stem cell of adipose
K2.MAA000554.3_8_M.1.1,10.267848924859,1.98992989071826,-0.65688049288178,-0.81040596456413,0.282494938195637,0.176507370751142,3.32568196629257,-0.139972380220697,0.423040305031224,-0.34540812665607,0.476631994277532,K2.MAA000554.3_8_M.1.1,mesenchymal stem cell of adipose
P5.MAA000554.3_8_M.1.1,9.24703330067268,1.49617800524291,-0.614469674716755,-3.77239009053921,-0.618041542818428,-0.0614814243570379,8.23791643345226,0.0937343797654553,1.38136359746058,2.86096840328293,-2.3514131414446,P5.MAA000554.3_8_M.1.1,mesenchymal stem cell of adipose
O4.MAA000554.3_8_M.1.1,9.22422632996387,0.48180935779137,0.0338261701088229,-0.448895181899567,0.567887740164214,0.0757622420331033,-1.39087825711509,2.28815615027504,1.33861081392493,-2.6638175214575,0.496612877970248,O4.MAA000554.3_8_M.1.1,mesenchymal stem cell of adipose
M1.MAA000554.3_8_M.1.1,11.1149108043763,1.64954546423494,-0.65012681250721,-4.39075547994335,0.78777169517073,0.370574955989646,-4.31514269992834,-1.76774724382299,0.973992386124952,-0.258913692814002,-1.31093117900226,M1.MAA000554.3_8_M.1.1,mesenchymal stem cell of adipose
L3.MAA000554.3_8_M.1.1,13.3550276763529,2.55781130218637,-0.668412723851915,-10.1064131771126,0.917007364924472,-0.183054258073954,-1.8982021422226,-4.88706016119245,4.25963781572828,2.1002760224503,-0.728460012020372,L3.MAA000554.3_8_M.1.1,mesenchymal stem cell of adipose
L6.MAA000554.3_8_M.1.1,10.6631442147252,2.24812132151962,-0.808353659484285,-4.48540804011094,-0.507793839742451,-0.513854613082272,8.23563965654651,-0.137605264359215,2.44492702618239,1.97134904940085,-1.58158851027573,L6.MAA000554.3_8_M.1.1,mesenchymal stem cell of adipose
B19.MAA000556.3_9_M.1.1,9.90848821634103,2.11200651383572,-1.03904418723198,-10.1914821645112,-0.248177035064504,-0.981850171333497,-7.87965683253628,-3.09572974715597,3.2246628731546,0.901270333935954,1.48300674907075,B19.MAA000556.3_9_M.1.1,mesenchymal stem cell of adipose
F21.MAA000556.3_9_M.1.1,10.6878317836698,1.50521608281115,-0.320528884671853,-1.43416089295445,0.796874070739168,0.312161633943516,3.11018066433649,3.67729383113686,1.53679445774541,-0.666943205494509,1.04689461357649,F21.MAA000556.3_9_M.1.1,mesenchymal stem cell of adipose
F22.MAA000556.3_9_M.1.1,9.09880666289402,1.73905684039665,-0.467177041317821,0.519961032559672,-0.856401750028166,0.478442345345866,1.99139605542379,0.659009773605397,0.456761809965563,-0.080411592812623,1.36168042054298,F22.MAA000556.3_9_M.1.1,mesenchymal stem cell of adipose
I19.MAA000556.3_9_M.1.1,8.64010505436414,0.743538333690694,-0.161235228895696,-0.69063272407949,0.228373860866543,0.208482406857372,6.46248086990625,4.00498879607372,1.82860096279237,-1.84050891083689,1.99938927016183,I19.MAA000556.3_9_M.1.1,mesenchymal stem cell of adipose
N21.MAA000556.3_9_M.1.1,9.15748851383625,1.02171423445992,0.315623838548764,-0.0495580098945495,-0.0821421444336558,0.299146410565339,6.31870141220808,4.92105893181171,0.0131074784084735,-1.79112711849708,0.415244634220476,N21.MAA000556.3_9_M.1.1,mesenchymal stem cell of adipose
M21.MAA000556.3_9_M.1.1,10.8989725993406,1.15380400608104,-0.893666672877553,-2.99245518734354,0.507478696471024,0.292191174310132,1.58763845319821,1.94416854906754,1.84898601046545,-0.576755977114201,0.309991775031788,M21.MAA000556.3_9_M.1.1,mesenchymal stem cell of adipose
B21.MAA000599.3_8_M.1.1,8.44339510681833,0.758835352400358,0.703771765997789,-1.15279126901285,0.242945762602606,-0.18272757028016,1.61056418671373,1.95341079007562,2.35537073243462,0.732366203506751,2.60638273889813,B21.MAA000599.3_8_M.1.1,mesenchymal stem cell of adipose
A4.MAA000877.3_11_M.1.1,11.7166527768488,1.64117940387371,-0.387422984088464,-4.50798429137507,0.866894087727101,-0.388493551370648,-0.642961248664507,2.74618086222265,0.817456482654099,-0.671043669022158,0.289859715957072,A4.MAA000877.3_11_M.1.1,mesenchymal stem cell of adipose
D2.MAA000877.3_11_M.1.1,9.99077014739765,1.04871312373025,-0.169541262589671,-1.39682366650296,-0.0516001098485131,0.0916809208504691,0.447091530016183,3.49615952576414,-2.37650459438985,-1.24636164625329,0.229386264022794,D2.MAA000877.3_11_M.1.1,mesenchymal stem cell of adipose
C1.MAA000877.3_11_M.1.1,10.0830028450636,0.977465999395916,-0.295920672699488,-4.5073402052267,1.27926001380425,-0.0065009338975409,-1.65032533189153,1.55356378702046,0.247155743605307,-1.05996931988509,1.03498174374702,C1.MAA000877.3_11_M.1.1,mesenchymal stem cell of adipose
C2.MAA000877.3_11_M.1.1,8.08943694915829,1.2887517563273,-0.119380447182878,-1.10427798343648,-0.398067792959819,-0.758263938906262,-1.80768681852163,3.09086474129911,-0.553229631082855,-2.11427529114796,1.50333130191528,C2.MAA000877.3_11_M.1.1,mesenchymal stem cell of adipose
F2.MAA000877.3_11_M.1.1,9.87489489105243,1.06072671753793,-0.200495047922423,-2.68276661642487,0.719090953478207,-0.347232696125609,2.22700306660514,3.16978813930172,-0.560394326187072,-1.87709882710235,0.980978679986874,F2.MAA000877.3_11_M.1.1,mesenchymal stem cell of adipose
C6.MAA000877.3_11_M.1.1,9.78380602623855,2.34929288322364,0.198962618648631,0.65609926728762,-0.374028766286103,0.549829960512127,-3.63952825742282,-0.679357612894453,-4.37897294406744,-0.369897353700439,-1.06573067482558,C6.MAA000877.3_11_M.1.1,mesenchymal stem cell of adipose
C8.MAA000877.3_11_M.1.1,9.99254079716505,1.53120465850495,0.824856025476117,-0.37093905701866,-0.0270805366864525,-1.2312872583261,-1.43677393200419,1.41919635482516,-1.09074135824796,-0.992710671148682,1.80544578882566,C8.MAA000877.3_11_M.1.1,mesenchymal stem cell of adipose
B2.MAA000877.3_11_M.1.1,9.76215906389221,1.16278728910378,-0.241293842764041,-0.182146372068492,0.392045814250105,0.624755608769235,-3.18855450731233,1.34211975102431,-1.09780975717705,-1.22124055005651,-0.989603421418904,B2.MAA000877.3_11_M.1.1,mesenchymal stem cell of adipose
E2.MAA000877.3_11_M.1.1,12.4175998523975,2.47115052575813,-0.108658395926885,-6.20183989551134,0.0032189940097199,-0.280107869798503,-0.568781816574818,2.11318644353949,-0.579030579515428,-0.535548910068913,1.26117390671846,E2.MAA000877.3_11_M.1.1,mesenchymal stem cell of adipose
A3.MAA000877.3_11_M.1.1,12.6736547094235,2.25354160207254,0.209335418756143,-7.07046978502435,0.283493434869014,-0.0957629712137305,-0.846900738561231,1.48557323898141,-0.161185388966859,-0.435877546057594,0.884893642704996,A3.MAA000877.3_11_M.1.1,mesenchymal stem cell of adipose
K3.MAA000877.3_11_M.1.1,10.0440824058503,1.31141138901251,-1.25287941731799,-3.7968782090319,0.642922869926921,-0.690105282094504,-1.45659822896891,0.140331920123031,-3.98073705962302,0.45152716144575,-0.90639957768022,K3.MAA000877.3_11_M.1.1,mesenchymal stem cell of adipose
P5.MAA000877.3_11_M.1.1,11.1923394132363,1.63673175910331,-0.531304728387967,-6.57340870473504,0.650428930062431,-0.169953599640284,-1.17772256639604,1.87424736647157,-0.660443495977166,-1.73582180501236,1.55182744096448,P5.MAA000877.3_11_M.1.1,mesenchymal stem cell of adipose
P6.MAA000877.3_11_M.1.1,9.46944183316008,1.33574094389179,-0.611109452104757,-3.66908016351217,1.17246788064766,0.0293060812854381,-0.572876438095794,0.457684929571915,-1.66028295842206,-0.860816297753966,0.132329561334415,P6.MAA000877.3_11_M.1.1,mesenchymal stem cell of adipose
K8.MAA000877.3_11_M.1.1,9.00535982289238,1.63095587204669,-0.0622541213782376,5.60960457170797,0.642515244263538,0.778604777889925,-2.99374092964616,0.910337914192211,-1.15240363090581,-3.75122700874197,-0.324546463659111,K8.MAA000877.3_11_M.1.1,mesenchymal stem cell of adipose
G5.MAA000877.3_11_M.1.1,11.6923402034312,1.95330576334302,-0.106536774475919,-5.45689262820407,0.324309349086205,0.252783219879367,1.21252178380613,0.971878112481083,0.0669500196999602,-0.865967166889651,1.33403726758488,G5.MAA000877.3_11_M.1.1,mesenchymal stem cell of adipose
N4.MAA000877.3_11_M.1.1,8.98443037389609,0.912615658795644,-0.385062795692081,3.03474734971681,0.0150503888539334,0.438523613843365,-1.58068964014539,2.22628395338626,0.156079323332362,-2.98309730833464,-0.967697925398043,N4.MAA000877.3_11_M.1.1,mesenchymal stem cell of adipose
J5.MAA000877.3_11_M.1.1,10.0401366104244,2.01599690909189,-0.12488635149422,-0.896744022537776,0.211441202057463,0.773255736567133,-1.88542006040675,0.214167278629184,-0.441995194911462,-0.919747407592802,0.164693590259055,J5.MAA000877.3_11_M.1.1,mesenchymal stem cell of adipose
M1.MAA000877.3_11_M.1.1,11.3969861530317,1.3858267039766,-0.567681227509316,-6.04802992056047,0.947736139593141,0.281870357181385,-0.644957879174795,2.20170436509288,-0.949584837189028,-0.940884808784822,1.10377359068589,M1.MAA000877.3_11_M.1.1,mesenchymal stem cell of adipose
M5.MAA000877.3_11_M.1.1,11.5403363020191,1.69538336708728,-0.15199704939367,4.94408099839667,0.257805490039325,0.206354469355758,-0.831579050484462,-0.716042489225682,0.526929508836664,-0.563608712577961,-1.19999897589146,M5.MAA000877.3_11_M.1.1,mesenchymal stem cell of adipose
M6.MAA000877.3_11_M.1.1,11.6334831471808,1.8482173962441,0.371919475814604,0.0050183797985054,0.823046087845308,-0.21388041531966,-0.741030827080968,0.29874722034841,-0.702562332882268,-0.274336743498817,1.81765314856771,M6.MAA000877.3_11_M.1.1,mesenchymal stem cell of adipose
I5.MAA000877.3_11_M.1.1,11.0555589285256,2.11553566366169,-0.203073127350037,0.110764112983517,0.250795884157711,0.825488178042393,1.16625047747368,0.064853271875044,0.0167642907889665,-0.590744702161721,0.991753161964439,I5.MAA000877.3_11_M.1.1,mesenchymal stem cell of adipose
I6.MAA000877.3_11_M.1.1,10.8151581642703,2.2091030681076,-0.439432593592524,3.12848872355513,0.483932596228775,0.295418704037765,-0.363252935855883,-0.45196491677047,0.0339211350992347,-0.68942117000728,-1.41814362893822,I6.MAA000877.3_11_M.1.1,mesenchymal stem cell of adipose
M7.MAA000877.3_11_M.1.1,9.87231390371125,1.85180731877533,-0.296010336886854,-0.653298390192856,0.220449091522173,-0.54039538009144,-1.88743129713688,1.79850296798446,-1.19447919883145,-2.84031615999678,0.747993527414154,M7.MAA000877.3_11_M.1.1,mesenchymal stem cell of adipose
L4.MAA000877.3_11_M.1.1,7.68259455725367,1.86618555781768,0.31291255423386,4.97141001810483,-0.751906853948579,1.62372252666176,-2.52103186161607,-0.583687277168464,-0.538758818691069,-2.38697805154249,1.22248942098174,L4.MAA000877.3_11_M.1.1,mesenchymal stem cell of adipose
F5.MAA000913.3_9_M.1.1,10.79963898937,2.05135210545432,-1.11491018728708,-11.4003045677362,-0.0016209365838476,0.172072721913486,-3.71968945473324,-4.3841131455128,3.60727418226513,1.2354760174177,-0.0809255547537538,F5.MAA000913.3_9_M.1.1,mesenchymal stem cell of adipose
D2.MAA000913.3_9_M.1.1,13.5279791479529,3.27301166042488,-0.740070048119459,-10.2358740654115,-0.0756965678283277,-0.967583424781537,-0.913812005147831,-6.11539290795265,3.98414516937495,4.58873200336319,-0.216728672433969,D2.MAA000913.3_9_M.1.1,mesenchymal stem cell of adipose
P4.MAA000913.3_9_M.1.1,12.5486441433634,2.62755729086532,-0.351311664055985,-4.01482779775668,0.191398502080803,-0.133109922614204,-2.77329485673104,-2.7347779149699,-0.339786264557864,0.771357960224387,-1.63495160822221,P4.MAA000913.3_9_M.1.1,mesenchymal stem cell of adipose
I3.MAA000913.3_9_M.1.1,10.8766023503273,1.93120294280417,-0.532253541393968,-9.75943328926122,-0.41944166527267,0.30767106918796,-4.8129426586773,-4.37107399546048,2.28331635835346,1.35759018917173,-0.645475656100181,I3.MAA000913.3_9_M.1.1,mesenchymal stem cell of adipose
O3.MAA000913.3_9_M.1.1,13.1397738463957,2.60840019712698,-0.907608568645926,-11.0760998525305,0.162772091583522,0.239717428848233,-1.90854936780182,-4.88405550643554,3.229449873222,3.01311853087041,-1.12130277614821,O3.MAA000913.3_9_M.1.1,mesenchymal stem cell of adipose
N2.MAA000913.3_9_M.1.1,12.1157901516143,3.07807897141722,-0.24784917724556,-5.18119847158899,-0.156030920664048,0.265268103411293,4.53217695638253,-3.27767482790151,2.62147101065532,2.5282590152656,0.271168038195781,N2.MAA000913.3_9_M.1.1,mesenchymal stem cell of adipose
I7.MAA000913.3_9_M.1.1,8.69045255409351,1.13969709085309,0.409179956766633,4.0679307882717,0.081418612576426,0.702439529142456,-0.400291060406199,0.235298555059747,0.721944905195941,-1.38738839777242,0.952061090274882,I7.MAA000913.3_9_M.1.1,mesenchymal stem cell of adipose
O6.MAA000913.3_9_M.1.1,10.0280836782585,1.65941592370752,-0.456343893977661,-10.9164468915636,-0.210983771713908,0.449860624580482,-4.9905846735503,-6.30297739768137,3.09190912930358,2.23758308006017,-0.762193527378874,O6.MAA000913.3_9_M.1.1,mesenchymal stem cell of adipose
I8.MAA000913.3_9_M.1.1,12.6620372388637,2.96846167843089,-1.03435156524157,-7.20633051625757,0.460751871333508,-0.934742718058112,-1.65802107761189,-6.06455580956963,-0.0321906736973386,4.38075884295841,-3.92234820845329,I8.MAA000913.3_9_M.1.1,mesenchymal stem cell of adipose
M4.MAA000913.3_9_M.1.1,11.1326817034584,2.52166901448638,-0.961497772572152,-8.91364930251443,0.479203306715686,-1.04315555697969,-6.2971719991298,-4.20781021521688,0.0195449762356924,0.275896685806207,0.266757183947789,M4.MAA000913.3_9_M.1.1,mesenchymal stem cell of adipose
H1.MAA000913.3_9_M.1.1,11.3494144564861,2.97767519076956,-0.53068355155861,-7.24315944940038,-1.03172900369835,0.0489428680072786,7.82023830577059,-3.62777316325246,2.39058833550206,3.49017221868433,-2.14128160237707,H1.MAA000913.3_9_M.1.1,mesenchymal stem cell of adipose
H2.MAA000913.3_9_M.1.1,11.9165949322344,2.15906964716287,-0.705616676177502,-2.36330083442167,0.140368828933471,0.0016908186628367,5.29749775222724,-0.897348742692722,1.82979872407692,0.166178252295005,0.0339997919583359,H2.MAA000913.3_9_M.1.1,mesenchymal stem cell of adipose
L1.MAA000913.3_9_M.1.1,11.3200511217321,2.93417319666657,-0.27084140862343,-4.36919958990909,-1.61769787128896,0.021010868292832,9.66662011200123,-0.777166298945295,-0.0862829699940307,2.09646263872664,-1.89867969242259,L1.MAA000913.3_9_M.1.1,mesenchymal stem cell of adipose
L3.MAA000913.3_9_M.1.1,10.0369875640926,1.94032780278017,-0.89905528230735,-3.06435274475467,-0.235289458884822,0.0305079134070931,5.36026126566609,-2.02686816987667,1.78619537750429,2.29152344946378,-1.73263946924588,L3.MAA000913.3_9_M.1.1,mesenchymal stem cell of adipose
M6.MAA000913.3_9_M.1.1,12.1577350366066,2.20896293690472,-1.01940698777027,-2.7771453486787,0.175489867829405,-0.324163999373775,1.55117614190884,-0.689708561797809,2.80092986160857,0.0253221901227777,0.675271310121452,M6.MAA000913.3_9_M.1.1,mesenchymal stem cell of adipose
M7.MAA000913.3_9_M.1.1,10.1557242022241,2.16836344772459,-0.294740026278582,3.77646091119441,-0.0662024550065638,1.00802716605788,0.0725293374821142,-1.77525413335842,2.09066273119937,1.18547238589872,-0.403573386185503,M7.MAA000913.3_9_M.1.1,mesenchymal stem cell of adipose
N8.MAA000913.3_9_M.1.1,9.70670815820961,0.830955198120613,-1.08141046881394,-0.538196393445282,0.723729792654291,-0.263435449007792,1.4789686167533,2.26178263401626,2.21006753239629,-1.00231372741281,-0.595939323399542,N8.MAA000913.3_9_M.1.1,mesenchymal stem cell of adipose
M8.MAA000913.3_9_M.1.1,12.7503452165845,3.03415466993317,-0.16610561318554,-6.25678301366877,0.171182112375401,0.637038477918344,0.751426119338431,-2.54849436465187,3.88232866563132,2.43642557263807,-0.382924994794733,M8.MAA000913.3_9_M.1.1,mesenchymal stem cell of adipose
K1.MAA000913.3_9_M.1.1,12.2858032149071,3.04159957498618,-1.08726060867304,-8.2107650529237,-0.349722817110963,0.111714589089068,4.00327508986151,-4.4122609259216,1.91469048910676,3.9478572105269,-2.35353157010625,K1.MAA000913.3_9_M.1.1,mesenchymal stem cell of adipose
G3.MAA000913.3_9_M.1.1,11.6078409757072,2.2762538347359,-0.527654564774866,-4.13674759784084,0.296146754423717,0.14651269480992,-2.19622169659042,-1.05087389825276,2.58965585268144,-0.356484792925689,-0.698655571399621,G3.MAA000913.3_9_M.1.1,mesenchymal stem cell of adipose
K2.MAA000913.3_9_M.1.1,10.634788830765,2.6066995695852,-1.16846148024559,-10.8680037039168,-0.385079035244223,0.118104102648377,-3.55765359095537,-4.5328596814464,2.85133916142997,1.78734986581751,-0.0505913507976096,K2.MAA000913.3_9_M.1.1,mesenchymal stem cell of adipose
G7.MAA000913.3_9_M.1.1,11.9224972252918,3.10489645657549,-1.19023332246041,-9.63967292169709,0.258084969512975,-0.512567412653795,-7.47354776791591,-6.70825166520435,2.76596698211267,2.68247370482357,-0.975386405519761,G7.MAA000913.3_9_M.1.1,mesenchymal stem cell of adipose
J5.MAA000913.3_9_M.1.1,9.43840295150622,2.39261503611801,-0.364592662554441,3.41120255079306,-1.21257337455386,0.34881301019973,4.94975058468225,-2.21279969303547,1.74571012416431,0.823387205538469,-0.545875683048461,J5.MAA000913.3_9_M.1.1,mesenchymal stem cell of adipose
E8.MAA000914.3_9_M.1.1,9.07725872756021,2.04076473550055,-0.313995751818649,2.90888295119468,-0.716696408679605,0.420776595958432,2.75412238961353,0.652915823036153,-2.27518403398911,-0.986418845646747,-0.583738384151814,E8.MAA000914.3_9_M.1.1,mesenchymal stem cell of adipose
J3.MAA000914.3_9_M.1.1,7.27898784016054,2.91041074418751,-0.420886978400345,-5.43358977297353,-0.893717713457344,1.11545453149577,-5.45541445670021,-3.50804277267481,0.985085966214964,-1.04093222958276,-1.07449492684489,J3.MAA000914.3_9_M.1.1,mesenchymal stem cell of adipose
G22.MAA000914.3_9_M.1.1,12.7494853125681,2.65947945857149,-0.61432890458928,-6.53070996362634,0.760765414123302,-0.0072317989642002,-2.89463842961187,-1.67365507151333,0.792688953550549,-0.470411605568327,0.541588192697669,G22.MAA000914.3_9_M.1.1,mesenchymal stem cell of adipose
B6.MAA000914.3_9_M.1.1,10.8009617780505,1.65492947451882,-0.698098269827492,-8.07493120605066,0.961154511784854,-0.147981818728815,-1.26000403067829,2.06979668309208,0.363617483489497,-0.714678275843538,0.0648258924102567,B6.MAA000914.3_9_M.1.1,mesenchymal stem cell of adipose
M5.MAA000914.3_9_M.1.1,8.67112751688618,2.62302148948697,-0.0225773571270183,1.39886179479912,0.590836655061947,1.23389903110357,2.67623595928714,-1.10571435297263,1.47150189111577,-0.879728792754312,0.0241371360247829,M5.MAA000914.3_9_M.1.1,mesenchymal stem cell of adipose
F2.MAA000914.3_9_M.1.1,11.2675886435124,2.69847280238898,-0.732692635612404,-5.2386293831494,-0.101052600371973,0.575671670100081,-0.622104073589421,-0.0054299731708475,2.58209128436331,-0.0043394785980656,1.44609671903579,F2.MAA000914.3_9_M.1.1,mesenchymal stem cell of adipose
K5.MAA000914.3_9_M.1.1,10.8880170758178,1.51440682097866,-1.36821209754513,-7.45097606766012,0.550530234134891,-0.0342939595833852,0.0343763017389131,2.37695927279604,0.485552493186127,-1.57684001909157,1.15414497624278,K5.MAA000914.3_9_M.1.1,mesenchymal stem cell of adipose
O5.MAA000914.3_9_M.1.1,11.3080921459604,2.11554565156239,-1.24571757043445,-9.02080426144835,0.878905177495631,-0.0460133122379616,-3.99304900972256,-0.74971205038011,2.2142157033572,-0.785024499126619,1.08725580826114,O5.MAA000914.3_9_M.1.1,mesenchymal stem cell of adipose
A1.MAA000914.3_9_M.1.1,8.98822852762287,1.2544830919905,0.319620504164539,0.701872443339385,-0.158570924808231,0.351024388447894,5.83788500241344,2.42967221834174,2.52141844171556,-0.405858477235385,1.40965759797732,A1.MAA000914.3_9_M.1.1,mesenchymal stem cell of adipose
F5.MAA000914.3_9_M.1.1,10.1843727502107,1.68042444008442,-1.04094714964665,-4.82150277969179,0.801229162895448,0.300931320628685,-4.69976588391455,-2.47965462258193,1.2948326901024,0.0311707046749919,-0.249832933434057,F5.MAA000914.3_9_M.1.1,mesenchymal stem cell of adipose
K7.MAA000914.3_9_M.1.1,10.7791908928693,2.51123861771317,-0.479821650031191,-0.924576379780248,-0.915736358278777,1.07256023855131,4.73004129648742,-0.981274156411939,-0.17523585607133,-0.482344153104052,0.456833881465369,K7.MAA000914.3_9_M.1.1,mesenchymal stem cell of adipose
D4.MAA000914.3_9_M.1.1,10.5150240825446,1.3061562493309,-0.232804379768945,0.990571985934678,0.804728282999363,0.149282249160364,-0.209778391480843,3.14877219454761,0.865217010335202,-2.4868369322827,0.950471043034433,D4.MAA000914.3_9_M.1.1,mesenchymal stem cell of adipose
A3.MAA000914.3_9_M.1.1,8.53064624979572,0.0151702564702944,-0.0477994516530801,1.58740492010138,0.986612879456695,0.62605940503434,-0.444370307780033,3.32493515828075,-0.0364633332495609,-2.94792339843274,0.362042603237653,A3.MAA000914.3_9_M.1.1,mesenchymal stem cell of adipose
K17.MAA000914.3_9_M.1.1,11.1585658982908,2.35832374063352,-0.91080277260312,-1.25505167388582,-0.332577240065802,0.370822211646517,-2.38612415876265,-0.158810337656541,0.528095753567067,-0.988438888356751,0.46728198104619,K17.MAA000914.3_9_M.1.1,mesenchymal stem cell of adipose
D7.MAA000914.3_9_M.1.1,10.3583887322969,1.46181361595989,-0.173251218052867,-7.31017483377926,1.4781460527883,0.46478888679267,-4.12121761233742,-1.43554072937116,-0.907194193069434,-0.736963749942645,2.2068415875204,D7.MAA000914.3_9_M.1.1,mesenchymal stem cell of adipose
F18.MAA000914.3_9_M.1.1,8.80573295513363,1.41322180704309,0.135564143330224,2.75908285972157,-0.458466265782002,0.917672925346098,-1.9956121935821,1.25332055485498,-0.907372252764342,-1.62185885283531,-0.777529183862257,F18.MAA000914.3_9_M.1.1,mesenchymal stem cell of adipose
F21.MAA000914.3_9_M.1.1,9.17583392771394,1.45105372321107,-0.0495398559984225,0.79311626396033,0.375576294697706,0.739033346650422,-1.07185564552196,-0.536001917125731,-0.34921840222518,-1.72509057133068,1.62359195321271,F21.MAA000914.3_9_M.1.1,mesenchymal stem cell of adipose
L4.MAA000914.3_9_M.1.1,11.5293233263452,2.83493776035752,-0.192186882735452,-1.905731757679,-0.205140907618789,0.657205847387346,1.64306493537269,-1.57718860726646,0.937627286338202,-0.843700782235429,1.0225553057976,L4.MAA000914.3_9_M.1.1,mesenchymal stem cell of adipose
C2.MAA000914.3_9_M.1.1,11.0151211983514,2.92565361978429,-0.17873067164311,1.2424010851441,-0.568047695176034,0.236321151403589,-1.83376181850778,0.557440240802272,-0.938881410216625,-2.19806603017615,0.145233964107586,C2.MAA000914.3_9_M.1.1,mesenchymal stem cell of adipose
H20.MAA000914.3_9_M.1.1,10.8746307014533,1.86216351491326,-1.06337829132957,-4.53769928317635,1.17046517225144,-0.422569570973137,-2.6727654682678,0.0496690028625456,1.39746413297701,-0.778951198098243,0.772969552876621,H20.MAA000914.3_9_M.1.1,mesenchymal stem cell of adipose
C3.MAA000914.3_9_M.1.1,10.9863814073208,1.64171568380027,-0.324388212876948,0.826914159470762,0.62129319831992,0.422619512242781,6.22052847132522,1.53064132238316,1.77008592644369,-0.109130327026689,-0.160798682425537,C3.MAA000914.3_9_M.1.1,mesenchymal stem cell of adipose
E1.MAA000914.3_9_M.1.1,11.7757309540644,3.07323328923611,-0.508333123798693,-6.25005979557946,-1.27703884484048,0.485795764159001,-0.763591752048397,1.2839373036663,0.737872881153369,-1.07665225774037,1.50626864323467,E1.MAA000914.3_9_M.1.1,mesenchymal stem cell of adipose
G2.MAA000914.3_9_M.1.1,9.22692601129187,1.48936028956473,0.611674653019488,0.754511876431792,-0.913374291566659,-0.400930332462749,11.3468317994014,2.81150702075783,3.0331173959365,-0.239436033990351,2.8449730137409,G2.MAA000914.3_9_M.1.1,mesenchymal stem cell of adipose
G5.MAA000914.3_9_M.1.1,8.50490798312419,2.44245521857856,-0.718440521934627,-9.69559236367318,0.27842749340459,0.40786912555388,-6.71431366202136,-3.2412512117915,0.367000281135363,-1.54607634210363,-0.0153347090946352,G5.MAA000914.3_9_M.1.1,mesenchymal stem cell of adipose
I5.MAA000914.3_9_M.1.1,11.8735216942191,1.9231172977331,-0.771222453995238,-7.20957318430886,0.76296584672445,0.187030254216788,-4.80620335544283,-1.0179971564433,1.7057378335053,-0.270207597319681,2.16273389865083,I5.MAA000914.3_9_M.1.1,mesenchymal stem cell of adipose
I8.MAA000914.3_9_M.1.1,9.60216815906022,2.46888777017176,0.0788845416075563,1.28770199140447,-0.606233816651199,1.45215962024506,0.18638981260635,0.348896334362555,-0.543400231226335,-1.67966540239401,-1.40208776666649,I8.MAA000914.3_9_M.1.1,mesenchymal stem cell of adipose
P19.MAA000914.3_9_M.1.1,13.0283913077546,2.83313068147584,-1.13284586375612,-9.07833089356239,0.806599433551687,-0.433510594144675,-3.62644707098034,-3.18392890803279,0.778239157444697,1.11946402265623,1.90862155897814,P19.MAA000914.3_9_M.1.1,mesenchymal stem cell of adipose
P22.MAA000914.3_9_M.1.1,9.59242141278995,2.63073448502276,0.171997280779062,4.20686340995893,-1.60090982702541,1.48520113196415,-2.72247550991326,-2.79966166914714,-2.4178125902706,-0.611429518237464,-0.488950999339505,P22.MAA000914.3_9_M.1.1,mesenchymal stem cell of adipose
F8.MAA000934.3_9_M.1.1,10.0639513458004,2.05683865290134,0.518898895245473,6.63584797332002,-0.229122771640889,0.995550482210165,-1.43936755757118,-4.02246865849764,3.81022989506002,1.80444855670608,-0.512417702602536,F8.MAA000934.3_9_M.1.1,mesenchymal stem cell of adipose
A7.MAA000934.3_9_M.1.1,10.3054450626758,2.24031090353093,0.193470352630941,7.19085099958618,0.079476499437329,0.920973281530673,-0.843328339770233,-3.36587657662591,5.85563830391261,2.72344703158946,0.161078461919384,A7.MAA000934.3_9_M.1.1,mesenchymal stem cell of adipose
E5.MAA000934.3_9_M.1.1,7.69630099036114,-0.54923061633883,-0.865954522564042,0.910943483999342,0.693372114368401,-0.117270124113859,5.03401611893334,4.90096783555107,4.11041933023052,-2.22258233904938,2.4701620588068,E5.MAA000934.3_9_M.1.1,mesenchymal stem cell of adipose
H4.MAA000934.3_9_M.1.1,9.43302057857164,1.7987436446931,-0.0388323074456962,7.26180149371848,-0.0370617268399865,0.766819810065913,-1.73731996968479,-4.95186179875489,5.30349448272453,1.41540945921736,-0.115067614769782,H4.MAA000934.3_9_M.1.1,mesenchymal stem cell of adipose
D1.MAA000934.3_9_M.1.1,7.88357247845057,-0.293884457794535,-0.543607565691886,0.61552111921938,0.415295347098096,0.0613835955293749,5.80794322765924,4.12281840376799,3.83767634688219,-1.47691048661356,2.09739084294561,D1.MAA000934.3_9_M.1.1,mesenchymal stem cell of adipose
H6.MAA000934.3_9_M.1.1,10.1796125570982,1.37339062725215,-0.34145273759978,5.39552193105486,0.185393949987764,0.0886602364692871,2.82728610343688,-0.595125111445852,5.71968660577114,0.784071308113976,1.12424424415056,H6.MAA000934.3_9_M.1.1,mesenchymal stem cell of adipose
B19.MAA000934.3_9_M.1.1,12.2234490470605,2.8465693306218,-0.215121562541747,1.01577637747899,-0.044034336882685,-0.579591284564059,3.04915650721493,-3.01192789065679,3.63744819587557,3.69489741035044,0.954481051859236,B19.MAA000934.3_9_M.1.1,mesenchymal stem cell of adipose
D3.MAA000934.3_9_M.1.1,11.0232298139317,1.68132398787278,0.614197666754343,7.23002867726317,0.725194589899333,-1.52882215498196,-2.0089833093896,-3.53179389892011,5.60242558696007,3.11406276072235,1.720965756652,D3.MAA000934.3_9_M.1.1,mesenchymal stem cell of adipose
B20.MAA000934.3_9_M.1.1,12.9108756944889,3.11281578047368,0.238005123559705,-0.839844799285709,0.498516863825769,-1.25439878025771,-5.94056093253789,-5.40238033441731,2.74630744764325,3.17147379213167,0.80097857834102,B20.MAA000934.3_9_M.1.1,mesenchymal stem cell of adipose
C2.MAA000934.3_9_M.1.1,9.95769388578244,1.72295621825265,-0.004592715348874,6.5389600667581,0.822266128540103,0.450809189789279,-1.69258683400739,-3.33372658641844,4.66224069744431,2.66185830828573,0.880459186944614,C2.MAA000934.3_9_M.1.1,mesenchymal stem cell of adipose
B1.MAA000934.3_9_M.1.1,9.59423962291878,1.6172733834522,0.180371862827724,5.38826565499026,-0.0810167145938429,0.0465461840745737,-0.928129355810541,-2.23075611632749,4.87850148703931,1.26265209746507,0.398997208400098,B1.MAA000934.3_9_M.1.1,mesenchymal stem cell of adipose
J7.MAA000934.3_9_M.1.1,9.34062156345995,1.73544515299515,0.636291341557461,6.33779513303083,0.428713041312659,0.74362204275107,-1.575341854207,-2.54489863611756,3.76093671549441,0.625650151790415,0.0356138341417632,J7.MAA000934.3_9_M.1.1,mesenchymal stem cell of adipose
F3.MAA000934.3_9_M.1.1,8.9612374266545,1.44897313118868,0.249102412160897,-8.75457088479566,-0.0288994271110929,0.564863562451461,-6.03607886936923,-3.75698845879019,3.7369343900925,-0.406308662822295,2.91149889166488,F3.MAA000934.3_9_M.1.1,mesenchymal stem cell of adipose
I2.MAA000934.3_9_M.1.1,9.17176650654448,1.19013052525138,0.193919942590568,6.11877415645155,0.142477420670926,-0.240702521068627,0.5237718286365,-2.14617808220122,5.15023242352419,0.773007572593889,1.41478856397342,I2.MAA000934.3_9_M.1.1,mesenchymal stem cell of adipose
M7.MAA000934.3_9_M.1.1,9.91369456564458,1.57666224171002,-0.175739969821923,-1.3569919179524,-0.165824027730367,-0.374958513658887,1.090968254104,-0.607292253316134,2.61642631755079,1.36673240776527,2.56070542623412,M7.MAA000934.3_9_M.1.1,mesenchymal stem cell of adipose
L2.MAA000934.3_9_M.1.1,9.23564359723498,1.16250307100178,-0.413998043113205,-1.39914368955387,-0.355467024372212,0.821025937112015,8.44614363748092,1.05624370273873,3.2795997179208,-0.165232731435059,2.16635232274491,L2.MAA000934.3_9_M.1.1,mesenchymal stem cell of adipose
P2.MAA000934.3_9_M.1.1,9.11061406317115,1.25652534753557,-0.329807771101836,-1.55595259668573,0.198133613186533,-0.262792645817013,7.52307717289798,2.72476929127716,1.82894556144812,-0.527491459727401,1.85026085935894,P2.MAA000934.3_9_M.1.1,mesenchymal stem cell of adipose
P4.MAA000934.3_9_M.1.1,10.6935256411057,1.89774206727972,0.345661268203344,5.1977714414262,0.196519352844178,0.0948400514553066,-2.86469128842079,-1.98712775268108,4.12918896611834,1.13602500078286,0.418854258676467,P4.MAA000934.3_9_M.1.1,mesenchymal stem cell of adipose
P5.MAA000934.3_9_M.1.1,9.93747776693403,1.49550984174222,-0.234212205333638,2.99274747611139,-0.252777794818922,0.558695928178747,4.62818375747143,1.85018553044692,3.41405170104325,-0.873373327931529,1.64200443265019,P5.MAA000934.3_9_M.1.1,mesenchymal stem cell of adipose
O6.MAA000934.3_9_M.1.1,10.0666046963972,2.20991455586689,1.04412740019313,8.65322831925391,-0.530815662937378,0.146959507558625,-1.68243167082829,-3.89506270126463,4.12583776676398,1.96218712839808,1.27149276558448,O6.MAA000934.3_9_M.1.1,mesenchymal stem cell of adipose
N6.MAA000934.3_9_M.1.1,10.0401758427596,2.19756570251395,0.185670582426031,3.82378446392651,-0.138694226164729,-0.247653165168124,6.56614477626817,-0.388273598828871,3.81053926173619,0.48873548250936,1.15930020400917,N6.MAA000934.3_9_M.1.1,mesenchymal stem cell of adipose
M6.MAA000934.3_9_M.1.1,7.5144485065261,0.342527569203869,0.0516428692271814,-1.64491066488601,0.735603887046907,1.42765645318956,2.6187003417869,0.894901972726948,2.84451125343725,-0.987410430600528,-0.695410627602071,M6.MAA000934.3_9_M.1.1,mesenchymal stem cell of adipose
I2.MAA000531.3_8_M.1.1,9.88648067993009,1.36841766817819,-1.90765997507027,-4.2286598632443,0.362946665122578,-0.328044656424009,-0.308197956584593,2.95685522704165,-2.3938007961035,-2.07085758455032,1.64702411356563,I2.MAA000531.3_8_M.1.1,mesenchymal stem cell of adipose
C3.MAA000531.3_8_M.1.1,11.4069250902118,2.02483802039371,-0.744579664062431,-6.36525980111203,0.737471794928824,-0.378192192641692,-3.15297256439878,1.50240008350149,0.0268497203511301,0.325931135283002,-0.448747037783239,C3.MAA000531.3_8_M.1.1,mesenchymal stem cell of adipose
M5.MAA000531.3_8_M.1.1,12.4639367373987,2.03888514171757,-1.00337729349563,-8.65142900433154,0.500851904015983,-0.002156389142198,-3.04050532136703,-1.83894193557727,0.967532471842014,0.715754112446956,0.745656421760122,M5.MAA000531.3_8_M.1.1,mesenchymal stem cell of adipose
M6.MAA000531.3_8_M.1.1,12.1575684276477,2.70579751766182,-1.1343805583321,-6.86180341533697,-0.0328401167148578,0.331478860683163,-3.28117493853074,-2.02718925341903,0.0738298067185749,0.689657343279845,-0.0528269028291904,M6.MAA000531.3_8_M.1.1,mesenchymal stem cell of adipose
I5.MAA000531.3_8_M.1.1,12.5500209824701,1.86517932913081,-1.19240153936175,-10.6237317834609,1.19116866270829,-0.341786578441279,-7.46688659285438,-1.69816164631959,2.17183964157172,0.278608178811944,1.09529181529602,I5.MAA000531.3_8_M.1.1,mesenchymal stem cell of adipose
G6.MAA000531.3_8_M.1.1,9.98176634448797,1.56057862626102,-0.395828472005879,-5.40889991131853,0.469516004727164,-0.307825802728494,-0.699323060095522,0.13626315169081,0.745740102868205,0.241451585823717,0.568630582604741,G6.MAA000531.3_8_M.1.1,mesenchymal stem cell of adipose
D2.MAA000531.3_8_M.1.1,11.3600799652312,1.48590846193073,0.223446884288139,-4.03359729692127,0.330750640510029,0.268492757925962,-6.36224564969144,-1.50277056699337,-0.432623973393853,0.189529234059207,0.241212512849452,D2.MAA000531.3_8_M.1.1,mesenchymal stem cell of adipose
G7.MAA000531.3_8_M.1.1,8.40570917273327,1.38431774568096,0.540057564417266,6.99347289292734,-0.0572677556896594,1.21462596939655,-2.85929657315197,-2.89926291770648,0.583015153167875,-1.23772704479781,-0.747659890496851,G7.MAA000531.3_8_M.1.1,mesenchymal stem cell of adipose
A3.MAA000531.3_8_M.1.1,10.2548236455003,1.69075575990377,-0.619180967983723,-4.66628772383155,1.15381843674647,0.799349061241455,-1.76976388941367,1.86434395007085,-2.70556082316008,-1.36735086044945,1.40450776985078,A3.MAA000531.3_8_M.1.1,mesenchymal stem cell of adipose
L2.MAA000531.3_8_M.1.1,10.4032304135842,1.46392881703109,-0.585182424163683,-6.44582417975246,0.588428465378244,0.171730252095826,-1.40302968199232,0.11297929022467,-0.571240786086097,-0.513645593697845,0.621591443647312,L2.MAA000531.3_8_M.1.1,mesenchymal stem cell of adipose
L3.MAA000531.3_8_M.1.1,11.880400266791,1.75244282859971,-0.67025097711839,-9.86320044364832,0.962373235370484,0.147391997625557,-3.85612396114652,-1.25207854986495,0.832347224224832,-0.660212946315438,1.62391814154991,L3.MAA000531.3_8_M.1.1,mesenchymal stem cell of adipose
L4.MAA000531.3_8_M.1.1,8.29763026318427,2.11838256679157,-0.3222593328533,4.24757814679306,-0.59417931776059,0.0762711879722195,2.24223993804512,1.61704294366522,-0.198177954151809,-1.4437166386214,0.14660525228222,L4.MAA000531.3_8_M.1.1,mesenchymal stem cell of adipose
J4.MAA000531.3_8_M.1.1,11.678948303714,2.3022857240745,-0.782359925305251,-8.53032842578882,0.548774507004328,0.295109222120378,-3.09014930286408,-1.57302840319495,-1.91764817562723,-0.134149936739197,-0.907608111992481,J4.MAA000531.3_8_M.1.1,mesenchymal stem cell of adipose
L7.MAA000531.3_8_M.1.1,10.4240760549276,2.2230529738379,-0.467707287538543,-2.82170957780931,0.950964118363122,-0.0786365064994664,-2.66834437606475,0.510112625665432,-1.95319737485614,-1.99885412950877,0.637498700812537,L7.MAA000531.3_8_M.1.1,mesenchymal stem cell of adipose
L8.MAA000531.3_8_M.1.1,12.765135873216,2.72608785254614,-0.742422827643082,-6.96256566216944,0.630966491060682,-1.81404842976006,-0.838068435871144,0.391363436414269,-0.0175446306200458,0.694959468090456,1.91860947995827,L8.MAA000531.3_8_M.1.1,mesenchymal stem cell of adipose
N1.MAA000531.3_8_M.1.1,11.2442253423424,1.81522617873805,-0.858197548172614,-3.77935622846142,0.197505847668236,-0.340371411136856,0.920451048177734,2.09954807113417,0.205060583323966,-2.39061287958441,0.413636549376122,N1.MAA000531.3_8_M.1.1,mesenchymal stem cell of adipose
B3.MAA000531.3_8_M.1.1,11.5744177657533,2.20751660077841,-0.625078582337463,-6.51329575859046,-0.0672131948608325,-0.467359057543281,-1.68469756170446,1.18363244979587,-1.21797876318093,-0.665865928760749,0.331022143392588,B3.MAA000531.3_8_M.1.1,mesenchymal stem cell of adipose
B4.MAA000531.3_8_M.1.1,11.7415769173239,2.39413873530823,-1.36671891901342,-6.81111710937007,0.269913426277905,0.450854019648812,-2.96377745506649,1.04904840320938,0.585660680869855,-0.774881002557319,1.20338476768945,B4.MAA000531.3_8_M.1.1,mesenchymal stem cell of adipose
E4.MAA000531.3_8_M.1.1,10.2685007616914,2.31324125982131,-0.170280955419977,5.10431173582081,0.0409024854023122,0.621036113504479,-2.54563224012046,-0.0983123891833,-2.39059757147867,-1.55656727964876,-2.45245303311182,E4.MAA000531.3_8_M.1.1,mesenchymal stem cell of adipose
H4.MAA000531.3_8_M.1.1,9.36800528298735,1.01909856638997,-0.94843750694058,1.00981053470657,0.465382470821114,0.53504485359407,-0.454224244403664,0.364044833528156,0.56072444723455,-0.937034852818884,0.278429692003193,H4.MAA000531.3_8_M.1.1,mesenchymal stem cell of adipose
N5.MAA000531.3_8_M.1.1,10.6881836348271,1.55774042751668,-0.347614400088378,-4.32927023893189,0.304902507602139,0.18872027833571,0.718381344715731,0.235389802681453,-0.700857293517539,-1.0150078585269,1.23533817401951,N5.MAA000531.3_8_M.1.1,mesenchymal stem cell of adipose
N6.MAA000531.3_8_M.1.1,11.4497565591124,2.74437827100622,-0.264093305706404,-6.19490826055795,-0.294984754342137,0.760541082132448,-2.22836609047322,-0.841333092971549,-0.468411754674903,-0.0178249992910258,-0.318156150579856,N6.MAA000531.3_8_M.1.1,mesenchymal stem cell of adipose
F2.MAA000531.3_8_M.1.1,11.0843865967703,2.19639379078335,-0.939906549079086,-7.21873338902786,-0.493126348631662,1.18897004276133,-1.19313037859278,0.456056366411033,-0.208164069108528,-0.64949616085695,-0.0464142406852156,F2.MAA000531.3_8_M.1.1,mesenchymal stem cell of adipose
P2.MAA000531.3_8_M.1.1,9.06429363403505,1.35072154032917,-1.07842393259799,-1.37718159677215,-0.150257101172535,-0.744912484809676,-1.0657711035019,3.35951305028209,-1.89615316024817,-2.23174316842137,0.24038478101152,P2.MAA000531.3_8_M.1.1,mesenchymal stem cell of adipose
P3.MAA000531.3_8_M.1.1,10.2995418084903,1.60112566973898,-0.380133361534496,-6.96376896244797,0.544257454333582,-0.737482287833262,-0.619610220948245,0.380433638058641,-0.869292006337395,0.157488164196812,0.649703588798562,P3.MAA000531.3_8_M.1.1,mesenchymal stem cell of adipose
P5.MAA000531.3_8_M.1.1,10.6988756415214,1.43893279694385,-0.969718903686831,-5.72789638805695,0.497291946694576,0.0193440045968703,-2.09099375420502,0.721385318332703,0.0398771879227541,0.150960943839449,0.316099229719844,P5.MAA000531.3_8_M.1.1,mesenchymal stem cell of adipose
O1.MAA000531.3_8_M.1.1,10.2594044562631,1.99981149336947,-0.736204728489263,-5.06425617586358,-0.0089002399279003,0.108927547813487,-3.14167304437971,0.593312594140623,-2.1017702378666,-1.82650678075291,0.168220153600453,O1.MAA000531.3_8_M.1.1,mesenchymal stem cell of adipose
O5.MAA000531.3_8_M.1.1,11.8197573345176,1.85817907906289,-0.534483046975269,-4.85263374283629,0.561694157046434,-0.116736504846909,-1.48140086945127,0.523579144208679,-1.15978473441651,-0.74225066590191,1.37440878452733,O5.MAA000531.3_8_M.1.1,mesenchymal stem cell of adipose
O7.MAA000531.3_8_M.1.1,10.0302136124918,1.76690706498644,-0.275370469585855,3.26699161638418,-0.334131275984367,0.748017107613809,1.84210476644718,1.77434219712509,-0.849908877878605,-1.0664937904588,-0.95719994783123,O7.MAA000531.3_8_M.1.1,mesenchymal stem cell of adipose
F2.D043520.3_39_F.1.1,10.5029842605137,1.5211772474998,0.189653927809702,3.37350893232823,-0.687991287973693,-0.225579994095107,1.41815304484128,2.13492787485589,-3.8467707123417,-0.872770535187729,-0.175184272116402,F2.D043520.3_39_F.1.1,mesenchymal stem cell of adipose
A2.D043520.3_39_F.1.1,9.4672157737429,2.0572711305013,0.638914893081041,3.0772733756355,-1.00017912679589,1.56173130350187,-0.3559605969889,0.24419677244987,-2.71093360644182,-0.60495049938077,-0.414042318177909,A2.D043520.3_39_F.1.1,mesenchymal stem cell of adipose
P3.D043520.3_39_F.1.1,8.88523553788779,0.302312537010524,-0.564256295696365,1.15569711393233,0.560711044229952,-0.0536601306255524,-0.276902791405532,4.82403863612915,-4.13441986228425,-3.57921513440564,0.560493430638967,P3.D043520.3_39_F.1.1,mesenchymal stem cell of adipose
N8.D043520.3_39_F.1.1,9.7441844180231,2.48069157114024,0.591892570725188,0.417384435745423,-0.545208239100595,0.0575363166444038,-3.33579472830848,2.11904925389532,-5.71081457359335,-2.06205629719849,0.430013353998927,N8.D043520.3_39_F.1.1,mesenchymal stem cell of adipose
P8.D043520.3_39_F.1.1,9.39625032813174,1.45322999328145,0.0951108421544698,2.58529509690605,-0.10784011195421,0.0839426007729525,-2.85817227486976,2.9730754042021,-3.28004041301816,-3.17346763678585,0.329352143481217,P8.D043520.3_39_F.1.1,mesenchymal stem cell of adipose
G1.D043520.3_39_F.1.1,9.6502591632552,1.86729935253461,-0.09521535760242,-2.35812125673188,-0.757216347530066,-0.978041204421876,-1.08546081957342,4.80663476085936,-3.68759712289881,-2.48355439888274,0.152708105360568,G1.D043520.3_39_F.1.1,mesenchymal stem cell of adipose
D3.D043520.3_39_F.1.1,10.087127177379,1.70212037695529,-0.266111068662335,1.10516745106518,-0.194362463858656,-0.801315566808055,-2.83059383695343,2.73022214667107,-2.69647226527152,-2.00758131155251,-0.294143124743268,D3.D043520.3_39_F.1.1,mesenchymal stem cell of adipose
D5.D043520.3_39_F.1.1,9.58098888473977,0.825637689934325,0.0600908349954598,4.14036714020871,0.326810807973708,0.395839828096727,-2.97801324413806,2.49798025197318,-1.94789771078179,-1.55817496994975,-1.11344935913456,D5.D043520.3_39_F.1.1,mesenchymal stem cell of adipose
G5.D043520.3_39_F.1.1,10.8562794972952,1.6855934117462,-0.613662859333239,-6.60409091811802,0.759758254913046,-0.876700680242218,-1.1712552603447,1.88641680885943,-3.08223303231895,0.229461015613566,-0.399114696522277,G5.D043520.3_39_F.1.1,mesenchymal stem cell of adipose
J8.D043520.3_39_F.1.1,10.8074570882469,1.86570377739152,0.664102045280371,9.6637140660621,-0.27690318760515,0.498559145094652,-1.88421476080577,-0.0421778127630251,-1.12333993958935,-0.0245493683984655,-1.20585782083862,J8.D043520.3_39_F.1.1,mesenchymal stem cell of adipose
M4.D043520.3_39_F.1.1,10.1123525474697,1.32142145626152,0.788793681381453,6.26805655882036,0.0546575339904113,-0.238468499644032,-1.54104529931394,2.19233331442432,-3.60202764487212,-1.86851577926087,-0.928140612629604,M4.D043520.3_39_F.1.1,mesenchymal stem cell of adipose
O7.D043520.3_39_F.1.1,11.2302986659975,1.85742065709303,0.227390289657404,-3.6879090142218,-0.158733239071565,0.476357547023411,-3.38829664423613,2.84897769921422,-3.10857005305522,-1.57935944602611,0.530578641076203,O7.D043520.3_39_F.1.1,mesenchymal stem cell of adipose
B8.D043520.3_39_F.1.1,10.6823604396268,1.92151508492803,1.00620889312579,-0.0278328504210001,0.150608235145205,-0.41067380311076,-1.70568006574037,2.84051127098037,-2.75711864431304,-1.79404628837512,0.300811442325872,B8.D043520.3_39_F.1.1,mesenchymal stem cell of adipose
M5.D043520.3_39_F.1.1,9.96443198242988,2.23731118294725,0.778935634895898,-0.86720708746771,-1.81209195398008,-0.226082951721635,-1.15971232333441,3.44592873138622,-8.25495534378957,-0.754026964460144,-1.01306979047502,M5.D043520.3_39_F.1.1,mesenchymal stem cell of adipose
O8.D043520.3_39_F.1.1,10.3701204791983,1.70177532682665,-0.365789356620105,-3.86490105224534,-0.0850166720709973,-0.485942981249878,-3.27252386814423,2.99483820457142,-3.54851636803267,-0.350574152147745,-0.120771879899185,O8.D043520.3_39_F.1.1,mesenchymal stem cell of adipose
E6.D043520.3_39_F.1.1,12.3586532664766,2.33516986167625,-0.368381654496409,-5.09183405506715,-0.0940294585478813,-0.519453273732188,0.225481807784797,4.01201115278797,-4.15293604658714,-0.835836884093265,-0.354682801852296,E6.D043520.3_39_F.1.1,mesenchymal stem cell of adipose
K1.D043520.3_39_F.1.1,10.419054507229,2.01683646914105,0.561398685166291,0.0920522306538525,0.249438130646459,0.0212166098600022,4.89827248452921,4.84463572501061,-3.3171035259269,-1.56280222611471,-0.486838424357696,K1.D043520.3_39_F.1.1,mesenchymal stem cell of adipose
H5.D043520.3_39_F.1.1,10.8989415462646,2.37951450885373,-0.230537822101221,3.8695175534269,-0.273673806135849,-0.735026162940489,-2.52385205332791,0.563735077421291,-3.94340514382946,-1.06367055139223,-0.759644046679221,H5.D043520.3_39_F.1.1,mesenchymal stem cell of adipose
K22.D043526.3_39_F.1.1,11.3493769142678,2.59458267332279,0.847615970044164,3.30671865387588,-0.452262906073914,-1.30739978114866,3.74415316258558,0.400263507926545,-1.32170810650547,0.961525003077637,0.687024277300862,K22.D043526.3_39_F.1.1,mesenchymal stem cell of adipose
N22.D043526.3_39_F.1.1,11.8771542134031,3.21396935650438,1.36177580969568,10.7161686696084,-0.948991783637718,-0.43159440653282,-2.80882853527854,-2.54341427505362,2.12994039356813,1.49978643211118,-0.662348114599656,N22.D043526.3_39_F.1.1,mesenchymal stem cell of adipose
E17.D043526.3_39_F.1.1,10.6865261828848,2.88550907137052,0.972595766881073,13.9391913803081,-0.117210258116698,0.348475189599859,-5.273355213591,-4.83806757561461,0.221393825622996,2.17748569496624,-0.407292510429096,E17.D043526.3_39_F.1.1,mesenchymal stem cell of adipose
E18.D043526.3_39_F.1.1,10.5989711188842,2.75109378292795,0.859513728421206,13.4130347253781,-0.726627258595975,1.1080150530351,-4.83860889943265,-3.45270904340701,0.60685279026665,0.909244132169196,-1.43609921601522,E18.D043526.3_39_F.1.1,mesenchymal stem cell of adipose
M18.D043526.3_39_F.1.1,11.0209829123083,2.26081898946002,0.78027166064969,6.57439512227753,0.224344780050297,-1.35811926472365,-6.32017698696996,-1.12957624264976,-0.554347861709283,1.67519681052584,-0.364006930755844,M18.D043526.3_39_F.1.1,mesenchymal stem cell of adipose
B20.D043526.3_39_F.1.1,8.05713601746549,0.163104256284193,0.345504383076838,10.2780010733786,0.362332765372574,0.715773768877562,-2.7544872155504,0.840978194453273,3.63266150084645,-0.618779029291933,-0.203372572134885,B20.D043526.3_39_F.1.1,mesenchymal stem cell of adipose
E20.D043526.3_39_F.1.1,11.6289117192719,2.29285290419482,1.12138815311519,11.4306431154297,-0.393800404829685,0.597812369776792,-3.25162712894054,-2.47836979063262,0.560223185824589,0.898602881293512,0.0078717073498475,E20.D043526.3_39_F.1.1,mesenchymal stem cell of adipose
J17.D043526.3_39_F.1.1,10.7913499945134,2.16927651770912,0.842428228380703,12.7737459595044,0.358773249595424,-0.529761105731685,-2.47325773729216,-3.27892882263707,0.246577731966561,0.577750876629379,-1.17340960508176,J17.D043526.3_39_F.1.1,mesenchymal stem cell of adipose
J18.D043526.3_39_F.1.1,10.3939806213795,1.31546316422983,0.924172739932924,11.9562379847186,0.255441117211963,-0.959643561818706,-3.28206277498897,-2.75702897992737,3.39593425431613,2.51264277142864,-0.134191645560905,J18.D043526.3_39_F.1.1,mesenchymal stem cell of adipose
A14.D043526.3_39_F.1.1,10.1334499494328,2.21927396941779,0.831652099457655,11.6874747882292,-0.249459674210862,0.264703476954571,-5.23828811736279,-2.71164251911025,-0.642522571093243,1.13718969138936,-0.620497710715828,A14.D043526.3_39_F.1.1,mesenchymal stem cell of adipose
B22.D043526.3_39_F.1.1,10.2554132795448,1.76494330273393,1.39079770396439,13.7426928814184,0.186310606895477,0.42356758135427,-7.8921248470622,-5.01764961497646,0.661798982905398,1.29896670804657,-1.80639862609121,B22.D043526.3_39_F.1.1,mesenchymal stem cell of adipose
J20.D043526.3_39_F.1.1,12.0490475595948,2.23793034845402,0.624978320952105,9.18344542613775,0.455760836070483,0.333514833299446,0.257964380116784,-1.2688199974944,2.11285695499957,0.81210992344235,0.330827828421055,J20.D043526.3_39_F.1.1,mesenchymal stem cell of adipose
P17.D043526.3_39_F.1.1,10.3135411923041,2.12701155117996,0.566835467836805,5.91903587152696,-1.17096669614893,-0.353234416585937,1.99666206787766,0.497557007605111,-1.27210330829031,0.978919694256623,-0.111162123918874,P17.D043526.3_39_F.1.1,mesenchymal stem cell of adipose
G19.D043526.3_39_F.1.1,11.644814712452,3.23078984248887,0.793295874530416,5.1959623429194,-0.861026528323073,-0.447940706524055,5.62683912082732,-0.460738016940841,-0.179669449300655,2.03693777486059,0.566920152117408,G19.D043526.3_39_F.1.1,mesenchymal stem cell of adipose
P18.D043526.3_39_F.1.1,10.0444625975183,2.046563446399,1.42017856759155,9.16434543867736,-0.309164983051553,0.358022365321184,-5.0595182074996,-0.448189669444338,-0.201247041167833,-0.278465098214006,-2.10966004412604,P18.D043526.3_39_F.1.1,mesenchymal stem cell of adipose
G20.D043526.3_39_F.1.1,9.19165092876774,0.452178657904991,-0.600073809288993,2.48347363732101,0.870141822071886,0.906546537546456,0.662836234056974,2.6899801133017,3.13320302065295,-2.47324659245255,1.02722933098249,G20.D043526.3_39_F.1.1,mesenchymal stem cell of adipose
D18.D043526.3_39_F.1.1,11.7437983098044,3.09326352625094,0.0160350143324149,0.701101750529451,-0.814166778666981,0.201328079970269,-1.8598081473022,0.0537287681378451,-2.26058568380601,0.184618492761166,-0.418117631840357,D18.D043526.3_39_F.1.1,mesenchymal stem cell of adipose
L18.D043526.3_39_F.1.1,8.63679473553139,-0.295742795379587,0.113540151235145,8.43758257700986,1.00678707514164,-0.342039800517583,-3.58967983915875,-0.172770705926647,4.0223961729646,-2.68129533173216,1.03517374332819,L18.D043526.3_39_F.1.1,mesenchymal stem cell of adipose
P22.D043526.3_39_F.1.1,10.2278536651275,2.23193337637617,1.18159203221425,7.42895468260887,-0.50413379920383,0.919361424821396,1.78462512314907,0.786314679004129,-0.382108718060556,0.45376713822128,-0.546415700466168,P22.D043526.3_39_F.1.1,mesenchymal stem cell of adipose
D21.D043526.3_39_F.1.1,10.612116371357,2.74089790015853,0.542424313595573,10.9122214134432,0.0346607944593189,-0.66080745174478,-4.61698777497716,-2.13671267983188,-0.652760601484303,1.22439889579006,-1.48964758745177,D21.D043526.3_39_F.1.1,mesenchymal stem cell of adipose
I16.D043526.3_39_F.1.1,11.5489303772787,1.7717346562471,0.365202118967157,12.2409757355553,0.730124130651743,-0.770367706145733,-3.60739823621034,-3.07681442124279,1.22439241918023,0.328789120745095,0.562772315452729,I16.D043526.3_39_F.1.1,mesenchymal stem cell of adipose
C15.D043526.3_39_F.1.1,9.96311146365168,1.4161961776703,-0.373483613983685,10.7418690706572,-0.303160509718008,-0.0189140116173194,-2.24829918099505,-3.978082537723,1.73868411505366,0.259301705153935,-0.583556120135493,C15.D043526.3_39_F.1.1,mesenchymal stem cell of adipose
F16.D043526.3_39_F.1.1,8.65653522453435,0.261078069471599,0.0878720610925367,8.73209167709983,1.00353618708657,0.805810796004012,-4.52744251912554,-1.60575470087152,2.35302630660136,-0.639174627529798,0.475451864444118,F16.D043526.3_39_F.1.1,mesenchymal stem cell of adipose
L22.D043526.3_39_F.1.1,10.6317517395213,1.40085507235219,-0.162152137166018,13.4968725876735,-0.360641689401432,0.957445255096401,-4.07979313736196,-3.73590444356387,3.31096559834659,2.19911295405005,-0.974610797972987,L22.D043526.3_39_F.1.1,mesenchymal stem cell of adipose
I20.D043526.3_39_F.1.1,11.0940406234654,2.19348235442933,0.201287794778388,7.07027235683245,-0.385034879952034,0.275588367756509,2.09363570198495,-0.406583876840203,0.226796185399154,0.87959362399879,-0.348802228605585,I20.D043526.3_39_F.1.1,mesenchymal stem cell of adipose
N16.D043526.3_39_F.1.1,10.7759974959295,3.35156763745112,0.99204486178111,11.4295454541856,-0.316277410392575,0.296246700482448,-1.97454753061753,-2.96910622903771,-1.58243322786695,2.94691961864063,-1.12489187062082,N16.D043526.3_39_F.1.1,mesenchymal stem cell of adipose
C20.D043526.3_39_F.1.1,9.61176040355052,1.48452143860393,0.375430411919372,11.5658732618796,0.216937654624771,0.846514328205907,-5.13994482729447,-0.90043467507051,-0.755094024106697,-1.10064554606311,-2.87804839651756,C20.D043526.3_39_F.1.1,mesenchymal stem cell of adipose
H16.D043526.3_39_F.1.1,10.7987078931468,2.46880696817017,1.14516602003875,13.9489644928238,-0.0838022476215473,0.491803892886403,-5.58307709539567,-3.25529723169395,0.86303294624944,0.472467428324229,-0.736584121438796,H16.D043526.3_39_F.1.1,mesenchymal stem cell of adipose
B3.D045058.3_39_F.1.1,10.19308393334,2.82752479771425,0.0653894078885993,-1.19434777019424,-0.861105426568577,0.521829843808449,6.05160238633621,1.73712173037302,-1.80287202779063,-0.992567995961071,-0.628020924447538,B3.D045058.3_39_F.1.1,mesenchymal stem cell of adipose
A4.D045058.3_39_F.1.1,10.5797220623339,2.99858105369807,1.07276680090076,11.4877776152083,-1.75940146143216,0.553902931619551,-5.4822982607651,-4.70404326334153,0.136407652685009,1.2888417419333,-1.57221400106863,A4.D045058.3_39_F.1.1,mesenchymal stem cell of adipose
A6.D045058.3_39_F.1.1,11.6861050758165,2.14260252995037,-0.514496461085855,-1.85228172885597,-0.242927921635148,-0.660851373207556,0.583222742981124,2.46886455700715,-2.3841094605194,-1.09190484742517,1.82705034898543,A6.D045058.3_39_F.1.1,mesenchymal stem cell of adipose
E5.D045058.3_39_F.1.1,12.1937470886989,2.92516952520481,0.0823356277952728,5.11784801084205,-0.288753381476735,-0.462085267100859,0.785567051135584,-0.224425135011923,-3.61943787572463,0.289805650416922,-0.884172628344094,E5.D045058.3_39_F.1.1,mesenchymal stem cell of adipose
P2.D045058.3_39_F.1.1,9.79458789165421,2.07447821287243,0.836550409051903,0.385462318320441,-0.173411628588607,0.0255464060277557,-0.90357074978199,2.85293998946208,-4.65593242159333,-2.17086675768337,-0.69808779341934,P2.D045058.3_39_F.1.1,mesenchymal stem cell of adipose
N5.D045058.3_39_F.1.1,11.2817748140395,2.66992094842367,0.148840210825163,0.424366417276196,-0.544067025940942,0.124385245236118,3.63667863084833,3.04750070156631,-2.50352858052267,-0.72704206623151,0.424119015052404,N5.D045058.3_39_F.1.1,mesenchymal stem cell of adipose
N6.D045058.3_39_F.1.1,10.4112631081469,3.08182855198456,-0.116188309527098,-1.31586516623057,-1.06067611550715,0.379521798009729,-0.0463149168488015,-0.838136309970626,-7.03123536037559,-0.584913617129374,-0.777350388922943,N6.D045058.3_39_F.1.1,mesenchymal stem cell of adipose
P4.D045058.3_39_F.1.1,11.3529661083736,2.75603522648028,0.726220254250036,-4.56988747550541,0.178600573011298,0.485198568310023,2.239081901749,1.99348476098557,-1.88757637432907,-0.276888750301053,1.20156773797829,P4.D045058.3_39_F.1.1,mesenchymal stem cell of adipose
G6.D045058.3_39_F.1.1,12.2544655564274,2.84431415819653,-0.0160214886071427,-1.22624654203025,-0.742220785767388,-0.185232352818863,-0.11267440667232,2.07598875080909,-1.27196283459642,-1.42641453472092,-0.654901101419391,G6.D045058.3_39_F.1.1,mesenchymal stem cell of adipose
I1.D045058.3_39_F.1.1,10.6614037229454,2.47298505789901,0.348391080562451,2.02287505681255,-0.176162194826422,-0.673156551530691,-1.08755061535321,0.931987116881225,-4.784098812606,-1.64362422737037,-1.32907409720116,I1.D045058.3_39_F.1.1,mesenchymal stem cell of adipose
I2.D045058.3_39_F.1.1,8.94224975348097,1.49734554197042,0.37525246536552,6.51925271850532,-0.462912027518156,0.0422994642098914,-0.927823513178731,0.0328011251805529,-2.30944908699054,-1.01105840020591,-1.85487778821519,I2.D045058.3_39_F.1.1,mesenchymal stem cell of adipose
P5.D045058.3_39_F.1.1,12.033740664913,2.10598796554518,0.754734646436967,2.12697112548548,0.378847028362113,-0.280987646712728,2.15581878800619,2.41668240089274,-2.25103292252795,-0.260643931333823,0.138726895502836,P5.D045058.3_39_F.1.1,mesenchymal stem cell of adipose
I5.D045058.3_39_F.1.1,10.6162396384439,2.51146601063684,-0.983516868734954,2.78266608636862,-0.356948649765843,-0.396010110621742,-2.6868263133542,-1.47945593007976,-4.79731347287384,-0.962399076548443,-0.957613847264925,I5.D045058.3_39_F.1.1,mesenchymal stem cell of adipose
H2.D045058.3_39_F.1.1,10.1842680755037,2.2638343332653,0.861744636731623,4.45007935970492,-0.354157875559848,-0.60320137397538,-0.123949636003402,-1.00054200536726,-0.946360419001129,0.328076817363667,-0.804383378685028,H2.D045058.3_39_F.1.1,mesenchymal stem cell of adipose
H3.D045058.3_39_F.1.1,8.23538069136472,1.7815222019237,0.068828952744973,7.61551108513002,0.821982654931411,0.435230747503649,-1.77289378726741,-2.56330357632906,-0.650152221954774,-1.10057047181177,0.328389983960316,H3.D045058.3_39_F.1.1,mesenchymal stem cell of adipose
M8.D045058.3_39_F.1.1,9.66568853730721,2.499812986797,1.12658947345283,1.68135963234346,-0.826002561429515,-0.453405541690858,-0.859625313543793,1.6274481906306,-5.67225979170618,-1.00863237981431,-1.96392222653824,M8.D045058.3_39_F.1.1,mesenchymal stem cell of adipose
H5.D045058.3_39_F.1.1,10.1454417298589,2.02329118516113,-0.30753804758731,1.22786012017564,-0.319575170124297,-0.515165416067119,-3.57214066682919,0.0134826438593422,-3.8366639558997,-1.76096600279266,0.674013593161114,H5.D045058.3_39_F.1.1,mesenchymal stem cell of adipose
H6.D045058.3_39_F.1.1,10.9484579225519,2.01063534690796,-0.355822865978333,-1.03139379089271,0.702028647219237,0.594412105582664,-1.51685107367522,1.31128288279166,-1.93581579102978,-1.03207976417909,-0.90236383257088,H6.D045058.3_39_F.1.1,mesenchymal stem cell of adipose
H7.D045058.3_39_F.1.1,10.0604858153636,2.95154547654708,0.694466635585383,7.91059342499299,-0.788813476514573,0.522135034416253,-1.98905552542662,-1.2920581440953,-2.96983616482073,-0.423186470414188,-1.54207652136746,H7.D045058.3_39_F.1.1,mesenchymal stem cell of adipose
J4.D045058.3_39_F.1.1,11.9648220029612,3.13179303915588,-0.0537528133642494,-0.175734286942353,-0.391983044110585,0.555359093615356,-1.03342703299451,1.11031773081761,-4.18376694445614,-1.06359736975494,-1.06869073379303,J4.D045058.3_39_F.1.1,mesenchymal stem cell of adipose
E1.D045058.3_39_F.1.1,9.97111255203742,1.77397522586321,1.00950267437957,9.26868381315454,0.192850712408767,0.580970454733541,-3.81283466793124,-1.85153561927967,1.24193555828053,-0.855304787273415,-1.62447311958533,E1.D045058.3_39_F.1.1,mesenchymal stem cell of adipose
E2.D045058.3_39_F.1.1,12.5247329316939,2.66980441408171,-0.878820208582678,-2.91968696747548,0.576070209251408,0.0698023483786158,0.64740012338583,1.90190664761856,-3.46015552834772,-0.433670665541175,-0.996378021119636,E2.D045058.3_39_F.1.1,mesenchymal stem cell of adipose
J7.D045058.3_39_F.1.1,6.35007054296471,0.24029762729871,-0.183288410313766,3.58289319457367,0.0417584147405046,1.02919370658839,-0.245507907250915,1.23582031742337,1.95352665068587,-1.58598226954715,0.205784513853957,J7.D045058.3_39_F.1.1,mesenchymal stem cell of adipose
L6.D045058.3_39_F.1.1,10.7504191607309,4.14205551122654,0.771015757709076,5.59204295801175,-1.40070433413224,-0.204598665296543,-2.73131470861333,-1.66469780466824,-3.89728246868302,-1.32276610371899,-0.745022050258322,L6.D045058.3_39_F.1.1,mesenchymal stem cell of adipose
N1.D045058.3_39_F.1.1,13.2280253781795,3.15467056041642,0.121044521744376,-0.276326056622362,-0.61046728184248,0.327340857001857,2.14518540066324,2.23155927885143,-5.72850746441176,-0.132023146452653,-1.49025628403417,N1.D045058.3_39_F.1.1,mesenchymal stem cell of adipose
F1.D045064.3_38_F.1.1,7.71427423009539,1.64638771540332,0.85994509805819,2.17259508062208,0.6477532748831,-1.09741613721037,-3.71266276875101,3.73561790643766,-2.67600703910392,-2.91948935207748,0.551440387774217,F1.D045064.3_38_F.1.1,mesenchymal stem cell of adipose
K18.D045064.3_38_F.1.1,5.65829271062505,-1.52637141810766,0.0567633386911785,2.37502782105188,0.50857569361696,-0.605743283303574,8.2240347314321,7.10640139305723,3.44286337118672,-0.273184961840733,1.28830536800676,K18.D045064.3_38_F.1.1,mesenchymal stem cell of adipose
L1.D045064.3_38_F.1.1,11.0668111311858,1.48263178079694,-0.446402618031335,-5.93169974546836,1.08111463723184,0.128053954791383,-2.17458862722947,6.56558438868947,-3.6483250420149,-2.97094430590332,-0.351190961119788,L1.D045064.3_38_F.1.1,mesenchymal stem cell of adipose
F3.D045064.3_38_F.1.1,9.17995840829227,0.96522587058653,-0.77768072278367,0.241661306241603,0.373938317356983,0.950156824641803,-1.31299020219447,4.12791936524485,-3.88014450924933,-3.7914569406384,-2.24425984918706,F3.D045064.3_38_F.1.1,mesenchymal stem cell of adipose
B5.D045064.3_38_F.1.1,9.39270045365963,0.455491852330476,-0.541611028409948,1.60759291651279,0.541888171718837,-0.142139791039295,-0.346469624533618,5.29140164250454,-1.61045041180549,-2.83390178539142,0.770275239557022,B5.D045064.3_38_F.1.1,mesenchymal stem cell of adipose
D6.D045064.3_38_F.1.1,9.37434210323493,0.962541157216928,-0.63637100877305,4.77180739660976,0.945534981673868,0.232299309689743,-1.18858649166402,2.6451166298548,-1.92104078625111,-2.59040461166479,-0.505860910538302,D6.D045064.3_38_F.1.1,mesenchymal stem cell of adipose
F6.D045064.3_38_F.1.1,8.66632550003509,0.275969633609282,0.867010800157327,1.8879550740872,0.784754793551995,0.624596344070911,2.02845045739369,4.38743085677039,-2.20700033108279,-2.77939555359734,-0.774575478907517,F6.D045064.3_38_F.1.1,mesenchymal stem cell of adipose
D7.D045064.3_38_F.1.1,10.216731633013,1.8370286567575,0.0982514434434395,2.62844048009104,-0.11520229036927,0.699802472223543,-0.978236479576933,2.71300947965441,-1.93546521996934,-1.22587524437951,-0.76602219873695,D7.D045064.3_38_F.1.1,mesenchymal stem cell of adipose
H1.D045064.3_38_F.1.1,8.6865013203671,0.572001744209707,-0.0521493727988845,-0.541967759495547,0.135261764177875,0.292490012559073,-1.47355971061019,6.77402405716827,-5.76052884942533,-4.20533710685616,-0.466640370096061,H1.D045064.3_38_F.1.1,mesenchymal stem cell of adipose
H3.D045064.3_38_F.1.1,9.76856369575043,1.91242621491954,-0.771539817370524,1.60017927733335,1.98682851679189,0.0313175001416891,-2.86574702476176,3.0608721714283,-4.29807375008509,-2.10015124322639,0.843095606005014,H3.D045064.3_38_F.1.1,mesenchymal stem cell of adipose
N5.D045064.3_38_F.1.1,9.6067144556346,1.45650531214517,0.622143764101103,6.01358729772921,0.370602045169997,0.35116358945784,-3.3747996388469,1.78150050451706,-2.99716071394566,-2.521323306596,0.946430637661485,N5.D045064.3_38_F.1.1,mesenchymal stem cell of adipose
H5.D045064.3_38_F.1.1,11.2685330144296,2.13304362514091,-0.522809418931568,-4.86275697731325,0.91767148545107,0.412578700355112,-3.9571297416518,2.81950908107957,-2.96510108041632,-2.77954232337521,-0.635058489168669,H5.D045064.3_38_F.1.1,mesenchymal stem cell of adipose
H8.D045064.3_38_F.1.1,10.2678059127604,1.8655327679456,-0.780080609959356,-1.14449211665847,0.592144969716911,-0.0831516468637047,-5.39027577889098,3.19882077058063,-2.16538030215193,-2.47896516896008,-0.601104239042021,H8.D045064.3_38_F.1.1,mesenchymal stem cell of adipose
K2.D045064.3_38_F.1.1,9.17788237446271,0.838362015937598,0.0617065135371506,-0.478960502415615,0.550228299544059,-0.200583412436926,0.944365183014227,4.73500545862485,-3.39872469794523,-2.15700768820447,-0.72940675356296,K2.D045064.3_38_F.1.1,mesenchymal stem cell of adipose
C3.D045064.3_38_F.1.1,9.51992767769658,0.22439433556168,-0.130669499316184,-3.06152934565204,0.725829913954689,0.352655355816529,0.117635647715508,7.02368362406043,-2.41850355255054,-3.79608008861856,1.16296124580383,C3.D045064.3_38_F.1.1,mesenchymal stem cell of adipose
E3.D045064.3_38_F.1.1,9.30082809593313,1.38683335268588,-0.195736745806749,0.198837508582854,-0.148273786224295,0.299840645785226,-2.28583736278489,4.63263836453672,-4.59942547053039,-2.21539286556408,0.211347880704456,E3.D045064.3_38_F.1.1,mesenchymal stem cell of adipose
A5.D045064.3_38_F.1.1,9.42887737295371,0.55243748546898,-1.1045334705854,-7.49198929257525,1.1602363020237,-0.148269094480069,-4.04750972499431,3.82247176121559,0.176050311441901,-1.86052380082693,0.481169122015725,A5.D045064.3_38_F.1.1,mesenchymal stem cell of adipose
E4.D045064.3_38_F.1.1,9.69573253125251,1.68487889011496,0.0233288919157247,0.683285584824627,-0.263241371928173,0.176120250807977,-0.987304975259584,5.35249392611046,-6.30739616784864,-4.5271206385559,-0.654554367175889,E4.D045064.3_38_F.1.1,mesenchymal stem cell of adipose
I1.D045064.3_38_F.1.1,9.43038875254228,1.50334446201625,-0.840061759461644,-1.05267150279146,0.0772784363355271,0.0689379793830212,-5.29685115959634,4.25943907830576,-5.40721823386408,-3.31915692858707,-0.311065330994985,I1.D045064.3_38_F.1.1,mesenchymal stem cell of adipose
A6.D045064.3_38_F.1.1,7.63488902925103,1.20475570563934,0.254530059083184,-3.30189748583078,2.21467710158879,0.47962687035685,-8.06755247560943,3.94988472194219,-3.82764214391371,-3.87390789596897,-0.376355326063341,A6.D045064.3_38_F.1.1,mesenchymal stem cell of adipose
A7.D045064.3_38_F.1.1,8.33951815665346,-0.114835302012661,-0.61549546211361,-0.381167644078517,1.19377625233559,0.0900130087028604,-3.02021299816724,6.36023640139993,-1.50624306108187,-3.95450875181782,0.300222595930137,A7.D045064.3_38_F.1.1,mesenchymal stem cell of adipose
E5.D045064.3_38_F.1.1,10.6485317221711,1.21041564397497,-0.946005996268902,0.460243532052835,0.853856905316542,-0.632038259455113,1.7272527693974,4.84944487174535,-4.26229284761574,-2.30962575553508,-1.44938626145752,E5.D045064.3_38_F.1.1,mesenchymal stem cell of adipose
O2.D045064.3_38_F.1.1,7.75068754607978,0.165491915698259,0.0722429696067549,2.87123642859043,0.653370121565891,1.05641147529776,-0.39302233610334,3.83137070786611,0.810574328308587,-3.48363209955531,-0.643246376193448,O2.D045064.3_38_F.1.1,mesenchymal stem cell of adipose
K7.D045064.3_38_F.1.1,8.80294142717738,1.31355211988748,-0.5033396083474,-5.36600448686036,0.687571951908556,-0.771761676613424,-0.348485751394301,5.27206588505475,-2.04204664401301,-3.13022561105376,1.27983662544961,K7.D045064.3_38_F.1.1,mesenchymal stem cell of adipose
A8.D045064.3_38_F.1.1,11.5912898505023,1.1731335725482,0.319753091644064,-7.02625088720018,1.13507774018373,0.070941444586641,-4.15471091385418,2.45353188507216,-1.15378756181997,-0.85079540183693,0.373189381477722,A8.D045064.3_38_F.1.1,mesenchymal stem cell of adipose
C8.D045064.3_38_F.1.1,9.92644391838644,2.10732914029253,-0.676732142507194,-7.15894517946179,0.159708692444778,-0.716046768449706,-4.90322416520221,0.874877091761554,-2.15850539997433,-0.813133047483664,-0.0629976443318458,C8.D045064.3_38_F.1.1,mesenchymal stem cell of adipose
I5.D045064.3_38_F.1.1,11.3467535251111,1.58763664109689,-1.67802465385116,-6.3645171286067,1.04260492793983,-0.803770993052581,-0.713069573105597,3.9552121432886,-2.93234427097915,-1.49337917084923,1.18604049317363,I5.D045064.3_38_F.1.1,mesenchymal stem cell of adipose
M6.D045064.3_38_F.1.1,8.52479121132732,1.02296280515886,0.66502442463153,1.27295025324725,0.20554785545126,-1.23441857641022,1.78287271222217,5.19769790497589,0.947522252835598,-1.22146061075196,0.31761446957944,M6.D045064.3_38_F.1.1,mesenchymal stem cell of adipose
A1.D045067.3_38_F.1.1,12.3289946623197,2.96417182124696,-0.833249416293499,-1.36138555633974,0.080689793126924,-0.718776574432439,-1.18291212186446,5.15145668963347,-6.17535866214692,-2.68483708959119,0.481953913904401,A1.D045067.3_38_F.1.1,mesenchymal stem cell of adipose
N5.D045067.3_38_F.1.1,10.6230461869827,2.57565843586653,0.364823460570608,7.0703652425684,-0.45849983375241,-0.857398288204088,-0.195257590738036,0.593603213699145,-3.28697028397544,-1.09340652119923,-1.49294088358961,N5.D045067.3_38_F.1.1,mesenchymal stem cell of adipose
M1.D045067.3_38_F.1.1,10.6831974524268,1.89861726423787,0.811444752204916,7.91284683568901,-0.212047333640653,-0.0826795154475831,-1.30079933830329,0.514088688397014,-0.630421728320617,-1.40656094000437,-0.262617595165909,M1.D045067.3_38_F.1.1,mesenchymal stem cell of adipose
C4.D045067.3_38_F.1.1,10.0763983115518,1.31477322193975,-0.803951816334838,5.83576366715848,0.443636118225989,0.358873043148893,-2.713546521876,3.18846664296444,-3.68726245945006,-2.24428839984061,-1.17088924887503,C4.D045067.3_38_F.1.1,mesenchymal stem cell of adipose
F3.D045067.3_38_F.1.1,9.59612415373245,1.74795890346788,0.326389021585759,7.33440772235455,-0.217326244931371,0.0880894733785811,-2.44984049353735,1.94937640833965,0.601031030809528,-2.36555529906903,-0.626264619902158,F3.D045067.3_38_F.1.1,mesenchymal stem cell of adipose
M6.D045067.3_38_F.1.1,10.9566918787986,2.00419625419961,-1.70665842341986,-4.04998148247393,0.192427798779317,-1.88267539434746,1.36903669483423,4.77936197568318,-7.95189440824811,-3.6740926268904,0.0651400265833149,M6.D045067.3_38_F.1.1,mesenchymal stem cell of adipose
M8.D045067.3_38_F.1.1,9.70030109629349,0.908616605539178,-0.401236062008375,-2.06778503779671,0.536159631693487,-1.82406641967501,0.962660246219215,5.84810876750386,-3.44053645255033,-3.91104950438137,0.0608249341791652,M8.D045067.3_38_F.1.1,mesenchymal stem cell of adipose
P3.D045067.3_38_F.1.1,9.6571988940799,1.38397043831797,0.154426850979235,8.42083207854801,-0.347546697833103,0.109548478580658,-2.14097846396596,1.82165074449215,-0.857340647130874,-1.63136290212382,-0.473221496877207,P3.D045067.3_38_F.1.1,mesenchymal stem cell of adipose
O2.D045067.3_38_F.1.1,12.1901882504652,2.26939227568134,0.103193640841123,0.149268137892858,-0.467582698880893,-0.68057889615599,3.6076415081961,5.7301804943757,-3.12877849742041,-1.76966180542937,-0.273777577953577,O2.D045067.3_38_F.1.1,mesenchymal stem cell of adipose
P5.D045067.3_38_F.1.1,9.53381385813778,0.875638492856006,-0.123558648135442,-1.84673168152908,0.661852739695956,-0.241776785250154,-1.67144116650265,4.19650714980148,-2.56996345979388,-3.30943239172975,-0.542789350935883,P5.D045067.3_38_F.1.1,mesenchymal stem cell of adipose
O3.D045067.3_38_F.1.1,8.94960587686892,1.25493187411132,-0.159557482503243,2.11614222925599,0.694574502880391,-0.0154924777894706,0.993087170097346,4.60596933835703,-2.77792110130123,-1.75113196984736,-1.43123522717177,O3.D045067.3_38_F.1.1,mesenchymal stem cell of adipose
H5.D045067.3_38_F.1.1,11.8982817168955,2.85849313537894,-0.451297251076175,0.45371647664,-0.532931676046266,0.145150298148722,-0.371735265497274,2.20909658579267,-4.65858717476321,-1.22244666191892,-1.35690543424473,H5.D045067.3_38_F.1.1,mesenchymal stem cell of adipose
O8.D045067.3_38_F.1.1,10.3096588615182,2.34917351407193,-0.0405216039981935,-1.73523368451176,0.560773619918141,0.595817583988987,-1.02722520487539,3.93769810510147,-5.21305704401752,-2.82026847629843,-1.95014024003628,O8.D045067.3_38_F.1.1,mesenchymal stem cell of adipose
G14.B000127.3_38_F.1.1,11.1291133174933,3.39851531045664,0.994910407802044,9.18882501758568,-0.334299374055678,-1.64830200108687,-2.84774102043195,-1.68631887859898,-1.96153539530722,1.88627433074823,0.855498640899021,G14.B000127.3_38_F.1.1,mesenchymal stem cell of adipose
J22.B000127.3_38_F.1.1,8.11144005737376,-1.06250493099406,-0.759685506177907,1.59068107318909,1.66754132466744,-0.197040064455562,-2.18264677990814,5.47218006073683,-1.06798873236034,-3.21542534753497,-0.115913073096106,J22.B000127.3_38_F.1.1,mesenchymal stem cell of adipose
H17.B000127.3_38_F.1.1,8.56770316266918,1.19005717458445,0.0581869234773186,-1.07147130490597,0.482841146520396,-0.935010534429348,2.28538357117962,5.88309737056264,-0.464139596916682,-1.27016507856194,0.507523299050836,H17.B000127.3_38_F.1.1,mesenchymal stem cell of adipose
G16.B000127.3_38_F.1.1,10.2157633322226,2.29231563581725,0.579839683986991,5.7423915708487,-0.699946569756615,-0.743422608929051,-2.38469771502033,0.949932596558776,-3.70849090115963,0.939103403548179,-1.48926499039792,G16.B000127.3_38_F.1.1,mesenchymal stem cell of adipose
H18.B000127.3_38_F.1.1,7.95600012860198,-0.263838247387702,-0.39433396114167,8.30181215016245,0.922294633505346,-0.925491014641334,-0.657744260662999,1.56151204848377,3.58689112216138,-0.444001889796602,1.77907839843209,H18.B000127.3_38_F.1.1,mesenchymal stem cell of adipose
I21.B000127.3_38_F.1.1,10.0602819243624,0.3356959017964,-0.325034607051445,-1.00939733076353,1.80595496903493,0.473796314735709,-3.33974883470973,2.37941219508427,-3.29578729358291,-1.24197817956819,-2.08211165583327,I21.B000127.3_38_F.1.1,mesenchymal stem cell of adipose
F16.B000127.3_38_F.1.1,11.8764298602513,1.7521298121257,-0.61736957773821,-1.96292065845951,0.212869042946796,0.0815649187642003,-8.77986388077952,1.84967828579024,-5.95678931403957,-3.37142122333837,-0.332350460851747,F16.B000127.3_38_F.1.1,mesenchymal stem cell of adipose
H20.B000127.3_38_F.1.1,9.82459912072309,0.423941873233718,-0.48208207800355,9.42433976188462,0.528828772752626,0.174374060636898,-3.47550829678929,0.0853632382738764,0.341865802982227,-1.07440561595808,-0.188798351663502,H20.B000127.3_38_F.1.1,mesenchymal stem cell of adipose
H21.B000127.3_38_F.1.1,8.82865453951277,0.0899179041555418,0.119627522638369,2.41424790126791,0.553904440755974,-0.567410709271198,0.770655766655069,5.22226782050026,-1.18546465253658,-2.29300611347051,0.0422403587332222,H21.B000127.3_38_F.1.1,mesenchymal stem cell of adipose
E16.B000127.3_38_F.1.1,7.22893642606289,0.242353385842305,-0.280489165242411,8.6627702405225,0.411691669108736,-0.534678817371761,-3.69372004746424,1.14316546048423,2.79158589899107,-2.42303331301591,0.33983854137791,E16.B000127.3_38_F.1.1,mesenchymal stem cell of adipose
F19.B000127.3_38_F.1.1,8.80536293847286,1.38712360588005,0.788719006875695,7.53903773761238,-0.750987810289816,0.721759716334455,4.21489491693851,2.41798578214656,-2.14984000922077,-1.81856645381905,-1.54793686329748,F19.B000127.3_38_F.1.1,mesenchymal stem cell of adipose
P20.B000127.3_38_F.1.1,7.939189120022,0.407748444076897,0.64817729258594,6.81479406818503,-0.253595265095936,-0.377071549704229,-3.52652703320888,3.93575318279272,0.460939658816116,-1.63629582464452,-1.01813322204897,P20.B000127.3_38_F.1.1,mesenchymal stem cell of adipose
B14.B000127.3_38_F.1.1,8.67788544416058,1.95762908379416,0.917178587247451,1.17353734139589,-1.89140437353208,0.562768977948211,6.30194744044613,4.64727731024288,-4.42928822154795,-2.21795738116689,-0.658749988874407,B14.B000127.3_38_F.1.1,mesenchymal stem cell of adipose
D18.B000127.3_38_F.1.1,12.1584884811903,2.11185214341116,-0.832150188396342,-2.60290014565676,0.351102163249014,-0.45524646950334,0.503300315428022,3.25688691591453,-0.799717691700931,-1.40992816580073,1.09197159826957,D18.B000127.3_38_F.1.1,mesenchymal stem cell of adipose
P21.B000127.3_38_F.1.1,9.73991239770676,1.29186524757347,0.211151146536063,5.79882395548603,0.660102040618811,-0.198779172616069,-3.5359162138321,3.6984539369702,-2.13120231835786,-1.75289484994812,0.0871489445467055,P21.B000127.3_38_F.1.1,mesenchymal stem cell of adipose
D20.B000127.3_38_F.1.1,10.8366499330256,1.68334785690863,-0.420353788502477,1.68958487954513,1.27644177460658,-1.73426774321945,3.60377331569865,1.98105808462319,-2.55847479446471,1.07702802726381,1.48289422748948,D20.B000127.3_38_F.1.1,mesenchymal stem cell of adipose
M16.B000127.3_38_F.1.1,9.2210756986781,2.02848051165824,1.09593479672187,4.55054693634694,-1.19762512920678,1.35871982259826,1.12354761501607,0.435125745718549,-3.53258982387774,0.0153509693047512,-0.0931769432795222,M16.B000127.3_38_F.1.1,mesenchymal stem cell of adipose
O21.B000127.3_38_F.1.1,9.33759200193889,0.852675695759875,-0.149183303582986,2.51157631729734,0.145478968142404,-0.423651265889356,1.42681657109636,3.74995387818825,-2.39671558603003,-1.67856556205183,1.34592283002099,O21.B000127.3_38_F.1.1,mesenchymal stem cell of adipose
A14.B000127.3_38_F.1.1,8.80193738650888,1.46487960380449,0.429740387066934,5.29323644433344,-0.842109694700637,0.224280106115536,0.265194608021393,2.78763658405323,-2.31791455980663,-0.505740484995155,-1.41250552435261,A14.B000127.3_38_F.1.1,mesenchymal stem cell of adipose
L15.B000127.3_38_F.1.1,8.706784879799,0.574838062705093,-0.0329448791834441,2.03415234746662,0.698424152173817,-1.41051029246313,-0.388181329378626,4.72052909317172,-3.16572827710714,-2.87957154314595,1.73669859606565,L15.B000127.3_38_F.1.1,mesenchymal stem cell of adipose
M17.B000127.3_38_F.1.1,9.87961499491236,0.206589064486399,-0.298042354291989,0.892526876141532,1.54776395304928,-0.132299534324011,-2.57624137632319,4.90377380654441,0.114046181867529,-1.69867235400174,-0.355230186219353,M17.B000127.3_38_F.1.1,mesenchymal stem cell of adipose
A16.B000127.3_38_F.1.1,10.3763619277066,2.56790772387824,-0.15252166445304,0.40721704859155,-0.571192875795656,-0.373246767123695,0.338067672731184,4.05845761542946,-1.94372736244981,-1.61712499373585,0.0799939838138613,A16.B000127.3_38_F.1.1,mesenchymal stem cell of adipose
C19.B000127.3_38_F.1.1,12.3625768149553,2.54574473495024,-0.164997283190346,5.37891515115065,1.15467351299661,-1.90161764652799,-3.81527225122042,-0.348067141007004,-2.18495516047957,1.19156034441227,-0.584883751385767,C19.B000127.3_38_F.1.1,mesenchymal stem cell of adipose
K15.B000127.3_38_F.1.1,9.909412157819,2.41727393550678,0.12981192216224,8.12450558820508,-0.615274648696226,0.471794205422804,-0.9801046094007,-0.751272158093612,-1.55514858752662,0.750720087355486,-0.819896041939932,K15.B000127.3_38_F.1.1,mesenchymal stem cell of adipose
A19.B000127.3_38_F.1.1,11.4388595538083,1.31640649394855,0.187573747814754,8.63267084864979,0.474899369754131,-0.358821786821371,-2.10228510971197,2.01640529075331,-2.02243409545539,-0.113691238531879,0.0154810493608329,A19.B000127.3_38_F.1.1,mesenchymal stem cell of adipose
M21.B000127.3_38_F.1.1,11.3123949597879,0.388104307568238,-0.0093844477630415,-0.533593850879807,1.71351611911319,0.51330063128557,-4.51569501434316,3.21170547133994,-1.40698039680479,-1.08503281033277,-0.7388945279916,M21.B000127.3_38_F.1.1,mesenchymal stem cell of adipose
J16.B000127.3_38_F.1.1,11.3315360525532,2.25002662026058,0.339512206204394,1.76522507635765,0.560053957982152,-1.24055689988055,-7.15433029408638,-1.33082799146069,-2.86817121132167,0.322704754959191,0.0244816477118719,J16.B000127.3_38_F.1.1,mesenchymal stem cell of adipose
L20.B000127.3_38_F.1.1,7.5146726980137,-0.365461013611535,0.152135207350739,-1.50730816944473,0.561582933641981,-0.463572723509001,-2.75874781633828,6.39865147142973,-6.04028762314988,-5.08281842692821,-0.408042058775743,L20.B000127.3_38_F.1.1,mesenchymal stem cell of adipose
E4.B002707.3_39_F.1.1,9.02970799041698,2.06908830957351,0.255879783483892,0.291974691367834,-0.997359554513185,-0.120595929824202,2.17575274574873,3.2256802708591,-5.01758935909742,-0.73984866535826,-1.86022635024125,E4.B002707.3_39_F.1.1,mesenchymal stem cell of adipose
D4.B002314.3_56_F.1.1,10.0069577000285,1.90837730693771,0.165636106074127,0.18221528983752,-0.030704655569905,-0.18219748974039,-3.68227462748886,1.4863322422737,-7.92572814121208,-3.43600077734654,-1.04854749309161,D4.B002314.3_56_F.1.1,mesenchymal stem cell of adipose
A3.B002314.3_56_F.1.1,9.44363231912905,1.66207016771983,-0.579083555300001,3.33369752745595,-0.368201717799859,-0.257984554765047,-0.86743611056337,1.54065931679347,-2.64820871217042,-2.22815177489696,-0.83004073618544,A3.B002314.3_56_F.1.1,mesenchymal stem cell of adipose
J6.B002314.3_56_F.1.1,8.56740983766289,1.84753080595622,-0.19913116756495,-0.0048646097520641,-1.05088206543369,0.533674321223547,-0.99881906502609,2.82584088738114,-6.43073566445885,-1.94648536181893,-2.50235189142151,J6.B002314.3_56_F.1.1,mesenchymal stem cell of adipose
J7.B002314.3_56_F.1.1,9.8757188296795,2.62001263556688,-0.168223447541748,-1.15048023744881,-0.787908939194371,0.0296794965770326,-3.08338458524433,0.237210164821569,-5.19874643988893,-1.22773334614677,-0.712475568952207,J7.B002314.3_56_F.1.1,mesenchymal stem cell of adipose
A5.B002314.3_56_F.1.1,7.99697452397492,0.258513848169207,0.396693076249746,3.99684157537421,0.383640158744569,0.334492611239921,-0.64554367772928,2.3878023926449,-0.830193915483832,-1.34828359608871,0.112995085480348,A5.B002314.3_56_F.1.1,mesenchymal stem cell of adipose
C1.B002314.3_56_F.1.1,9.5359915586953,1.9652858039144,-0.627789043060868,-5.97962668754138,-0.0683741018908422,-0.970614496744276,0.237436799219291,2.42708523233873,-3.40685368709048,-1.35919108003387,0.835162552190707,C1.B002314.3_56_F.1.1,mesenchymal stem cell of adipose
I5.B002314.3_56_F.1.1,9.23263559203767,2.35843111068126,-0.822870278922315,2.11712312620491,-0.0655802837198091,-0.0207268924523965,-2.39618447173137,0.126230925697044,-4.21874905916155,-4.22414690233614,-0.562176434865407,I5.B002314.3_56_F.1.1,mesenchymal stem cell of adipose
C2.B002314.3_56_F.1.1,6.72588003634743,-0.257341959418672,-0.3543361840777,7.04171968962129,1.60142351086868,0.692860119844304,-2.14065764103542,1.75266186784697,3.65351737851232,-2.88084398304437,0.81336966439732,C2.B002314.3_56_F.1.1,mesenchymal stem cell of adipose
I6.B002314.3_56_F.1.1,9.31738476202757,1.85236844783932,0.0145442477137779,-2.31877738323372,-1.1391950925817,0.800954038646578,-3.77558992627725,0.436116910362163,-3.91371873288967,-3.02854922670006,-0.848280232757289,I6.B002314.3_56_F.1.1,mesenchymal stem cell of adipose
C4.B002314.3_56_F.1.1,9.62304937543164,1.84363590496249,-0.51375731186467,0.822954952380239,-0.394201166595656,-0.240857941173226,-4.765859289895,1.452861965365,-5.9526437011381,-3.24194879970051,-2.84309465892631,C4.B002314.3_56_F.1.1,mesenchymal stem cell of adipose
I8.B002314.3_56_F.1.1,9.55123735015903,0.584122724967352,-1.11394714544257,2.37473926808868,0.784734912182125,0.15810178934972,-2.05905666341112,3.05220898286195,-1.82028463862351,-3.80335129761916,0.294904058907625,I8.B002314.3_56_F.1.1,mesenchymal stem cell of adipose
G19.B002314.3_56_F.1.1,10.0078708005612,1.63554434006734,-1.16183810257174,-0.330737880475873,0.477670718444747,-0.884950788971987,1.06995214826339,2.02550842894536,-3.55600853066717,-0.752692219563937,-0.133786875986948,G19.B002314.3_56_F.1.1,mesenchymal stem cell of adipose
B1.B002314.3_56_F.1.1,10.0276696615836,1.28554267873929,-0.963529796454736,-4.09351069410333,0.377398663550921,-0.391619200612298,-1.41164900940917,2.50326369740522,-2.93288608436731,-2.28285791390525,0.852936740092102,B1.B002314.3_56_F.1.1,mesenchymal stem cell of adipose
H6.B002314.3_56_F.1.1,9.95997022063119,2.52121374645478,0.43141250911361,-0.534794265831685,0.447189903698363,0.606858772761063,-1.92287923499473,-0.533437976883819,-2.93917772130029,-1.59024110843496,0.159302924554731,H6.B002314.3_56_F.1.1,mesenchymal stem cell of adipose
K3.B002314.3_56_F.1.1,10.8664721272934,3.45442863583526,0.215620669117344,-3.57183275925476,-0.93957399559469,0.414108288321829,-1.85551743191697,1.40755803083422,-5.93940097568382,-1.59154915748783,-1.7522381611924,K3.B002314.3_56_F.1.1,mesenchymal stem cell of adipose
B7.B002314.3_56_F.1.1,8.76597637577534,1.04090689776258,0.162758893741222,-1.50321674191665,-0.267767311849676,-0.217252175522152,3.53622862899758,3.07420860080776,-3.31048242318236,-0.930541201578716,-0.771891319471579,B7.B002314.3_56_F.1.1,mesenchymal stem cell of adipose
B8.B002314.3_56_F.1.1,11.4171028815242,2.74471347014092,-0.503974556212432,-7.14194026731584,-0.279607876729603,-0.65534876531018,-3.00626603397572,1.0800521366717,-2.31106263486308,-0.570602828091849,0.247202957229009,B8.B002314.3_56_F.1.1,mesenchymal stem cell of adipose
J1.B002314.3_56_F.1.1,11.2325989335984,1.96333954336014,-1.00475803322218,-2.8792715251928,0.0685954719345698,0.181699504180003,3.3435668925674,2.86728888914851,-3.49398662464962,-0.993871130270913,1.33718333334171,J1.B002314.3_56_F.1.1,mesenchymal stem cell of adipose
B14.B002954.3_56_F.1.1,10.4115296334679,1.15755877940846,0.445447342349136,8.84822450797054,0.525952458401577,-0.868342753817676,-3.98440147137821,-2.14803899990372,2.81801213258598,1.29628338623443,0.782047953349565,B14.B002954.3_56_F.1.1,mesenchymal stem cell of adipose
B17.B002954.3_56_F.1.1,11.9277460306902,2.74493090111664,1.17993187378223,3.80103872926826,-0.677013971278629,-1.51960412180616,3.95050586609523,0.80612506708487,0.673129523131767,2.39459393675632,2.81309856901627,B17.B002954.3_56_F.1.1,mesenchymal stem cell of adipose
M15.B002954.3_56_F.1.1,11.5078796835583,2.42498214544749,-0.0443706867168771,0.0628607568752976,-0.365067984450766,-0.747506015724931,2.29891282524787,-0.0504318975482665,-0.524767301740808,1.59206791841007,0.281691235089238,M15.B002954.3_56_F.1.1,mesenchymal stem cell of adipose
H17.B002954.3_56_F.1.1,6.88069677476913,8.2521169905685,2.95162233581741,8.18488968976081,4.71480031492886,-1.30042120158592,-0.761349254628885,-3.62158157397574,-2.69660556782843,2.99396374698955,2.55000344189488,H17.B002954.3_56_F.1.1,mesenchymal stem cell of adipose
H18.B002954.3_56_F.1.1,10.1352376829609,2.22412907790234,1.3470870162058,10.2175038557472,-0.808230953599444,0.137947862569461,0.319390576365674,-1.70864859824895,-0.591412147932516,0.346034702097847,0.78813827086575,H18.B002954.3_56_F.1.1,mesenchymal stem cell of adipose
H19.B002954.3_56_F.1.1,9.97324675214485,2.39143623766467,-0.514324626502088,1.24615459647012,1.02079702049275,-0.760939850819368,1.12562145817297,-1.85872542245747,-1.69053222124196,1.86061193799479,0.851263100233741,H19.B002954.3_56_F.1.1,mesenchymal stem cell of adipose
E19.B002954.3_56_F.1.1,10.1979653756472,2.00095233464575,0.701778275793821,12.0473678207774,-0.842470129091173,-1.4679545428745,-3.04577191127207,-5.36101474607221,0.533728556206233,2.22881299098709,0.293657298536172,E19.B002954.3_56_F.1.1,mesenchymal stem cell of adipose
E20.B002954.3_56_F.1.1,10.8019206152902,3.26842779706139,-0.310548204836527,-5.44591758566332,0.431043539493958,-0.519492220145696,-3.61128077249595,0.066162447502747,-1.96617389467964,0.484681254263429,-0.147410416339456,E20.B002954.3_56_F.1.1,mesenchymal stem cell of adipose
A16.B002954.3_56_F.1.1,9.68992719410392,1.95716500635758,0.744118735318766,8.80688766323469,-0.0260820129989109,0.575432660002796,-1.27336379435079,0.257579504004841,0.551384331727356,-0.332881701593411,0.433147467591583,A16.B002954.3_56_F.1.1,mesenchymal stem cell of adipose
J21.B002954.3_56_F.1.1,9.99543136415018,2.15239232026705,0.574842982024601,11.1510443485293,0.432339761685883,0.115892551397617,-3.01161528905875,-2.93698920958439,1.30959493390575,1.20944001548621,0.565277187349677,J21.B002954.3_56_F.1.1,mesenchymal stem cell of adipose
D14.B002954.3_56_F.1.1,11.2265447883996,2.06551752718008,0.844431598756749,8.41147534438877,-0.864623453055243,-2.02781731141282,-0.921932856179937,-2.08328074841436,-0.641773053137481,2.50821972627887,0.379739467110547,D14.B002954.3_56_F.1.1,mesenchymal stem cell of adipose
D15.B002954.3_56_F.1.1,8.25697236650733,0.546535105974858,1.11465406029849,10.3374715426986,0.225628512749467,-2.0724415107914,-4.29225598942851,-1.9951519313001,1.31341226019854,0.376602898117526,-0.782205880028122,D15.B002954.3_56_F.1.1,mesenchymal stem cell of adipose
G17.B002954.3_56_F.1.1,9.24885888395242,0.124686390676319,0.375789847348604,9.82511639929446,0.431253018024294,-0.625441789047331,-4.37532283090878,0.550837802468047,3.16541686563806,-0.563162835660537,-0.948289690095954,G17.B002954.3_56_F.1.1,mesenchymal stem cell of adipose
I15.B002954.3_56_F.1.1,10.0398760865406,1.40956022328195,0.759929958567097,4.52665394144116,-0.154830035204432,-1.5040990488882,7.31072649266283,2.41235296958451,-1.14263450883032,-0.0749097958558691,2.73639962114563,I15.B002954.3_56_F.1.1,mesenchymal stem cell of adipose
G21.B002954.3_56_F.1.1,11.1967577560078,2.46035207146312,0.0795162269325601,5.17781273094302,0.877860907181213,-0.992387561552327,-4.14197947442789,-3.71749819927357,0.290085604675439,1.77567579505908,0.156642154237706,G21.B002954.3_56_F.1.1,mesenchymal stem cell of adipose
I17.B002954.3_56_F.1.1,9.94846938502458,2.3453548200728,0.560294181410736,10.2874846217224,-0.440300534626859,-0.678816142202009,-3.79293858772129,-3.84558870540681,-2.39962014288994,1.38320102321594,0.315593766117409,I17.B002954.3_56_F.1.1,mesenchymal stem cell of adipose
N14.B002954.3_56_F.1.1,11.8430218235669,3.14467245019871,0.236787208961642,-7.54683737439805,0.045407084506267,-0.266894606537389,-4.40287748470697,-2.41291032703659,0.951626849687163,1.32150091972632,0.632198581874532,N14.B002954.3_56_F.1.1,mesenchymal stem cell of adipose
L20.B002954.3_56_F.1.1,11.5403751634958,3.02280154089211,0.0503319618233546,10.0286788223524,1.02851945482778,-1.2388327442004,-3.87320332693126,-3.54678212384749,0.715845212057827,1.53806697115364,-1.81040447943558,L20.B002954.3_56_F.1.1,mesenchymal stem cell of adipose
K14.B002954.3_56_F.1.1,10.8506330979987,1.86842660235289,0.526779783541505,9.7927851277891,0.191642128525935,0.409664141116533,-2.56148414715659,-2.81804796017767,0.364881193265032,1.04498856347442,0.28544670761482,K14.B002954.3_56_F.1.1,mesenchymal stem cell of adipose
I22.B002954.3_56_F.1.1,11.2239038876071,3.16823796349196,-0.337373358226333,-4.21347712907453,-0.526611818167383,-0.396659784888033,-0.38365294969307,-0.398334354993076,-1.01551387921353,0.667752621895304,0.248702668879627,I22.B002954.3_56_F.1.1,mesenchymal stem cell of adipose
B7.B002955.3_56_F.1.1,10.5330539308101,3.15137776027038,0.257821778419189,0.738942247342619,-1.26328382918069,-1.58873751658074,-0.734925708754273,1.04091575868141,-7.08973440284171,-1.333391152833,-0.168591670675333,B7.B002955.3_56_F.1.1,mesenchymal stem cell of adipose
A3.B002955.3_56_F.1.1,8.893462806571,1.68860987563934,0.38816664839659,0.522957477262634,-0.703538186536337,-0.0771669706362891,6.70807747233821,4.21780663181014,-2.7939602904491,-0.378943462426508,0.689141872741842,A3.B002955.3_56_F.1.1,mesenchymal stem cell of adipose
A4.B002955.3_56_F.1.1,9.66013600356287,1.87660596780624,-0.154982159278359,0.903294669538744,0.0666799040134197,-0.531494820686753,1.42313884961429,4.61875277250286,-4.5890631842884,-2.42617491120222,-0.149415360238871,A4.B002955.3_56_F.1.1,mesenchymal stem cell of adipose
C6.B002955.3_56_F.1.1,8.87604349013539,1.63940258911097,0.171915568947512,5.13321726829925,-0.675334431301948,-0.601082753385905,0.331727772836195,1.41102787951017,-1.7557287602518,-0.753802096110996,-0.888909377610496,C6.B002955.3_56_F.1.1,mesenchymal stem cell of adipose
O4.B002955.3_56_F.1.1,10.0388370074173,3.02050144549128,0.36245380683739,8.04875969187328,-0.415312527701058,0.0593450137660153,-3.90068082356296,0.167200577369303,-3.00120184066214,-0.934522766860452,-0.49265205081189,O4.B002955.3_56_F.1.1,mesenchymal stem cell of adipose
F4.B002955.3_56_F.1.1,10.4461848731627,2.21005937610892,-0.15511418598153,1.89746980730468,-1.02712062641532,-0.228400484076423,0.170886548852643,3.65788027175176,-5.90868565985624,-2.03322136169884,-0.306312894190878,F4.B002955.3_56_F.1.1,mesenchymal stem cell of adipose
L6.B002955.3_56_F.1.1,11.1062954469266,2.16296327046972,-0.111099460429243,3.24818153998971,-0.290510734907486,0.100763672954366,0.304089030150265,0.615990836186692,-2.23124196670878,-0.480377890765617,0.116097439981702,L6.B002955.3_56_F.1.1,mesenchymal stem cell of adipose
O8.B002955.3_56_F.1.1,9.63546414566794,2.97339926153205,-0.0451948976953043,-2.57479966004106,-0.913537607470824,-1.06883569679244,-0.85756446571667,3.46737152834962,-8.70068188263582,-2.27231225022657,-0.535747953298213,O8.B002955.3_56_F.1.1,mesenchymal stem cell of adipose
D7.B002955.3_56_F.1.1,10.8553879196186,2.54108428030624,0.946222337562402,1.67553691735686,-1.51330262863674,-0.426540597363607,0.442797157652831,2.26998338321551,-6.82647975961341,-0.545585683352272,-0.767584894379762,D7.B002955.3_56_F.1.1,mesenchymal stem cell of adipose
I1.B002955.3_56_F.1.1,9.27244497996139,-0.737505443961643,0.389848395322901,4.47544233337175,1.18930124977122,0.193287833696766,-2.98305072268949,3.80388223929756,1.2869692222179,-2.91412093483375,0.681809247024338,I1.B002955.3_56_F.1.1,mesenchymal stem cell of adipose
J22.B002955.3_56_F.1.1,12.0846290399529,2.69089322540374,-0.112745269763327,2.38162007212929,-0.427761788411169,-0.348390651459921,-0.93911549383665,0.622314499601627,-3.17040658128495,-0.711179766838781,-0.795791824416187,J22.B002955.3_56_F.1.1,mesenchymal stem cell of adipose
I3.B002955.3_56_F.1.1,9.39935720390208,1.86857940192561,0.271315025661418,3.66991319732067,-0.263297939426759,0.443735292347115,-2.02225958918538,1.15675425719811,-1.67333731190924,-1.50032669329353,-1.13630897255223,I3.B002955.3_56_F.1.1,mesenchymal stem cell of adipose
N3.B002955.3_56_F.1.1,10.0071252057819,2.4187986623578,0.150550959520178,6.75999656160158,-0.858130531812201,-0.105579271457103,-1.51353602491335,-0.740896361357729,-4.15349218560986,-0.0778832898998061,-2.39553949243086,N3.B002955.3_56_F.1.1,mesenchymal stem cell of adipose
J1.B002955.3_56_F.1.1,10.9300591474726,2.45741260792898,-0.271515108331642,-2.45643780875294,0.683945494687407,0.406069698092,0.602265454877564,3.19837219979855,-3.26345455783907,-1.25220677259374,0.840438343789515,J1.B002955.3_56_F.1.1,mesenchymal stem cell of adipose
M7.B002955.3_56_F.1.1,10.7695490338706,2.28399581088565,-0.566639116323811,0.465941807790493,-0.0316550271247657,-1.79935455885376,-0.303162799833521,2.46136053052935,-6.3169898964263,-2.13334760496552,-0.804347814108936,M7.B002955.3_56_F.1.1,mesenchymal stem cell of adipose
F11.D042467.3_9_M.1.1,-10.0390047598722,-6.22483250052168,9.26439937626222,-1.15572623703635,0.0515766355028432,-4.38399819516333,1.27951932820013,-3.77251505709428,-1.02685950734416,-3.80976841554069,-2.74282855540224,F11.D042467.3_9_M.1.1,T cell
M10.D042467.3_9_M.1.1,-8.1613756350671,-5.90759991841193,11.1236154831725,-0.820484027475078,-2.21969835655001,-9.89612574591112,2.94217344670357,-7.61646634132881,0.218936391641921,-11.1954233716543,-4.0633054363418,M10.D042467.3_9_M.1.1,T cell
D9.D042467.3_9_M.1.1,-10.3127140172249,-7.99060174340363,8.92968037834059,-1.02777351479701,2.05243106282634,-8.5882846521513,1.89394258218458,-4.36259140401788,2.46502387408627,-7.91095774469798,-4.31464704782487,D9.D042467.3_9_M.1.1,T cell
H15.D042467.3_9_M.1.1,-11.0590267795202,-6.32535391949648,8.99333964716073,-1.24115413424051,1.16405434463185,-1.69992931353754,0.777734477890852,-1.41123790594385,2.88948162407861,-1.28402934109961,1.00251836396424,H15.D042467.3_9_M.1.1,T cell
J20.D042467.3_9_M.1.1,-9.79778603673306,-7.28189541348088,8.56903174719767,-1.19604047267956,-0.234247087704756,-5.38079621859683,3.35631019783786,-8.83579351524709,0.500916190842005,-13.3884939965908,-5.36930113313465,J20.D042467.3_9_M.1.1,T cell
E2.D042467.3_9_M.1.1,-9.79233693429726,-6.23448814810198,13.0389118676375,-1.15207572911035,-2.31935348187336,-2.28686039732739,4.72377180302816,-11.2997674645673,-2.16252963608717,-10.6455483653691,-3.13710397256604,E2.D042467.3_9_M.1.1,T cell
F6.D042193.3_8_M.1.1,-10.0429303616447,-7.77070746191994,7.64172200911778,-0.486890669419306,-0.333958911224295,-8.86454198336024,2.11265487599741,-5.70982769684289,-1.43443887150861,-6.83935545708677,-3.55301303557477,F6.D042193.3_8_M.1.1,T cell
G10.D042193.3_8_M.1.1,-2.5398242868806,-6.04232902930018,2.42226533555563,0.0266274904636102,2.40398746757761,-2.55700212609812,-0.375782597957974,3.53255729733431,6.39714301116398,-4.92410382296905,0.652724367965852,G10.D042193.3_8_M.1.1,T cell
G11.D042193.3_8_M.1.1,-12.3929593435453,-8.07011526264519,8.31477059282099,-1.21942083701078,1.66064159668347,-4.75502251963032,1.71587133596613,-7.63426088557174,2.52392435219856,-6.37920291171621,0.129948735850319,G11.D042193.3_8_M.1.1,T cell
B15.D042193.3_8_M.1.1,-6.72435065900171,-5.16002578829141,4.10169444831625,0.330325638802567,2.65481541003889,-2.61738567445402,1.77027489746809,-0.225308539517811,4.70844080777948,-7.0718388592567,0.172044713214843,B15.D042193.3_8_M.1.1,T cell
E8.D042193.3_8_M.1.1,-10.9396210819742,-8.66896837049284,11.0176768892802,-1.47013292283924,1.25486071087739,-9.57385985443607,3.21091659232855,-9.21219745868846,3.7763030059958,-13.0746590576278,-5.06655721764985,E8.D042193.3_8_M.1.1,T cell
G17.D042193.3_8_M.1.1,-7.45573484886917,-8.43653245947664,10.9913311352302,-0.424899474138776,1.03867986463022,-10.7371202626651,5.1289459461238,-9.12714995044459,2.24592486566735,-15.7129414400193,-5.54994073240514,G17.D042193.3_8_M.1.1,T cell
F20.D042193.3_8_M.1.1,-9.42528661031018,-7.89772846924671,10.1915377773947,-0.660262807576969,0.223375756174867,-7.05192195315259,2.03645636974687,-5.84604301277215,1.81736101074725,-6.71540592850964,-2.70340286655661,F20.D042193.3_8_M.1.1,T cell
M21.D042193.3_8_M.1.1,-6.99066116005179,-6.58463907764552,6.30971846849157,-0.970662447272121,0.941164910019469,-4.89895793359512,0.479634995178366,0.200324274702879,3.79409159151731,-4.19782684639394,0.0476848940520873,M21.D042193.3_8_M.1.1,T cell
N8.D042193.3_8_M.1.1,-8.89285485396501,-8.59668427515651,8.24693120095028,-1.35725304360784,3.6208935449431,-3.37965570078589,0.329124120823163,-3.36194801879378,3.28079097096979,-6.78195162265601,0.332891050856808,N8.D042193.3_8_M.1.1,T cell
P17.D042193.3_8_M.1.1,-3.92697152930728,-7.47384376046137,4.57904851837602,-0.289230873719314,2.68974623083133,-1.99139612700771,0.244867127942031,2.26646495646675,4.87210391239183,-4.73658116747449,0.54537595534401,P17.D042193.3_8_M.1.1,T cell
O21.D042193.3_8_M.1.1,-6.85516201396695,-6.71947100808585,7.07268706442602,-0.576893672378672,1.59999124515767,-3.64907511310309,-0.532644872292106,1.07292024284182,2.0150291560131,-3.59695724787348,0.980669011561942,O21.D042193.3_8_M.1.1,T cell
N17.D042193.3_8_M.1.1,-8.65948701427838,-7.21948074943513,8.95699809329408,-0.801521340276698,0.759403775346151,-12.8450395325242,1.67193953401679,-4.9557148510241,4.98296947784453,-9.04564737133386,-4.48142515172892,N17.D042193.3_8_M.1.1,T cell
A8.MAA000844.3_10_M.1.1,-7.23583069807767,-7.47427080189661,10.8783121775365,-0.624927685770241,0.999233178875698,-10.4842149547153,2.30783420777818,-4.95213718537847,1.30894412050112,-11.2806108194416,-7.53856100299902,A8.MAA000844.3_10_M.1.1,T cell
N12.MAA000844.3_10_M.1.1,-7.66532979834808,-7.70076998109136,12.641651197637,-1.5228185280505,1.30351571785903,-8.62611624570319,3.11245000836738,-8.41279311334617,-0.346665721042865,-13.6594021001706,-6.40207060920118,N12.MAA000844.3_10_M.1.1,T cell
F14.MAA000844.3_10_M.1.1,-9.09630526324156,-5.45862595058017,14.009815406846,-1.37587404693094,-2.23803823602421,-6.69590822280225,4.10297342044618,-9.07184891236032,-0.473768551396281,-15.0400440789173,-3.92363239589823,F14.MAA000844.3_10_M.1.1,T cell
P18.MAA000844.3_10_M.1.1,-6.96547385341836,-8.15901886825348,6.68800522866145,-0.613892438687066,2.03122941181944,-6.01517023479421,0.290754643914378,0.0228007966760904,2.12579805710551,-3.26575117267076,-2.33472125969888,P18.MAA000844.3_10_M.1.1,T cell
K12.MAA000607.3_9_M.1.1,-7.94396596950092,-8.71918786872471,8.52749394092838,-1.0105700896597,2.4824419950041,-1.76916969138343,-0.0970313516666821,-2.24868355729184,3.24055197260477,-0.0224426859138626,0.28323037253813,K12.MAA000607.3_9_M.1.1,T cell
A17.MAA000607.3_9_M.1.1,-8.70896958493286,-4.87010770919604,1.11769032395073,0.278356073326228,0.803386274697387,8.66621472668675,0.324718159717943,0.205348292850367,1.60756691739555,-2.0626752853691,-4.32419649112624,A17.MAA000607.3_9_M.1.1,T cell
B18.MAA000607.3_9_M.1.1,-10.0279016152691,-6.15333642284759,-4.88177236075765,-0.0869730833726004,1.71267480492073,-0.153374778982391,0.882150045397292,2.15635420228026,3.2906769082124,-3.59577251423788,-1.21533356326677,B18.MAA000607.3_9_M.1.1,T cell
D22.MAA000607.3_9_M.1.1,-8.48067945741382,-4.15071680802173,-7.59160169461274,0.318913359357297,2.31696319817617,-1.3441139457208,0.060754791480414,0.320592044447511,3.68586364825304,-3.27002863797939,-2.21174996860612,D22.MAA000607.3_9_M.1.1,T cell
F2.MAA000607.3_9_M.1.1,-8.36996243081597,-5.97254938002947,8.09075630837126,-0.328797665127569,-0.821555297701788,11.974302175803,1.11335089617079,-2.08570844799029,1.88701454040742,-0.202132362550352,-1.72170762986251,F2.MAA000607.3_9_M.1.1,T cell
B20.MAA000607.3_9_M.1.1,-10.3665219313206,-3.23279985425301,-10.096640892295,0.125815590991003,-0.633519189642103,-2.71840302921867,0.215465379066986,-0.552338513334514,-0.551826132873557,2.45072037390316,-0.615725613447925,B20.MAA000607.3_9_M.1.1,T cell
G5.MAA000607.3_9_M.1.1,-11.9873907813248,-5.67657056438746,-12.6983074938777,-0.0105538257834727,1.1314535364532,-3.35770192885798,-0.313025703077424,0.476215271135533,-0.0962205644780043,1.24460385662079,-0.534373982704206,G5.MAA000607.3_9_M.1.1,T cell
J11.MAA000607.3_9_M.1.1,-8.74200580409925,-7.11460632728032,8.17616965953809,-0.805824198129642,-0.29214429687702,-0.449470512083855,-0.792377682891949,0.608718235318336,3.21635150202068,1.05821039931222,0.917834405777121,J11.MAA000607.3_9_M.1.1,T cell
K13.MAA000607.3_9_M.1.1,-9.34742479058179,-4.67663262154592,-7.52064044632467,0.600099098717947,-1.0661684599905,-1.1102678519101,0.733391506202571,-1.07501041542126,0.367749432092294,1.32562820882241,-1.94812270831036,K13.MAA000607.3_9_M.1.1,T cell
A19.MAA000607.3_9_M.1.1,-9.46656201663583,-3.35214691120218,-8.01630699158491,0.887639353715068,0.131726565928394,-0.231071647804882,0.643308561126779,1.15739519473455,0.91914234120932,1.87271973981942,0.627227550861654,A19.MAA000607.3_9_M.1.1,T cell
K15.MAA000607.3_9_M.1.1,-21.4228031406774,23.0606060921572,1.31627789365324,-0.753290201523999,-13.3566365290095,-0.903134126647165,-2.48176786261187,4.35541401211235,5.18040561940466,0.951451476053461,-1.74536511413906,K15.MAA000607.3_9_M.1.1,T cell
K14.MAA000607.3_9_M.1.1,-11.5202146126747,-1.44191611112123,-8.38247006814229,-0.230010929836605,-1.85728343861891,-1.9093608138477,-0.929111758133995,2.01344969177013,-0.0859684596708905,-0.0723659607725837,-2.94548414118075,K14.MAA000607.3_9_M.1.1,T cell
F6.MAA000607.3_9_M.1.1,-10.0887520857693,-5.96241418436777,-9.32754592756461,0.679510217761377,0.459944961150426,-0.05399308795886,-0.936446513275249,-0.444629778248102,1.62595055883631,-1.0407784120541,0.202092863780707,F6.MAA000607.3_9_M.1.1,T cell
J14.MAA000607.3_9_M.1.1,-10.4055758522196,-5.73025097477725,3.47081545095793,-0.553277570606548,1.76747087325785,9.81085269361035,-0.0469075121284482,-0.524294233446364,2.77953308465908,-0.335841180320013,0.305286953135272,J14.MAA000607.3_9_M.1.1,T cell
B22.MAA000607.3_9_M.1.1,-9.32959101749366,-7.35267055060969,10.9715815141972,-0.733897372136234,0.959113763661894,-5.79232370136039,0.481290342859136,-2.25593939666633,1.29932074738305,1.28893139748512,-1.6070168634657,B22.MAA000607.3_9_M.1.1,T cell
J15.MAA000607.3_9_M.1.1,-11.2896322813236,-4.71821561704709,-9.21266893453301,0.339193485432761,0.0318112702629199,-2.70318768316116,-0.548972645575064,-0.0163227531191779,-0.539553435632257,1.72830642349889,1.87382306947765,J15.MAA000607.3_9_M.1.1,T cell
A22.MAA000607.3_9_M.1.1,-9.88136639999892,-5.59151591335418,-1.5720730810421,0.0031110042829279,0.500007462164044,8.47361404309137,1.21799486685901,-3.58187386042823,1.20234541488184,-3.8782458694142,-2.20989380304082,A22.MAA000607.3_9_M.1.1,T cell
C2.MAA000607.3_9_M.1.1,-9.612514678339,-7.02384347567526,10.9658566903949,-1.05170876900443,-1.19470160571534,-6.18792333667695,1.03246326199378,-4.47861661311644,-0.192267636959855,-3.94020552925189,0.280808618297033,C2.MAA000607.3_9_M.1.1,T cell
D3.MAA000607.3_9_M.1.1,-8.45156891598671,-6.12374917744305,5.73757172449468,-0.317982983349506,0.740053011302207,8.3403432748712,1.16338754467548,-3.03625147176884,-0.540843989544658,1.54727081243894,-3.30953891409611,D3.MAA000607.3_9_M.1.1,T cell
F7.MAA000607.3_9_M.1.1,-11.1434426217976,-2.87734169501379,-9.69691757643788,0.818905970287566,-0.304972734465248,-0.752084618788974,0.347013627583974,-1.55878263190906,-1.44080672182993,-0.689751201100544,1.19578827482607,F7.MAA000607.3_9_M.1.1,T cell
C3.MAA000607.3_9_M.1.1,-28.2941678119543,37.9410505518542,2.32816273724359,0.27512425920118,11.9892669487096,0.709308886608055,1.67375689534811,-4.307072843382,-4.66313301873105,2.40276248975052,-0.370518524785977,C3.MAA000607.3_9_M.1.1,T cell
B2.MAA000607.3_9_M.1.1,-13.8782576925898,-2.93500794218286,-10.8602395985568,0.281314625006503,-0.692228817511944,-2.35947442656899,1.06509851511204,-4.93626228617037,-0.578043956388722,1.17410585759277,0.0828325938138694,B2.MAA000607.3_9_M.1.1,T cell
E8.MAA000607.3_9_M.1.1,-10.182513714183,-8.35780588367247,8.41343359141751,-0.288779910950564,0.742686261603196,4.62566549284015,-0.588926915447117,-0.126205807779205,0.212970073298621,3.07327257849435,-1.002468274546,E8.MAA000607.3_9_M.1.1,T cell
F10.MAA000607.3_9_M.1.1,-8.81523527906355,-3.41530942836272,-8.85406462720118,1.40466941764222,-1.09964664550375,-0.481350890969012,-1.10023480427529,0.758333674266742,2.60975724048513,-1.51992324308545,-0.818352771193438,F10.MAA000607.3_9_M.1.1,T cell
H14.MAA000607.3_9_M.1.1,-10.1552675475029,-4.11213750684644,-11.4881950663721,0.176120546687251,0.0989366948725295,-0.37806755962071,-0.22975323817743,-1.15836245215986,-0.116406398490013,-0.867915010362839,0.941525325346545,H14.MAA000607.3_9_M.1.1,T cell
I16.MAA000607.3_9_M.1.1,-28.1722505478155,40.6924874976901,0.376135118610587,-0.38252997816512,11.5667114420011,-2.06496877025964,-0.506312963269283,0.956761954166392,0.378539259521151,1.46146139810314,-2.57364348023414,I16.MAA000607.3_9_M.1.1,T cell
J17.MAA000607.3_9_M.1.1,-10.5856363264167,-3.60619502855711,-9.51178070048729,0.190583821374044,-1.9753410966413,-1.7405776719238,0.273377951830134,-0.329702108266325,1.64810732133429,-0.549520552295224,0.80228015825088,J17.MAA000607.3_9_M.1.1,T cell
J19.MAA000607.3_9_M.1.1,-27.6936542685389,38.6777757595271,0.57071591001289,0.337691132158899,13.6611000235692,-1.53812027675974,-0.0302827712834593,1.75253151951736,0.220483973728367,0.813065816796433,1.06496061799558,J19.MAA000607.3_9_M.1.1,T cell
A1.MAA000607.3_9_M.1.1,-11.0967481722135,-3.69944420439044,-7.72978230893235,-0.0227573276798049,0.666203011675427,0.947544438408579,-0.318573513911479,-1.93458169421713,1.94144349827041,-2.02206206210076,0.475308157310061,A1.MAA000607.3_9_M.1.1,T cell
B4.MAA000607.3_9_M.1.1,-9.56689590294806,-8.57695607286446,8.25461239164405,-0.675882614858662,1.80831761722858,-5.77848425052044,-0.863519663704755,1.849361093889,1.62224784870635,2.60851337209533,-0.185738307919543,B4.MAA000607.3_9_M.1.1,T cell
C6.MAA000607.3_9_M.1.1,-10.6045521455129,-5.28799321186087,6.26214512272547,-0.230752658029493,-0.569174898652161,9.51852632672104,-0.10456298718427,-0.692440735622266,3.01726523223955,1.00941185516299,-3.06747849297073,C6.MAA000607.3_9_M.1.1,T cell
A3.MAA000607.3_9_M.1.1,-9.3975360146849,-3.79372916929502,-8.50977890023767,0.157387751920658,0.76370392212758,-1.41887558532827,-0.49490647465552,2.66482757635597,2.23098653417819,0.33236975217963,-0.571907577996097,A3.MAA000607.3_9_M.1.1,T cell
B5.MAA000607.3_9_M.1.1,-23.2759227462615,28.9250763235083,0.268881758643716,-0.18698952237056,-1.07429441172492,-1.21432826743895,0.825258338727862,1.45109306230354,0.99517806674622,-0.650527319047431,-0.487189749036153,B5.MAA000607.3_9_M.1.1,T cell
E11.MAA000607.3_9_M.1.1,-17.90219394581,13.7047837650403,13.9893209991759,-1.20618418100819,-14.31199171523,3.60124933140046,-1.7470940929567,-0.42576794118281,0.0078186673283044,1.22191091336466,1.49046880705931,E11.MAA000607.3_9_M.1.1,T cell
G15.MAA000607.3_9_M.1.1,-9.79657716553753,-4.14248103618642,-3.56793419245097,0.132407286899946,0.133291369631828,1.01463680177149,-0.613532911232889,1.63766905450227,2.27622481605977,-0.146798115644831,1.69597305423456,G15.MAA000607.3_9_M.1.1,T cell
F12.MAA000607.3_9_M.1.1,-13.2872585162349,-7.20525160378229,4.83745819897577,0.321536329276184,-2.06530539904822,6.09709599556295,1.19150577591205,-6.59474122110875,-2.65570780586288,5.45349133322422,0.994864245799976,F12.MAA000607.3_9_M.1.1,T cell
J20.MAA000607.3_9_M.1.1,-9.38664185110989,-8.05763169405915,8.04564483370762,-0.766114717055355,0.572755295420015,-3.59616001919431,-0.481750105298095,0.205870718967169,1.45260230082427,2.75836067447912,-0.157831431869774,J20.MAA000607.3_9_M.1.1,T cell
C8.MAA000607.3_9_M.1.1,-9.93643255658709,-4.51830896845917,-8.14966181852894,0.142800745991209,1.6320262619727,0.0659848534530811,-0.0636136719880763,1.70734372742154,1.41593547448156,-0.476713807313787,1.6096019097542,C8.MAA000607.3_9_M.1.1,T cell
G16.MAA000607.3_9_M.1.1,-8.70385162453239,-6.36361028258962,5.8764302761903,-0.677422884120622,-0.956327186138737,7.52844702663932,-0.531222949089194,0.55098729858993,1.37275426585678,2.79697077517913,-0.742123853643794,G16.MAA000607.3_9_M.1.1,T cell
H18.MAA000607.3_9_M.1.1,-10.2370187604063,-5.38157293551365,-7.26982139732008,-0.790974059991108,0.408647754729692,0.66624724478455,0.824185925628052,-2.66179352486643,1.29078756640449,-2.26466516221414,1.04744624410393,H18.MAA000607.3_9_M.1.1,T cell
I20.MAA000607.3_9_M.1.1,-9.06771227612652,-7.02244886439793,3.91047570401298,0.0306455543729507,1.0218252213791,-2.67297293967166,-1.48682666590101,2.07257071658336,3.20921315180916,2.91676187268346,0.0645493862376151,I20.MAA000607.3_9_M.1.1,T cell
H19.MAA000607.3_9_M.1.1,-8.99009050382773,-6.43229128368195,1.75994442640001,-0.308188475541626,0.617242913079577,8.0334379955185,0.911058469403299,0.922042860982072,0.502307219726615,2.19980134212837,-4.604700583699,H19.MAA000607.3_9_M.1.1,T cell
I21.MAA000607.3_9_M.1.1,-27.4298491776216,38.2909019204476,2.61729123180641,0.483284213903581,19.4003759901392,-0.394906737563655,2.27691133102863,-1.81845648986625,-4.04861132452351,2.6087418473658,1.17422687455968,I21.MAA000607.3_9_M.1.1,T cell
D11.MAA000607.3_9_M.1.1,-11.342573769893,-5.80940326370838,-7.52452335613527,0.472186516729627,0.286067150904108,1.39250447462631,-0.433838182257141,-1.04965645689343,1.62735343972457,-0.965997532626188,0.0797735285565401,D11.MAA000607.3_9_M.1.1,T cell
G17.MAA000607.3_9_M.1.1,-5.84013763969479,-7.90659226734856,7.45642575892379,0.119619643392366,1.30425839880133,-4.63264073785963,-1.59136525188476,0.877918425660731,5.29193628926468,-1.32544658668814,1.45534284512065,G17.MAA000607.3_9_M.1.1,T cell
C11.MAA000607.3_9_M.1.1,-9.84972740054586,-5.66342717899748,-4.2434293097928,0.598892437277256,0.238255440633474,-0.0492572981411422,0.0663783335252286,1.91019902845676,1.81051496765903,-0.0783370905865469,-0.121494004682977,C11.MAA000607.3_9_M.1.1,T cell
D13.MAA000607.3_9_M.1.1,-9.4887357409061,-4.70498454143195,-6.17388753960568,0.0375977797185771,0.258508893010036,2.23955412442561,-0.635742155641798,0.800650733447162,0.928310915942339,0.180541897212561,-4.08851105228102,D13.MAA000607.3_9_M.1.1,T cell
E15.MAA000607.3_9_M.1.1,-14.4464636455982,-4.35731554686031,-10.5690680681893,0.484564607634315,-1.74065441305077,-3.00327757488824,0.179415091772556,-3.09189592483607,-1.34595950108954,1.78672980232479,-4.36638955325513,E15.MAA000607.3_9_M.1.1,T cell
F17.MAA000607.3_9_M.1.1,-11.1389792800476,-4.93534110583311,-8.71890128573774,0.330186908544865,-0.112920220451104,-2.73942289733243,1.41277592520379,-0.863073152484364,0.956726693916343,-0.915976731907114,-0.103627887961626,F17.MAA000607.3_9_M.1.1,T cell
F16.MAA000607.3_9_M.1.1,-7.14316729063012,-6.95845673335421,4.61932794456124,-0.423698307857563,1.57906875253797,-1.19409750537119,-0.703846037986019,2.73726906525044,2.13860782824584,1.25384551308043,0.629495824260097,F16.MAA000607.3_9_M.1.1,T cell
E16.MAA000607.3_9_M.1.1,-10.1459628791344,-3.57557202636068,-7.45414136747577,0.488044976086829,0.135153096627325,1.51115391237864,0.702495995994883,-0.558187263346784,0.990777539820031,-1.41527223137999,-0.0408510673129569,E16.MAA000607.3_9_M.1.1,T cell
J2.MAA000607.3_9_M.1.1,-11.6928652841871,-3.90810668739768,-10.221681980931,0.251461397254635,0.257079604136262,-2.09811803229726,1.14442592017781,-3.05206991674725,-0.306818918868217,1.3088556432504,1.02308878270804,J2.MAA000607.3_9_M.1.1,T cell
K4.MAA000607.3_9_M.1.1,-10.5286008639103,-4.12727780706363,-6.87985904130555,0.38793745065189,-0.4451453087095,-0.486375971130239,-0.351161964565705,0.306238675350238,1.6818552539966,1.6183220248875,-0.15524890599962,K4.MAA000607.3_9_M.1.1,T cell
C12.MAA000607.3_9_M.1.1,-10.2813395953791,-3.8310814170837,-9.65214345663513,0.325099155240601,-1.68742010627117,-0.197692220773186,-0.565312752615092,-2.50949043041004,0.336670131729934,0.123726541659949,-0.742669800637079,C12.MAA000607.3_9_M.1.1,T cell
B12.MAA000607.3_9_M.1.1,-9.40866396959451,-5.35756394406835,-8.90188163782366,-0.16362383277915,0.242314884591612,-1.54527764865982,0.0104354438789636,-0.139011220574129,1.55836264933139,-1.09252151568454,0.503280275823104,B12.MAA000607.3_9_M.1.1,T cell
C13.MAA000607.3_9_M.1.1,-8.19090052719279,-4.76756439044531,-4.2118681322322,-0.259414939425917,-0.409230933693893,6.11903547815333,-0.832165795358701,-0.596727344866867,1.46192648131206,-2.69060743956866,0.496941364634064,C13.MAA000607.3_9_M.1.1,T cell
F19.MAA000607.3_9_M.1.1,-9.80886386756675,-5.82018551220373,1.18728802162587,-0.992138933246783,0.502691518704367,2.94270797458893,0.436973708943725,-0.185693539277178,2.00303999257565,1.51152116937493,-1.19256287336057,F19.MAA000607.3_9_M.1.1,T cell
J3.MAA000607.3_9_M.1.1,-11.5796704971719,-3.92188994624727,-7.77999491231434,-0.0325350223961013,-0.666642062344552,-0.882610181348858,1.1603567830371,-2.54000533002191,-0.828397686715916,-0.892682769551126,1.02756794444255,J3.MAA000607.3_9_M.1.1,T cell
C15.MAA000607.3_9_M.1.1,-18.2957223524191,18.4063994452022,1.79051189766233,-0.136569593132651,-12.5023904774534,0.898044718616042,0.933705215017253,-6.06278044574839,-3.30610584617845,-1.62459320758818,7.32762681585009,C15.MAA000607.3_9_M.1.1,T cell
D17.MAA000607.3_9_M.1.1,-12.7606374492983,-4.75087687621993,-10.1832299535501,0.405471238713595,2.06733120697927,-1.62477456377195,-0.134968048667631,-0.575256418049483,1.36722296760795,-1.06644054790511,-2.3297749007893,D17.MAA000607.3_9_M.1.1,T cell
I3.MAA000607.3_9_M.1.1,-15.1461374210073,-3.9444320819425,-11.109376557799,0.523754362756294,-0.67691773257259,0.532179140850998,0.379611042214289,-3.99855215786631,-1.18992422487243,-1.52844986404784,-0.39184561578993,I3.MAA000607.3_9_M.1.1,T cell
I2.MAA000607.3_9_M.1.1,-20.8560174574285,19.177042855184,7.60487284123783,-1.16151540841135,13.1621554115009,9.93277833875312,1.65847818732814,-4.67667827891881,-0.124904127737328,-3.98295236911188,-2.16278863910799,I2.MAA000607.3_9_M.1.1,T cell
K7.MAA000607.3_9_M.1.1,-10.5414475586301,-4.49512400971667,-5.73253311022108,-0.323249099407241,-2.04052064605001,2.5069196188569,2.1236713411843,-3.10558488590236,-1.21832655287346,-2.11650998417895,-0.194398525171898,K7.MAA000607.3_9_M.1.1,T cell
H2.MAA000607.3_9_M.1.1,-11.015196953466,-4.85189741654414,-9.75482268747581,0.243433572285761,0.584094095829802,-0.0561276151879265,-0.588494691019842,1.92555104508474,-0.58683455514381,2.18771580610969,1.42536250858239,H2.MAA000607.3_9_M.1.1,T cell
I4.MAA000607.3_9_M.1.1,-10.5610204737241,-2.11611365887543,-6.90756762342714,0.638920611815203,-0.700610467413218,0.105881035073451,0.378175419356151,-1.24506751579364,-1.42535336147248,0.0243075217931786,0.824578694948273,I4.MAA000607.3_9_M.1.1,T cell
K8.MAA000607.3_9_M.1.1,-9.50510737004269,-4.36624287192568,-9.27073742678771,0.517861202661223,-0.985648028852083,-0.710261882553034,-0.529916405493735,0.8954718404958,-0.481904807875527,1.98756283415631,-1.51309325329284,K8.MAA000607.3_9_M.1.1,T cell
D18.MAA000607.3_9_M.1.1,-9.92866476665815,-7.66349996107048,-3.56936197619698,-0.846652372204933,3.41862680526153,1.57067937407612,-0.250047867774726,3.01322819586401,3.64086688020735,-1.93001751775687,-1.97134742237852,D18.MAA000607.3_9_M.1.1,T cell
E20.MAA000607.3_9_M.1.1,-23.0763303809292,29.3815771877772,2.25687948716092,-0.960437688830085,-8.8095406399253,-0.604030013588991,-0.887064245947861,3.91746090826207,3.10726034834888,-0.985042291111847,-4.50454356688096,E20.MAA000607.3_9_M.1.1,T cell
D19.MAA000607.3_9_M.1.1,-8.26345551134423,-4.72578434490209,-8.8603294218829,0.514237187059181,-0.217688277126381,-1.10020169476834,-0.454073539287576,1.22111568447376,-1.29429474290657,-1.54690035175847,1.69065285625109,D19.MAA000607.3_9_M.1.1,T cell
I6.MAA000607.3_9_M.1.1,-10.9289393706558,-9.86088417643056,10.094541704151,-1.30763044918814,0.633011755311956,6.42802295608993,0.032131184431908,-3.53058914877545,-0.980860623892413,2.4358731087215,1.26116267957645,I6.MAA000607.3_9_M.1.1,T cell
G1.MAA000607.3_9_M.1.1,-11.0875207187332,-4.30863979633468,-3.99436724561732,-0.100539781896002,-0.068199998389475,5.03762739375902,0.357795188566082,-1.77898073201374,0.335119761955213,-1.36996272444852,-0.804714417724773,G1.MAA000607.3_9_M.1.1,T cell
B17.MAA000607.3_9_M.1.1,-9.0886414947613,-4.68656947844127,-6.25845414419723,0.261286829975759,-0.0570702186871658,2.55626682523032,-0.588503459655275,2.33204321460229,0.62774411785042,-1.10266926472977,-4.2292891709486,B17.MAA000607.3_9_M.1.1,T cell
G3.MAA000607.3_9_M.1.1,-9.60747990132605,-4.28204621610453,-8.95294683256918,-0.036475125555627,-0.373684347053198,-1.72108064680795,-0.0710102845842065,1.7992341114384,-0.0786580174538661,1.42485794747857,-4.7517740406678,G3.MAA000607.3_9_M.1.1,T cell
K11.MAA000607.3_9_M.1.1,-9.28375024374146,-7.84750909652806,8.09093923435446,-0.190426255938501,0.607022899056088,8.35504066684372,0.0378785016582802,-1.92494459194755,2.99352283891338,1.05629408638561,-4.85064519367901,K11.MAA000607.3_9_M.1.1,T cell
K10.MAA000607.3_9_M.1.1,-12.2739562197055,-3.69521339092987,-11.11372725123,0.39262229547179,-0.616960319317328,0.290712172922971,-0.57819635727618,-1.78814790112923,-0.490066066203667,0.176287052966496,-1.2515893687695,K10.MAA000607.3_9_M.1.1,T cell
A15.MAA000607.3_9_M.1.1,-19.8843477147625,18.4024420161224,1.69174022872601,-1.38934733281192,-20.1972442329825,0.625353934487425,-1.32825646580975,2.14780219422725,2.7583001784799,-0.713086441123925,-1.96143580270426,A15.MAA000607.3_9_M.1.1,T cell
M17.MAA000607.3_9_M.1.1,-7.49477763541996,-8.35358580157242,8.54991615268227,0.166756131033512,2.82333912115932,-5.45319324984488,-1.40247409139804,0.621109886610291,4.06227135369215,4.22450777893486,3.60367861307024,M17.MAA000607.3_9_M.1.1,T cell
O21.MAA000607.3_9_M.1.1,-29.1413272364813,38.877785899859,0.914317512716845,-0.223258155519373,21.4375507507395,-1.58909133559573,2.52805746981762,-0.587630944798729,-5.34755858677142,3.28196661861732,-2.14638156011423,O21.MAA000607.3_9_M.1.1,T cell
O1.MAA000607.3_9_M.1.1,-9.68032812420764,-4.14460287612706,-7.61073280559158,0.129730465147156,0.203901227690777,-2.23752123662033,-0.193023322176116,1.39016047054951,2.52616702371569,2.9054016930839,-2.60950248054683,O1.MAA000607.3_9_M.1.1,T cell
P3.MAA000607.3_9_M.1.1,-12.8967464048231,-3.19701582183974,-6.27383750335475,0.0452001725180702,-0.903098500658706,-0.31380271489707,0.846081793180072,-3.43496333755126,0.480654612712632,-0.360712217240792,1.56082610296675,P3.MAA000607.3_9_M.1.1,T cell
M22.MAA000607.3_9_M.1.1,-12.246855846445,-5.84992015832158,-8.64983363849681,-0.355805081359174,0.257919313542472,0.741327180730909,0.0336179386882225,0.472831307356107,0.586380974993126,2.19067768740382,-1.78273761674959,M22.MAA000607.3_9_M.1.1,T cell
K20.MAA000607.3_9_M.1.1,-10.3201366019111,-2.44909009293504,-8.70159635108087,0.0318420800257568,-0.981284169684521,-0.0929261726348429,-0.342695839392699,0.700341280193607,1.25660587794198,0.041703615835027,-1.36236843744574,K20.MAA000607.3_9_M.1.1,T cell
P6.MAA000607.3_9_M.1.1,-18.5483518289653,20.8346841931226,2.92375973779661,-0.619977942941621,-17.6751438490665,-0.621044106847417,-0.994923619588232,2.74620306198987,2.33435734986387,-0.812823688447922,3.27967026506692,P6.MAA000607.3_9_M.1.1,T cell
K21.MAA000607.3_9_M.1.1,-8.83682597231675,-5.23960857732766,-2.6082134197364,-0.243389238651368,0.628631779801943,4.23048003883258,0.863416132151526,-0.277605333164244,0.953922102296116,-2.88822870766593,-1.0823076102575,K21.MAA000607.3_9_M.1.1,T cell
M1.MAA000607.3_9_M.1.1,-8.31353253340237,-3.9648250936335,-7.64170302214734,1.15507495996474,3.91317625962386,0.234687567599626,-0.676968757312544,1.46583317292897,2.15485949723055,0.382766468405108,-1.53888802862986,M1.MAA000607.3_9_M.1.1,T cell
O5.MAA000607.3_9_M.1.1,-18.1652480038175,19.9572270616024,2.12066782584712,-0.507376692783153,-19.9425589078779,-1.25807405445183,-1.46005499800648,2.09803474141445,5.85908819646124,-4.7050036072905,1.1933737907406,O5.MAA000607.3_9_M.1.1,T cell
M2.MAA000607.3_9_M.1.1,-13.7066136396835,10.094492819931,-1.40501618128495,0.494256889400692,-8.96018954627586,-0.767172357143206,-0.129856448249797,-2.94062510925963,-0.290594747203727,-3.04619103483067,7.58699675129593,M2.MAA000607.3_9_M.1.1,T cell
O6.MAA000607.3_9_M.1.1,-20.0256368802011,25.9396569970976,5.47527582185164,-0.603093918856487,-11.4957394893736,1.04761377409801,0.738815492973059,-2.28820531920059,-1.17946159024303,-0.112193101368132,-2.98721395949222,O6.MAA000607.3_9_M.1.1,T cell
O7.MAA000607.3_9_M.1.1,-12.4644009499636,-3.50309358604806,-9.46707998797136,0.144610126398386,1.95478784978478,-0.898651690185459,0.178004793879291,0.285893738137556,-2.30483704205262,0.0695409046451173,-0.875573705558063,O7.MAA000607.3_9_M.1.1,T cell
O8.MAA000607.3_9_M.1.1,-7.43866459567123,-6.28673595123841,7.71957415111083,-0.753469175546597,0.281678357090923,6.06146426965215,0.0194053806687516,0.323713285632007,3.57339111492676,1.37310610603179,-1.81222206516397,O8.MAA000607.3_9_M.1.1,T cell
M4.MAA000607.3_9_M.1.1,-9.10644194263914,-3.85800639668862,-9.99953194764254,-0.0550958302030648,0.523847934735731,1.19393904156245,-1.27528674349507,0.807162871033418,2.25078170736879,1.01967824620993,-2.92079826413529,M4.MAA000607.3_9_M.1.1,T cell
O9.MAA000607.3_9_M.1.1,-26.0138327796481,38.8526432497308,3.58558054135489,0.166797185398691,1.51889287785656,-1.35180729004524,-1.52845430169558,2.58967832129665,2.52605194098714,1.73428689551196,1.88277404453512,O9.MAA000607.3_9_M.1.1,T cell
M5.MAA000607.3_9_M.1.1,-8.89264284288311,-5.65653061722383,-6.61181193294948,-0.1024527813404,-0.296413692638973,-1.72548626946682,-0.732269313661938,2.83447460988155,1.75269127739263,1.53061008876255,0.552124736834527,M5.MAA000607.3_9_M.1.1,T cell
N8.MAA000607.3_9_M.1.1,-9.30575856445665,-2.71352998590386,-8.03349343889319,-0.216283158222322,-1.92283303234148,-2.15603520491566,1.52323866248845,-0.977636565372845,1.98426797186598,-4.86161149347893,-0.568570314759726,N8.MAA000607.3_9_M.1.1,T cell
P13.MAA000607.3_9_M.1.1,-8.85141806727558,-3.90651813412092,-4.67732538648033,0.142728682082282,-1.68687053641905,4.18580086287955,0.131987607267863,0.794253882705051,0.737872248043691,-1.0304197585527,-1.44323350527588,P13.MAA000607.3_9_M.1.1,T cell
O12.MAA000607.3_9_M.1.1,-9.7002170385069,-5.56076233870794,3.76008458326009,-0.61214426355224,-0.0638110312499054,0.847571664058253,-0.402384798980093,-0.849966718085043,3.91767042453493,-1.41181195695335,-3.32989500754369,O12.MAA000607.3_9_M.1.1,T cell
L6.MAA000607.3_9_M.1.1,-9.7069786974969,-2.37529069112946,-8.24449561173767,0.106902040117039,0.925068313196812,-3.23362660636705,-1.52294779466066,1.33816923198574,-1.75320115462925,-0.190401776284181,3.07644632836298,L6.MAA000607.3_9_M.1.1,T cell
M9.MAA000607.3_9_M.1.1,-9.98605102457395,-5.22080072804608,-4.81121444259583,0.14521157404466,-0.146259536665416,3.93963909278272,1.34389650991813,-2.18071673873068,0.756113075241126,-2.51468752819821,0.834346596172914,M9.MAA000607.3_9_M.1.1,T cell
M10.MAA000607.3_9_M.1.1,-28.4358953194935,33.702767889909,-0.0346776821292121,-0.301647208131779,21.4529488432819,4.74108370506613,2.1830220718773,-2.17672863496176,-2.65992189839168,0.656005513808143,-3.80686678493022,M10.MAA000607.3_9_M.1.1,T cell
L9.MAA000607.3_9_M.1.1,-11.0910200797471,-5.88202003885198,-10.1747215788191,-0.0102169580632631,0.140233594650446,-1.96175135333385,-0.908082805722582,0.0062025545580336,1.66604784287141,-1.763158747576,-5.83723078258914,L9.MAA000607.3_9_M.1.1,T cell
M11.MAA000607.3_9_M.1.1,-19.9617657470352,19.1555126593827,1.81612464341228,-1.0932834694352,-17.7582688344504,-0.494155665346091,-1.22770327841519,-0.451214501620635,-0.32460027400912,-0.410140795068496,4.01111073821448,M11.MAA000607.3_9_M.1.1,T cell
O15.MAA000607.3_9_M.1.1,-10.1848140028051,-5.29272590155615,2.01328004604031,-0.472662247305443,1.71025629709678,8.56834809737542,0.728261271286419,-1.24698916814137,0.831358553696119,-1.69116461230941,-0.145966329491326,O15.MAA000607.3_9_M.1.1,T cell
M12.MAA000607.3_9_M.1.1,-12.245468070669,-4.16050104258716,-10.5589362547943,0.327790757639125,-0.0017899155608329,0.632351465437663,0.311221076800631,-2.00735092505442,0.232880736507492,0.3407592784889,-0.515077316477908,M12.MAA000607.3_9_M.1.1,T cell
M13.MAA000607.3_9_M.1.1,-10.9797110152621,-4.70936141671689,-10.1630161031736,0.0289789035708799,0.680457176401435,-0.0448713256076218,0.342079883150125,0.342025380376039,1.17594199359307,-0.2346322274459,-4.84901430445975,M13.MAA000607.3_9_M.1.1,T cell
N16.MAA000607.3_9_M.1.1,-10.0495127850029,-4.18685220122656,-5.41108291334315,0.0972198493983378,0.62532256768733,-1.07363806107941,0.180039405296013,2.63512537281397,0.828270937781768,-0.287561917182656,-2.47936081027406,N16.MAA000607.3_9_M.1.1,T cell
N15.MAA000607.3_9_M.1.1,-11.7524001818937,-4.13628774926866,-8.1929564504029,0.334055841612812,-0.275842157423092,2.20366160040167,0.174555014229923,0.216350158717318,1.70735579314259,2.03726427497756,0.790706525384164,N15.MAA000607.3_9_M.1.1,T cell
O18.MAA000607.3_9_M.1.1,-10.3430341755446,-3.5929588456772,-8.58294529551534,0.252015422430309,1.16292560486273,-0.577520516675145,-0.677923332880876,-1.35491554930022,-0.236182665975588,0.19043945437743,1.91663147670946,O18.MAA000607.3_9_M.1.1,T cell
P19.MAA000607.3_9_M.1.1,-11.1700292633331,-2.50715645046908,-9.93250392538142,0.553957643601981,-0.515166139217502,-1.27419973283491,0.046543791984608,-0.356070512832759,0.295578004345479,0.852716685037463,0.374384948141296,P19.MAA000607.3_9_M.1.1,T cell
C11.MAA000609.3_8_M.1.1,-16.4900480986366,12.6209002631313,-1.59025786664554,0.500355682105087,-2.61094658197776,0.814403556271593,-0.541934648898035,-0.925511801913584,0.390358577062018,-1.42633541479475,3.26565779743564,C11.MAA000609.3_8_M.1.1,T cell
C22.MAA000609.3_8_M.1.1,-10.152894184182,-2.93956109415774,-9.4488941988665,0.864654295912048,-0.0967836269331708,-0.48484240131262,0.487245743798397,-0.206046089355765,-0.349896052303995,-1.49355123030385,1.21848272953597,C22.MAA000609.3_8_M.1.1,T cell
J21.MAA000609.3_8_M.1.1,-9.74555021667172,-4.91674736536349,-10.6973595636426,-0.178381767692435,-0.12570907246942,-3.43512411612234,0.959791780366339,1.56969037725743,0.307936754199005,0.979960422619551,0.452841064031329,J21.MAA000609.3_8_M.1.1,T cell
L18.MAA000609.3_8_M.1.1,-8.03000830207569,-4.4510099673605,-7.6396715991962,0.778653867110646,0.130239214463347,-0.372553292269357,-1.48166624111533,0.708159646135222,1.42940824905497,0.932593765817972,-0.859924975049323,L18.MAA000609.3_8_M.1.1,T cell
N14.MAA000609.3_8_M.1.1,-9.9889498781978,-4.91866809142923,-11.1398470479591,-0.592217073024675,-0.0817659356347974,-2.2405943361863,0.261221169208121,-1.75730907742226,-1.2379905277876,-2.80419714998901,3.50495849805023,N14.MAA000609.3_8_M.1.1,T cell
P7.MAA000609.3_8_M.1.1,-7.54083889180268,-4.91787996789286,-5.30684774992356,0.749290602933521,0.623284088143156,-0.643705178752389,-0.200330691998054,1.66552334220893,-0.106488652306796,-0.293993546395069,1.34669800785653,P7.MAA000609.3_8_M.1.1,T cell
P8.MAA000609.3_8_M.1.1,-7.86986124717858,-4.08480150779056,-6.98454693947957,-0.134524849044949,-0.0141149886046263,0.292923687650855,1.14669294498763,-0.526020537531932,0.487635496930327,-1.13815528370154,-3.819212085399,P8.MAA000609.3_8_M.1.1,T cell
I8.MAA000609.3_8_M.1.1,-13.2848624425663,-2.96870873466117,-8.91576266522705,-0.246630245851896,-0.954618447100205,-0.642193891818567,1.2971001027557,-3.84233924804523,0.149351133179841,1.98419342793502,-3.14985221351759,I8.MAA000609.3_8_M.1.1,T cell
A6.MAA000609.3_8_M.1.1,-8.86260704729384,1.34938597823033,-3.68202354009492,0.493735787235249,-3.43949059308759,0.511677223934738,-0.71069304086366,1.39760206107018,1.19114920879287,-0.471174502157344,3.13039590611533,A6.MAA000609.3_8_M.1.1,T cell
N19.MAA000609.3_8_M.1.1,-9.7540695001005,-4.18107706911345,-6.1162607139729,0.0155281894604028,-0.716932560853776,0.433143663264936,-0.401551045244877,2.21759491017381,0.0914828227077676,1.1839597957407,-3.08598566839278,N19.MAA000609.3_8_M.1.1,T cell
I12.MAA000609.3_8_M.1.1,-16.1223956673334,7.21763311816059,-5.66863477593064,0.431788015617121,7.82395084628714,1.00590969180585,2.74082849648602,-6.907423590026,-5.5787222223628,-2.14026888942944,9.79414715882654,I12.MAA000609.3_8_M.1.1,T cell
M7.MAA000609.3_8_M.1.1,-10.1669616066551,-3.87376202899145,0.864808301002627,-0.522613082129959,-1.86161679156783,-1.51638205199747,1.29537414341373,-3.98003206586049,-1.52746892811248,-0.49331044913502,1.87770589919122,M7.MAA000609.3_8_M.1.1,T cell
I13.MAA000609.3_8_M.1.1,-9.47839048739535,-5.60144343472997,3.92588508266445,-0.124876886451984,-0.971985840393895,5.49230989537528,-0.0456756808892123,0.3353840162781,0.821992843799543,0.897434474537927,-2.91567588071192,I13.MAA000609.3_8_M.1.1,T cell
A9.MAA000609.3_8_M.1.1,-9.57396486032669,-3.84771593502455,-8.12536416373147,0.628701514137609,1.57176517210128,-0.838726065169514,-0.688132365257257,0.403238938758937,-1.0961348294999,1.43923035739385,0.64128042930765,A9.MAA000609.3_8_M.1.1,T cell
E8.MAA000609.3_8_M.1.1,-7.00357731895757,-5.38155808380071,5.20087172694006,-0.111138590521527,0.270056345315413,8.28419497366753,0.0061565050378858,-0.706649385491191,2.77347707839278,-1.10622759550601,-0.0694168203173492,E8.MAA000609.3_8_M.1.1,T cell
K14.MAA000609.3_8_M.1.1,-23.6359361389718,26.4906429664489,6.64418240082323,-1.41250167486403,-20.0248602915758,1.49429112520134,-0.973988528978379,0.528000602142716,1.66392123419569,0.0020909060561504,2.12803383673843,K14.MAA000609.3_8_M.1.1,T cell
P13.MAA000609.3_8_M.1.1,-10.0006621759372,-7.12943292508446,0.112780993224494,0.0786211961143969,0.800953752321243,-2.58035533691962,-0.260690013319245,0.114908470367966,1.15606101307684,2.20725442137014,-0.631527053854041,P13.MAA000609.3_8_M.1.1,T cell
I16.MAA000609.3_8_M.1.1,-11.3639401178046,-8.42091405720311,6.91718891293553,-0.381823271720641,1.89718860767496,-4.31135963759499,0.0114507128530832,-2.5727321410373,1.34137895035582,0.966276171627843,2.15946923893465,I16.MAA000609.3_8_M.1.1,T cell
K15.MAA000609.3_8_M.1.1,-10.2845994275592,-4.51108967045382,-11.5548904550283,0.188000599330541,-1.24470738879466,0.150397030057016,0.112821915951468,0.271781832122607,0.761453203408898,2.41566765936076,1.45700557597422,K15.MAA000609.3_8_M.1.1,T cell
O7.MAA000609.3_8_M.1.1,-8.77103588900676,-3.65582236304031,-7.53334836740843,0.0273611461028923,-0.518802692121485,-0.320899796598136,-0.200727377842523,1.4449273864862,3.2515891367717,-1.44613362529813,1.34398368453835,O7.MAA000609.3_8_M.1.1,T cell
I18.MAA000609.3_8_M.1.1,-9.42473167395727,-6.94750104295826,6.25152456052895,-0.707334525190617,-0.148800692865549,7.90033591214154,-0.0076458489239781,-1.09164765286874,1.49450185714339,1.46293266053224,-1.92403191223262,I18.MAA000609.3_8_M.1.1,T cell
P14.MAA000609.3_8_M.1.1,-10.8500262804548,-5.57043067377977,1.00436230915186,-0.125476994734881,-0.0549326307692504,7.02873247660949,0.386105305584214,-1.40129037488086,-1.91519940266097,2.61370044025987,-2.33168632311791,P14.MAA000609.3_8_M.1.1,T cell
E20.MAA000609.3_8_M.1.1,-17.1611050836129,17.9225395699887,0.903201429442062,-0.311984972796641,-18.0719048522495,-0.468399643306981,-0.281096455538329,-1.54683006866524,0.924512681984584,-2.03774709337711,0.982708309557618,E20.MAA000609.3_8_M.1.1,T cell
K17.MAA000609.3_8_M.1.1,-10.9500716251683,-4.22251453615219,-3.11230012813865,-0.863342544909126,1.00949401638735,3.12241513309656,0.240480971121073,-1.26913039487269,-0.534628482060293,0.531130649616787,-1.48936445042188,K17.MAA000609.3_8_M.1.1,T cell
O8.MAA000609.3_8_M.1.1,-17.8512464726262,14.0133481937976,-1.24796681672444,0.498750878285674,-0.989818040170052,0.156908644470079,0.856519759584074,-3.77869703531061,-3.00048255270776,-1.57685983355746,7.13569726779449,O8.MAA000609.3_8_M.1.1,T cell
E22.MAA000609.3_8_M.1.1,-22.6255316703659,29.4200827576624,5.41744664514447,-0.464810838962136,-7.09198092560811,0.682412101758891,-0.865795116602031,1.28799076211849,1.88727202746201,-1.03659991492241,-3.13082088079457,E22.MAA000609.3_8_M.1.1,T cell
M13.MAA000609.3_8_M.1.1,-11.148422626345,-4.84532913957049,-10.2879687779847,0.0175124288407987,-1.85701856583744,-1.49310904988944,-0.578665561898357,-1.22151364944496,-0.557613792325884,2.07557524708983,-4.40483023796282,M13.MAA000609.3_8_M.1.1,T cell
O10.MAA000609.3_8_M.1.1,-23.4146722104151,33.764891504381,3.6339219043916,-0.253734133512533,10.7855607243594,-0.522111805602904,-0.412291253390836,4.88597546522569,1.58852410740694,-0.803348051485794,-2.35626618954102,O10.MAA000609.3_8_M.1.1,T cell
O11.MAA000609.3_8_M.1.1,-8.81954734644839,-3.97056218343995,-7.53451118762299,0.288349897482511,-0.941053530421587,-0.229154941353341,-0.294551687422301,2.75766260183496,1.26799003653648,0.773608997336712,-1.72897462187373,O11.MAA000609.3_8_M.1.1,T cell
P19.MAA000609.3_8_M.1.1,-8.54402024358097,-8.26378870227591,5.74935813724297,-0.703350719841118,1.66917623961865,-1.68604091907972,0.198137812102851,0.653515326673724,-1.25798234307636,-0.163146474825286,-1.32484028712774,P19.MAA000609.3_8_M.1.1,T cell
J9.MAA000609.3_8_M.1.1,-6.85012470148278,-3.76842401064015,-5.65200420134267,0.235153402126871,0.855968173597283,-0.19159010482914,-0.296818560181065,-0.0285814043588015,2.35215547062821,-1.08250315294903,-0.90201467897244,J9.MAA000609.3_8_M.1.1,T cell
B9.MAA000609.3_8_M.1.1,-7.86897038391193,-5.29378299020935,5.12822736407039,-0.88270592751811,1.05179047460602,12.9048244048262,-1.08448511432825,-0.334849235905786,2.66037849194787,-6.14403369033306,-0.54320930876112,B9.MAA000609.3_8_M.1.1,T cell
J11.MAA000609.3_8_M.1.1,-10.1800756224953,-4.08054808533582,-5.74322458175186,-0.0879409080678623,0.81594823758187,2.40049827585202,-0.670840918399122,-0.242932037257278,1.99682043177862,-2.55832117872135,0.244366325169267,J11.MAA000609.3_8_M.1.1,T cell
L7.MAA000609.3_8_M.1.1,-20.4639376997102,25.3941498620041,2.50840165987181,-0.913578486502723,-16.6201194173147,-2.40340311273494,-2.0571369482097,5.20864198458725,5.13251713401428,-1.47953884419094,2.44595161062703,L7.MAA000609.3_8_M.1.1,T cell
B21.MAA000609.3_8_M.1.1,-8.62014628210419,-3.81176372368228,-7.57190542816167,0.0042021861209825,-0.598914021523878,-0.100218507043711,-0.139841004578447,0.877104244601437,0.013831183453734,-0.863606478311177,0.674180962664613,B21.MAA000609.3_8_M.1.1,T cell
L9.MAA000609.3_8_M.1.1,-8.97454773902812,-4.53056368997128,-7.43747352208268,0.33630209332012,-0.0903175722254447,-0.888839004297166,-0.825659828324394,1.57081108848443,1.31640399270211,-0.28463721252699,-0.219042394514589,L9.MAA000609.3_8_M.1.1,T cell
L8.MAA000609.3_8_M.1.1,-9.34409984124629,-2.84042644642558,-7.93564992961223,0.591801158686175,-1.06358483103796,0.732431056616995,-0.60668051018801,2.14946727997776,2.19766680301999,-0.743695938385119,0.175919602762031,L8.MAA000609.3_8_M.1.1,T cell
M22.MAA000609.3_8_M.1.1,-9.21980028174715,-3.66617984000896,-9.48024841923454,0.899106244682751,0.602909235628619,-1.45871236590092,0.0610494082131718,-0.507413843381574,0.526339900684042,0.575160558589567,-1.88916762971092,M22.MAA000609.3_8_M.1.1,T cell
L10.MAA000609.3_8_M.1.1,-9.60387015582463,-5.3505367403938,-7.01329240421589,-0.38589166373315,0.688674368778284,0.927595857119921,1.20659782670492,-0.133292235654548,0.225784514679438,-0.128414645024491,-0.913206965955834,L10.MAA000609.3_8_M.1.1,T cell
O17.MAA000609.3_8_M.1.1,-9.19241976682694,-4.0770706419356,-6.30819370477968,-0.654743672158687,-1.68303007867208,2.4485397356547,-0.741956619559814,1.39632518199137,2.0235711203305,1.04544816597868,-5.48345810152362,O17.MAA000609.3_8_M.1.1,T cell
G21.MAA000609.3_8_M.1.1,-25.3778749597281,36.925048933141,4.94360007172113,-0.179866189550442,2.8497797596295,-0.965935992849663,0.458995632221424,0.695177550286125,-0.676891171967719,2.03133426907014,-1.44336590224665,G21.MAA000609.3_8_M.1.1,T cell
G22.MAA000609.3_8_M.1.1,-8.5876035833694,-3.55950109015347,-7.19761022215765,0.952525792487316,1.79959749968618,-1.47571527814666,-0.779513318739359,2.53736891054154,2.45430369958442,-1.34814780071195,0.368045720285174,G22.MAA000609.3_8_M.1.1,T cell
J18.MAA000609.3_8_M.1.1,-17.368274562815,12.3683603039596,-5.4945320075175,-0.124765359029866,12.1644576954717,0.357467718211415,0.119869955426783,-6.47932707134516,-5.34004906085198,1.43560071156601,8.80837834427432,J18.MAA000609.3_8_M.1.1,T cell
C8.MAA000609.3_8_M.1.1,-8.17214389132127,-6.17000106317106,3.79650599533666,-0.681250244864422,0.263362909780819,11.3403341845,0.198234366682399,-2.03419231002049,2.01070213161592,-4.31507504074754,-3.66230697267264,C8.MAA000609.3_8_M.1.1,T cell
J19.MAA000609.3_8_M.1.1,-9.23740160579659,-6.26274571110963,2.99532717074735,-0.602588118455952,-1.05448582507882,8.10536134061202,0.499724998310663,-0.972604697978296,2.37211049072096,-1.34185187596732,0.327329438644654,J19.MAA000609.3_8_M.1.1,T cell
L13.MAA000609.3_8_M.1.1,-10.1043823552472,-4.33242001314048,-2.65695248504456,-0.766103702932948,-1.09231048522414,2.34403494519548,0.167498491195959,1.34268514270486,1.55877244917047,0.915928743287497,-0.934252350352329,L13.MAA000609.3_8_M.1.1,T cell
B11.MAA000880.3_11_M.1.1,-15.5049021513153,16.5535322982534,3.05729985829775,-0.489499452692873,-17.6179961473713,-0.414894489327361,-0.583012484100551,-1.46425061179017,1.35217803274731,-2.07219098185026,5.77452630515818,B11.MAA000880.3_11_M.1.1,T cell
F12.MAA000880.3_11_M.1.1,-5.45618337205321,-5.92353399215309,4.44978945258272,-0.392704903858831,3.34965780265991,2.57441955379721,-0.884327845495935,3.55192882891029,4.35742133334126,-1.38058683478264,3.00202026036095,F12.MAA000880.3_11_M.1.1,T cell
B12.MAA000880.3_11_M.1.1,-6.63408038938979,-5.58676234048971,0.0790387683775358,-0.0927455309511491,0.894927482544184,1.13989727553635,-0.512251912160902,2.85334341055818,3.64909551447192,-6.11611890109101,3.42753966896389,B12.MAA000880.3_11_M.1.1,T cell
F13.MAA000880.3_11_M.1.1,-5.5500521339934,-7.84894535820553,7.87659829505981,-0.52891188834967,1.92530714140673,-1.29196289634524,-0.817142006169393,1.7281230911206,5.07115936191158,-3.77417471366015,0.655562351516923,F13.MAA000880.3_11_M.1.1,T cell
I9.MAA000880.3_11_M.1.1,-7.20067476664518,-6.5334663953002,6.56253417558036,-0.469896657955914,-0.0810900399578518,1.17527656885279,-0.178967190239204,0.293022954876362,-0.49784895436722,-0.297553709924477,-3.05183293296403,I9.MAA000880.3_11_M.1.1,T cell
M14.MAA000880.3_11_M.1.1,-6.88299395308073,6.64557022887999,0.31905186892119,-0.728553362607193,-4.14323101859535,2.28487235104584,-1.98391285653446,5.84673825654772,8.20225242795149,-5.79679392179095,0.459501869473075,M14.MAA000880.3_11_M.1.1,T cell
N21.MAA000880.3_11_M.1.1,-6.24354960897013,-4.38546652073316,-6.24141774586248,0.531804574355429,-0.562329689961411,0.838026028332043,-1.91508893781306,3.86428157000135,3.43902941873088,-3.01910465346477,-0.343824750234722,N21.MAA000880.3_11_M.1.1,T cell
I10.MAA000880.3_11_M.1.1,-6.34298047854783,-6.61700007158751,4.05855083629424,-0.591764498765186,2.52300711707374,-3.5622575156588,-1.11378355831666,3.34772809423974,4.6947271693742,-1.61439884876968,4.09900702883011,I10.MAA000880.3_11_M.1.1,T cell
O8.MAA000880.3_11_M.1.1,-6.15909331797158,-6.34401364615901,5.21076652714058,-1.08617188751796,1.7528526919492,10.741762502724,-0.393690032699666,0.858230302088808,2.81778802729462,-3.64147009368733,-0.544464381470159,O8.MAA000880.3_11_M.1.1,T cell
B13.MAA000880.3_11_M.1.1,-5.5887753987314,-6.08640750225154,3.37817613324295,-0.472503968499805,1.52565029407751,-4.20567138070411,-0.741264940578684,0.412117014790521,4.07487487958675,-0.99207417531654,3.17543215031021,B13.MAA000880.3_11_M.1.1,T cell
B15.MAA000880.3_11_M.1.1,-19.3419443988756,16.256490390955,-5.62225785322505,1.03988552293175,26.5325281124147,-2.18207692494185,4.81473552038414,-15.4211885656942,-9.34509072461586,-4.49227985350343,20.2747709470872,B15.MAA000880.3_11_M.1.1,T cell
B14.MAA000880.3_11_M.1.1,-6.02199821643761,-6.01300444511779,5.42553818705653,-0.579573158503955,0.372338853239977,6.17036004236557,-0.281362205115058,3.50783830486887,3.36692555715852,-2.5474515232589,-0.780507981894209,B14.MAA000880.3_11_M.1.1,T cell
D11.MAA000880.3_11_M.1.1,-6.25108718686599,-5.79050175601728,3.18590907129664,-0.469494953950474,1.81984167570077,4.63256910400021,-2.39758034553564,1.4528635029111,4.0374640081578,-0.249545850759539,-0.0528036012601137,D11.MAA000880.3_11_M.1.1,T cell
I19.MAA000880.3_11_M.1.1,-22.5740570377937,30.0452482814248,4.12096582299114,-0.724513683270248,9.7049696700927,-0.246174697298995,0.0892222617417202,1.5134840199423,1.46696604246224,-6.10858225896635,2.74859785859709,I19.MAA000880.3_11_M.1.1,T cell
D10.MAA000880.3_11_M.1.1,-9.56864815368583,-3.51308885118137,-8.244262592315,0.370935537655678,1.28838076487086,-0.649659617473049,1.02208587903643,-2.13621982028181,0.771556140843773,-1.17338569829377,1.99060983285177,D10.MAA000880.3_11_M.1.1,T cell
I16.MAA000880.3_11_M.1.1,-5.79239316213653,-7.02248206354339,8.03220595880031,0.330054111925949,0.836782651366225,-2.05755818371802,-2.55852778036385,0.935070198203196,2.63470040898579,-1.29952201097277,0.55012895668005,I16.MAA000880.3_11_M.1.1,T cell
M16.MAA000880.3_11_M.1.1,-7.14277317102364,-6.21569710801759,0.825811728688188,-0.218916189137445,-0.210715384866549,-0.112870212899953,-0.104694341119147,4.61015049625716,4.1442265169201,-1.71669394531059,0.751485499432931,M16.MAA000880.3_11_M.1.1,T cell
B16.MAA000880.3_11_M.1.1,-7.9065118604484,-3.23616435363576,-7.55570154936886,-0.0337653356150216,2.15537503890323,0.322426502151348,0.58183646366416,1.87735267671918,2.75218953117696,-4.71389126104152,0.50462524902366,B16.MAA000880.3_11_M.1.1,T cell
F20.MAA000880.3_11_M.1.1,-6.2999080821596,-6.38636564685025,4.35284266362872,0.462916814641238,0.152699965152888,-0.820928455727801,0.409352103737495,1.43178770392144,4.21102775220876,-0.287269822495824,0.898683840638475,F20.MAA000880.3_11_M.1.1,T cell
O11.MAA000880.3_11_M.1.1,-5.71228245099451,-4.13699323144009,-5.7881230269175,0.55023919938185,1.25199435455834,0.378857771898165,-0.673438072976263,2.00587049483527,3.24685964477305,-3.26647669476616,1.95936157239603,O11.MAA000880.3_11_M.1.1,T cell
F21.MAA000880.3_11_M.1.1,-5.61517899628306,-6.32836013539109,2.96618288220352,-0.262656259230685,0.363119435247139,9.40172725201542,0.933244017484575,1.22009915600991,3.9006054305185,-6.82154972335648,4.30678657564064,F21.MAA000880.3_11_M.1.1,T cell
B17.MAA000880.3_11_M.1.1,-7.00831687638347,-6.10388165213437,-5.98935785908087,0.207450877011436,1.56510293944225,-2.21440909306573,-0.333811768773033,3.60543110540126,2.55878448891237,-1.71704808363607,2.04411277312213,B17.MAA000880.3_11_M.1.1,T cell
A10.MAA000880.3_11_M.1.1,-7.47099893612886,-9.03148572794815,8.47825760438801,-0.887617431205616,1.55118390315029,-6.6619182597392,0.413127050735087,-1.13757566108285,0.459053068649719,-8.50065721634218,0.939181575109231,A10.MAA000880.3_11_M.1.1,T cell
B18.MAA000880.3_11_M.1.1,-6.28288049112725,-8.3831082650476,8.74669954525761,0.549792106177835,3.15389444181065,-5.6000618794612,-1.33987661396957,2.61010322928767,5.2195055510331,2.0857141918187,5.87935004482973,B18.MAA000880.3_11_M.1.1,T cell
J11.MAA000880.3_11_M.1.1,-5.79110640418164,-7.23638099316661,4.37254328995705,-0.371441178912675,1.69155400676354,0.0233206889827371,0.0273399573457565,2.76728721029759,3.57606385535716,-3.22944043869539,2.96712416797094,J11.MAA000880.3_11_M.1.1,T cell
L9.MAA000880.3_11_M.1.1,-6.05658090773601,-7.31070757495159,9.48005883727255,-0.397496362331901,3.09452021412197,-6.50675975737059,-1.0944512544978,4.02350372214702,6.20504252469052,1.08697084141025,2.05467073728776,L9.MAA000880.3_11_M.1.1,T cell
P22.MAA000880.3_11_M.1.1,-4.98716437290725,-3.59448172395536,-5.09029895037674,0.639455151944183,-0.227657153782539,1.11952571785457,-0.836832749637027,3.11146254569514,2.38369406610996,-3.0500246081933,2.74343381845185,P22.MAA000880.3_11_M.1.1,T cell
B20.MAA000880.3_11_M.1.1,-8.57573960852349,-5.8022790924705,-4.52000322001587,0.369211448672582,1.9419713642869,3.13987032608686,-0.148206723518192,1.77619614826702,2.59514287481029,-4.27191617509745,-2.15020266269524,B20.MAA000880.3_11_M.1.1,T cell
G10.MAA000880.3_11_M.1.1,-6.01506539717628,-7.09059939076896,4.31936200612391,-0.342756093127367,1.29439537317441,-0.879003956080457,-1.0780574272375,2.24455848093534,6.73082737701235,-4.10090379127337,-0.336192782747598,G10.MAA000880.3_11_M.1.1,T cell
J14.MAA000880.3_11_M.1.1,-8.82297921830637,2.86607562036501,5.21184804339893,-0.721500822873057,1.04698291096202,1.02231906711442,-0.184958998355122,2.99674233087154,3.509725235475,-0.994585730353145,-0.447074874579001,J14.MAA000880.3_11_M.1.1,T cell
M21.MAA000880.3_11_M.1.1,-5.66845624042039,-7.07768525669439,4.84032918689477,-0.303211489052716,2.05458100671632,7.62615521837252,-0.862679253733791,1.3818749162935,4.11362353940335,-3.29684225612986,1.21368222819423,M21.MAA000880.3_11_M.1.1,T cell
O14.MAA000880.3_11_M.1.1,-4.51549014635538,-1.72088605821648,7.26514047222485,0.557173194453915,-0.66692165323188,8.99259694137455,2.11871657897429,-5.98378152647038,-3.17608447210367,-5.11815136014911,3.9499853658394,O14.MAA000880.3_11_M.1.1,T cell
A12.MAA000880.3_11_M.1.1,-5.46371848890131,-8.8348205103103,7.95641998662829,-0.108959729701234,2.7909937302058,0.0568690314785887,-1.33551466772779,3.48154411619183,2.49682132693971,1.41408879104868,2.70081193003512,A12.MAA000880.3_11_M.1.1,T cell
D17.MAA000880.3_11_M.1.1,-10.0500851351794,-5.10036761212046,-8.29009778043387,0.313862883644397,1.1760931268968,0.366728014915565,0.261921852418347,-0.61866441179957,1.80004570816632,-1.27920308392396,3.69339589557729,D17.MAA000880.3_11_M.1.1,T cell
G15.MAA000880.3_11_M.1.1,-9.43417898628083,-4.50541053150834,6.48402753261551,-0.470349229718729,-2.69163760543613,8.36523400728662,1.51806489902597,-7.65003693661276,-5.65447235895704,-7.99585704178636,6.75849153057218,G15.MAA000880.3_11_M.1.1,T cell
M22.MAA000880.3_11_M.1.1,-6.92841182231858,-5.38512755736005,1.32932628909555,-0.710556023470256,2.51124976916087,6.29107414840963,-0.492517668178872,2.52124187287855,3.6595044969129,-4.51657679127532,1.06605075284794,M22.MAA000880.3_11_M.1.1,T cell
J16.MAA000880.3_11_M.1.1,-9.29490019888748,-4.52473394953914,-9.03636125883832,0.420681559226216,0.31195146364585,-2.0971604676159,-0.69404371517881,-1.19708260142843,-0.136231287338992,-1.4174688503467,-0.164723081839104,J16.MAA000880.3_11_M.1.1,T cell
J18.MAA000880.3_11_M.1.1,-7.27919270723025,-3.45832757942592,2.61401828482734,-0.639405937779538,1.20756012877912,8.95062466043778,-0.258655558472136,2.75202865878929,3.82675057578039,-4.18693822328431,-3.81818518619965,J18.MAA000880.3_11_M.1.1,T cell
L13.MAA000880.3_11_M.1.1,-5.24346322528569,-7.36971865551496,6.81425540038923,0.422866867156166,3.36912706559404,-4.53867978900408,-1.10086954586317,4.9928602763876,4.13834464166054,6.27488149803708,5.7594007686369,L13.MAA000880.3_11_M.1.1,T cell
G17.MAA000880.3_11_M.1.1,-5.7127473897456,-8.07788570245516,9.08304144265168,1.0432123731386,3.43201813812207,-11.1143821917669,-1.56391000496422,0.70936220369809,4.01079227590736,0.081880696843081,4.25969383821156,G17.MAA000880.3_11_M.1.1,T cell
A15.MAA000880.3_11_M.1.1,-4.97612457183655,-5.5477757297498,2.34800506834388,0.0990828258085325,1.54349279543013,4.27084672981085,-0.469499403902413,3.2495283020332,4.08452846050084,-1.43810569314778,-0.457315516804426,A15.MAA000880.3_11_M.1.1,T cell
D22.MAA000880.3_11_M.1.1,-4.80014947488566,-6.88188090994418,2.62581842856403,-0.0524113602082386,2.50300192051838,-2.6890963212948,-2.0921046071869,3.08969201764578,4.93951421199145,-0.647277491059574,0.125865457159747,D22.MAA000880.3_11_M.1.1,T cell
G19.MAA000880.3_11_M.1.1,-26.2539138886232,37.4020576433254,2.3236520662101,-0.305897153786012,25.0298811190866,-1.40877571799144,0.807918067261209,0.723901437541997,3.23853832327436,-0.192584497220127,-3.10171994190632,G19.MAA000880.3_11_M.1.1,T cell
J20.MAA000880.3_11_M.1.1,-14.0631162437766,4.76635338927514,-7.61958746167852,0.779442486902839,3.38648409436991,-1.47355039890154,0.386820706729849,-0.961694823050906,1.07717510455584,-1.94800297543732,-0.820316306949559,J20.MAA000880.3_11_M.1.1,T cell
E11.MAA000880.3_11_M.1.1,-21.0639619663717,27.1839233358043,-1.15482126218281,0.515622737966844,7.03052314929987,1.57850901147897,1.01934106709738,2.56870179384433,3.03238152005981,-2.90955333751675,-0.916739334132715,E11.MAA000880.3_11_M.1.1,T cell
J22.MAA000880.3_11_M.1.1,-9.09997428433901,-5.29482100370091,-7.2431730162877,-0.106336607630317,0.244748217573469,1.61914257709334,-0.241758379251333,2.49389899152568,2.30571486551792,-1.06685045378841,1.50761262894788,J22.MAA000880.3_11_M.1.1,T cell
L16.MAA000880.3_11_M.1.1,-8.01837742700204,-6.73681956857467,7.61262768822025,-0.153705861218817,1.73095907884625,-9.68026614966559,0.145008639583999,-0.69709846621921,5.4268821581235,0.740915987581619,2.28189656079084,L16.MAA000880.3_11_M.1.1,T cell
O20.MAA000880.3_11_M.1.1,-5.55660167192495,-6.81745533852799,5.5100090600458,-0.227009320416938,2.2061154958378,-0.105653723731953,-2.15010741949627,3.43180758240198,2.50312601771236,1.37397901772305,1.55750263070307,O20.MAA000880.3_11_M.1.1,T cell
C12.MAA000880.3_11_M.1.1,-27.0413781797078,30.7097462257195,2.52210036987245,-0.625917196430136,12.3396667894514,1.42913633023903,1.44177559519936,-5.69636311622182,-0.953236730760967,0.133352003553247,4.37312231823641,C12.MAA000880.3_11_M.1.1,T cell
E14.MAA000880.3_11_M.1.1,-6.68992109625146,-7.23612770165734,8.08265707427703,0.312696983563162,1.18357724019982,6.74157473288256,-0.5511824743211,-1.34090681834697,-1.31171858024732,-2.89775333248624,5.02595115100468,E14.MAA000880.3_11_M.1.1,T cell
G22.MAA000880.3_11_M.1.1,-15.5812400244321,15.52492118394,-1.07385465609008,-0.784537683651969,-17.252134282668,-3.17531040876465,-3.14487601357146,5.19865793464861,6.35038595590682,-1.66058167517252,10.4953580153674,G22.MAA000880.3_11_M.1.1,T cell
L17.MAA000880.3_11_M.1.1,-18.2520254740012,22.3788315322208,2.07626655238161,-0.798788255528782,-18.5331742904681,-0.144288192414299,-1.9308722061634,5.56262885982093,5.46606443371538,-5.09848771612243,0.917076447638377,L17.MAA000880.3_11_M.1.1,T cell
N12.MAA000880.3_11_M.1.1,-6.78207666631578,-8.60282690070833,4.24805917882607,0.134894950735555,2.17340027384295,2.07495427980648,-1.33379433563253,3.21975197024318,3.65440283818825,2.39572168796736,2.53846013305375,N12.MAA000880.3_11_M.1.1,T cell
O21.MAA000880.3_11_M.1.1,-5.80434440623795,-5.02576994737831,-3.59267524789767,0.869658775826733,-0.0189745662414428,2.83844533740096,-0.580749680595203,2.39897906951957,2.95476859930051,-4.48805197574966,1.02982253442306,O21.MAA000880.3_11_M.1.1,T cell
A18.MAA000880.3_11_M.1.1,-6.41706613811671,-5.06247197884733,3.87958130820855,0.025703437591498,3.62721264101774,3.87265063420321,-0.754491651038449,3.44427746740724,4.91416408767194,-1.36548442744825,-0.194938712425211,A18.MAA000880.3_11_M.1.1,T cell
E15.MAA000880.3_11_M.1.1,-7.8984355982415,-3.61292828088726,6.98203287842374,-0.0317134081782182,-3.73266102749431,9.15271867626048,3.76896049616344,-8.78207041317697,-5.04941587467841,-8.75835279694401,2.90911861130732,E15.MAA000880.3_11_M.1.1,T cell
L18.MAA000880.3_11_M.1.1,-24.5967741616365,33.3396826441358,3.03012246286457,0.140649313075854,4.7677959573263,0.184317341188434,1.44712550833811,-1.97654305635743,-0.698872328905277,1.63833485903062,1.53999191898153,L18.MAA000880.3_11_M.1.1,T cell
N13.MAA000880.3_11_M.1.1,-6.79103826953339,-5.87257158235284,2.1555521523126,-0.150237999748803,0.821263663911488,5.89585687867187,-0.072601752658033,0.750932998150868,1.45907795257198,-3.21093307628109,-2.11167024893776,N13.MAA000880.3_11_M.1.1,T cell
A19.MAA000880.3_11_M.1.1,-5.06416288699065,-6.4504379298667,-2.71823596805464,-0.270240940922796,1.01894918006581,-0.166226728255364,-1.24872180376536,3.5850411250091,3.30570995918965,1.22897831419795,0.67887565078184,A19.MAA000880.3_11_M.1.1,T cell
C14.MAA000880.3_11_M.1.1,-7.23186705360024,-3.60425654797065,-8.44288440274415,0.871920221224965,-0.627143923204593,-0.587775782816078,0.43190621628992,0.883574011386109,-0.854142609137808,-0.66416322273923,-0.981817842738397,C14.MAA000880.3_11_M.1.1,T cell
H11.MAA000880.3_11_M.1.1,-6.14548181108932,-4.28100268557532,6.24905835598984,-0.0074188546939685,-1.9202774525161,8.47488993470531,3.0453647100708,-6.70527344117315,-6.17942245742576,-8.59239020260902,4.55392338367028,H11.MAA000880.3_11_M.1.1,T cell
A20.MAA000880.3_11_M.1.1,-6.7813469733115,-6.32270886721108,6.33289696593849,-1.01622699876957,2.75497178111808,11.9790389410334,-0.35859809104324,-0.649338763384399,6.6114836867504,-4.18120861734082,-0.284054727084913,A20.MAA000880.3_11_M.1.1,T cell
E18.MAA000880.3_11_M.1.1,-6.12014380872634,-5.82045174746112,2.29739472682522,-0.32105654627996,2.86679658271503,7.210889475497,-1.18099070598139,3.28798548881453,4.83143687992472,-2.94445541694771,0.92412008242116,E18.MAA000880.3_11_M.1.1,T cell
K11.MAA000880.3_11_M.1.1,-7.24465210986606,-2.54263543555593,-6.19660296423542,0.0236470554133114,1.03576472341229,2.01056190622231,0.341122627815501,1.14156907629316,4.3084046266789,-2.54480878812163,1.49850053284851,K11.MAA000880.3_11_M.1.1,T cell
H14.MAA000880.3_11_M.1.1,-24.8562244322775,35.0901711339771,5.67819079569083,-1.01964440727846,7.86539161436949,2.41107851513758,1.03780135182555,1.65610984309185,2.32518317185265,-4.69147242858135,-4.07930931005878,H14.MAA000880.3_11_M.1.1,T cell
K13.MAA000880.3_11_M.1.1,-6.177050872268,-3.80059537121261,3.52460760609386,-0.0219568635850323,-1.25067866902067,10.6307855816988,-0.337619161036221,-0.978337513769339,1.10126353859985,-5.25215284916112,2.49307786462061,K13.MAA000880.3_11_M.1.1,T cell
P8.MAA000880.3_11_M.1.1,-7.58732102248579,-4.61567634892977,-7.85353908895186,0.413003496570749,0.392700737530856,-1.36578008458116,-0.686399052991652,3.45866199087072,2.0808670249431,-3.16404596928498,2.28964439705957,P8.MAA000880.3_11_M.1.1,T cell
H15.MAA000880.3_11_M.1.1,-18.6876541810744,21.8156641783122,5.16560880909916,-0.170088998890746,-14.0444639333076,0.147654900089108,-0.188613765816074,-2.6027130593845,2.07318995082562,-2.47525583520718,0.8305067549998,H15.MAA000880.3_11_M.1.1,T cell
K14.MAA000880.3_11_M.1.1,-11.5570864001793,-2.70194941083282,-9.61201420440637,0.230531750375522,-1.45316379384484,1.99619186527346,1.52436558922776,-2.19312481444312,-2.79757452136805,-0.588533197249497,-0.253846231776573,K14.MAA000880.3_11_M.1.1,T cell
N17.MAA000880.3_11_M.1.1,-6.61891785035144,-7.09476360473247,9.34273057875693,0.402621567986535,1.24883686346798,2.78805396215681,-0.315365565186547,0.294532478977174,2.54039028737473,-0.997048422921477,2.88433303667044,N17.MAA000880.3_11_M.1.1,T cell
C18.MAA000880.3_11_M.1.1,-7.36187990719324,-4.86695304240201,-7.44818260485902,-0.147338517541613,1.57715123010986,0.944815145575629,-0.7954958601451,3.4846727668826,3.83035793588981,-3.36027707849565,0.80458568716385,C18.MAA000880.3_11_M.1.1,T cell
H16.MAA000880.3_11_M.1.1,-14.2879704668688,-2.07498430694254,-8.28533764160326,0.0239098023364981,-0.273878808433309,2.78924702534902,1.20476275407444,-5.98600318699538,-3.98751123134126,-1.19331331438711,3.70834402517907,H16.MAA000880.3_11_M.1.1,T cell
M10.MAA000880.3_11_M.1.1,-12.7655004861841,-4.17326508968552,-12.9731141720446,-0.230330551282006,-1.01523215151403,-1.74707270821317,1.44137912201106,-2.02514393648794,0.796548821505252,-1.69774044711889,3.52223001393237,M10.MAA000880.3_11_M.1.1,T cell
N18.MAA000880.3_11_M.1.1,-6.76915933191576,-6.92358780871256,4.90995506183512,0.496899292527293,0.173519199612083,4.9753062372765,-0.192496771388714,0.557298958317497,0.63095828530186,2.62330169528661,-1.2126872567991,N18.MAA000880.3_11_M.1.1,T cell
B9.MAA000880.3_11_M.1.1,-6.39793212822414,-5.32255135826547,-2.03966529292423,0.0743776166433449,1.77740409813323,6.94221537691963,0.32625375802971,1.64253056328527,3.48226044179754,-2.1932745422853,1.95637736983117,B9.MAA000880.3_11_M.1.1,T cell
N20.MAA000880.3_11_M.1.1,-8.05949917492045,-4.85391547866837,-6.05407164246121,0.471622182605058,-0.0423257962122642,2.22124429371088,-0.589636297452777,1.2694881985005,1.92717510440629,-1.43971488665391,4.74240198722091,N20.MAA000880.3_11_M.1.1,T cell
P12.MAA000880.3_11_M.1.1,-10.1104139771482,-3.33722000003349,-8.58510999923745,-0.146378191897829,-1.03243270959675,-2.58173033633027,-0.0675159809479573,0.872374780873502,-1.55265807283678,-1.36719226066427,0.344972465940111,P12.MAA000880.3_11_M.1.1,T cell
C20.MAA000880.3_11_M.1.1,-6.85773999040053,-3.04453212729601,-7.54715560880597,0.474335697246161,-1.79467948743438,0.387999391903964,0.0988339975617998,4.31675519735136,2.41358889361202,-2.37123209327999,4.6018401640042,C20.MAA000880.3_11_M.1.1,T cell
M12.MAA000880.3_11_M.1.1,-4.49066210046055,-7.97382037348017,4.84507874058832,0.0966389242809141,2.72339404202957,-2.13947329263808,-1.8656077550864,2.67345781742164,2.38656906704077,1.43272061689036,5.87638207321607,M12.MAA000880.3_11_M.1.1,T cell
K11.B000827.3_38_F.1.1,-8.45503037478294,-8.15204184911714,8.92911396278785,-0.833529735530176,0.316415072439098,5.66015548986068,-0.359121926841086,1.80530133851225,-1.81163457221974,6.55366389871547,0.452379482037795,K11.B000827.3_38_F.1.1,T cell
H6.B000827.3_38_F.1.1,-7.81397454579088,-5.13148740692344,4.37914772137066,-0.539381083850506,-0.725201248580247,8.48006172681517,-0.0200907192312471,-0.313329158400708,-0.639159587806755,-2.29583770627146,-1.70041818501661,H6.B000827.3_38_F.1.1,T cell
I8.B000827.3_38_F.1.1,-7.2801322689386,-7.26666807650835,6.99924574518318,-0.444973313540221,0.563527453900772,-0.52344888979107,-1.96098335668971,3.64419501738849,-0.46018346604713,4.32028556787194,-0.0218912571148822,I8.B000827.3_38_F.1.1,T cell
K12.B000827.3_38_F.1.1,-8.32745421233691,-9.34606289612959,8.8853620624888,-0.268765817320006,2.0430252484697,-4.2037019154481,-1.48412204870784,3.00046336481161,-0.940806780942547,4.84947787315472,3.1939216622134,K12.B000827.3_38_F.1.1,T cell
L17.B000827.3_38_F.1.1,-6.49331056441568,-5.75436347277459,9.11837190775254,-0.304816583624763,-1.00790378491797,8.95593294137855,1.76185999644123,-4.19282156245745,-4.23754332432213,0.536926775715465,-1.19288773634281,L17.B000827.3_38_F.1.1,T cell
M19.B000827.3_38_F.1.1,-9.09191612647952,-6.66102457163249,8.5467466694475,-0.903126854379472,0.979849975769658,4.88138868842358,0.584960963795568,0.562636248218052,-2.0174841789148,2.84376640600892,0.220715304569916,M19.B000827.3_38_F.1.1,T cell
L18.B000827.3_38_F.1.1,-7.80170355286461,-7.63856551403484,7.58175330869131,0.0111551023552843,0.833259143900961,-4.61908866650534,-0.43023983877189,2.88816757829667,0.545583204411102,2.49938067412309,3.56367528329457,L18.B000827.3_38_F.1.1,T cell
A15.B000827.3_38_F.1.1,-8.38300656035758,-6.17787921768307,9.76686825547339,-0.176987791928825,-1.01791556021319,4.58339874789332,-0.289847944449799,2.0057446930462,-1.3033494312203,4.13928455754567,-1.7608471324959,A15.B000827.3_38_F.1.1,T cell
F4.B000827.3_38_F.1.1,-7.12040162640496,-7.34110814176731,7.54533284380888,0.0410610526353712,-0.144599460915119,-5.33765220678227,-0.489728428849684,2.9917847260056,0.550090323275053,3.69729631538367,-0.282235358945401,F4.B000827.3_38_F.1.1,T cell
H8.B000827.3_38_F.1.1,-7.39801628523836,-7.09985003506658,4.43687826176745,-0.0538325112848901,0.80856804626167,2.82814395629392,-1.46518197532109,2.95217864617996,-0.365744374618657,4.10367851619825,-0.155354032174355,H8.B000827.3_38_F.1.1,T cell
H7.B000827.3_38_F.1.1,-7.77804716552374,-7.54712785884171,7.22061007288543,-0.2989151416922,1.96089999287514,7.67560494398597,-0.12154012112144,0.207385001772175,-0.876083236906476,1.4185779219686,-0.18800796942714,H7.B000827.3_38_F.1.1,T cell
K13.B000827.3_38_F.1.1,-8.63581983197235,-8.21285491536918,11.1990041435042,0.899619651171657,1.1775664038251,-2.71456748191269,-0.350542894020473,-0.110341597472108,-0.391516874054635,3.55534808162666,1.13390567531555,K13.B000827.3_38_F.1.1,T cell
B18.B000827.3_38_F.1.1,-6.27562484100277,-5.05133742174707,2.3170424204709,-0.164195630792463,0.931453199643651,3.08964120336631,-0.982973872009305,3.85006983082622,1.45858278823067,-1.37568049016916,0.49450123243257,B18.B000827.3_38_F.1.1,T cell
I11.B000827.3_38_F.1.1,-7.11536683501681,-6.6812164979557,7.44122494519614,-0.337342167506118,1.13089692471547,-0.477593129572694,1.85882229158299,0.0172348823103256,-0.304845411377636,-4.56533558256021,0.446114573410996,I11.B000827.3_38_F.1.1,T cell
L19.B000827.3_38_F.1.1,-9.20894733953419,-8.1431095832935,9.95352809524694,-0.0479597803446948,0.276814793781471,-7.2732392266282,1.16920081473132,-0.449780121588655,-3.225372893248,3.03729871489541,-2.64960727220079,L19.B000827.3_38_F.1.1,T cell
H10.B000827.3_38_F.1.1,-10.3774754305265,-8.40028661144308,14.9975155122501,-0.483745704133732,-1.10708597926099,-6.22777459964163,1.2223041328511,-3.09511759045709,-5.43240481910432,2.71261818392569,-2.32399995631027,H10.B000827.3_38_F.1.1,T cell
K16.B000827.3_38_F.1.1,-7.79793988166102,-8.67834268144331,9.77832205649114,0.263371415619174,1.28709598066212,-6.14329299563943,-0.701819190111687,2.05523981159738,-1.25936004772205,6.14633833079038,-0.379318012840927,K16.B000827.3_38_F.1.1,T cell
N1.B000827.3_38_F.1.1,-6.92244989220678,-9.42814741878138,13.7287212253729,-1.64215461359746,2.41969404586192,0.294549016876073,0.118543326168763,0.390937833994372,-2.81060294482284,-2.56455772308105,2.03894288589498,N1.B000827.3_38_F.1.1,T cell
B20.B000827.3_38_F.1.1,-10.1625263144431,-7.70971189433684,5.91059205929763,-0.625126205734463,0.829454420309055,1.83099548949655,-0.796478173172889,3.26235791868596,-0.336212341131126,6.84303222898717,1.67522325010241,B20.B000827.3_38_F.1.1,T cell
B19.B000827.3_38_F.1.1,-7.16979914387304,-6.45745849719169,2.13457910554701,0.277364721301761,0.861516804700435,-1.15112425896905,-0.66935264269189,3.41333133405943,-1.31298269718611,2.6750566390185,1.07741241840568,B19.B000827.3_38_F.1.1,T cell
E3.B000827.3_38_F.1.1,-7.83809742268517,-4.75686940005465,0.910457208188923,0.27880482262209,-1.65452973706228,0.596738156221813,0.0712211887536102,0.98488799447369,-1.84698787405183,1.80637591730337,-1.82980078075323,E3.B000827.3_38_F.1.1,T cell
F6.B000827.3_38_F.1.1,-8.79080753207558,-6.03748306788838,7.81708526075157,-0.296962161641363,-1.73783116250974,3.5757194330307,0.447413110859401,-0.667018450607696,-5.60410959962227,3.14676438317405,0.58401696473971,F6.B000827.3_38_F.1.1,T cell
G8.B000827.3_38_F.1.1,-8.2462999380899,-7.50589222502844,10.4373580637086,-0.727981448549697,2.10375186673957,-0.381743700674091,0.0540334349555162,-0.219012881017183,-5.17242722635983,0.558355104161362,-1.19087815017575,G8.B000827.3_38_F.1.1,T cell
B21.B000827.3_38_F.1.1,-10.4065013117639,-6.71907780703596,11.5225095241886,-0.942253033232766,-1.37425763279662,10.0649178765911,1.15495481763143,-5.49692693045042,-10.1537268124832,1.12821780016639,2.38401749445556,B21.B000827.3_38_F.1.1,T cell
E4.B000827.3_38_F.1.1,-8.59048022223593,-7.1906937431938,9.75974763322669,-1.15110129295909,0.149310539037357,5.83117307572395,1.87784212455504,-6.41994289922681,-4.82378660808763,-5.57640139294229,0.202386413639818,E4.B000827.3_38_F.1.1,T cell
F7.B000827.3_38_F.1.1,-7.16100027524687,-6.64543941708109,5.33135453417353,0.0803481713029423,1.42340644053333,-1.79168400836812,-1.08304888139181,3.33488045082556,0.495102095607831,2.92505085704479,1.11309760146372,F7.B000827.3_38_F.1.1,T cell
H11.B000827.3_38_F.1.1,-5.92838015552814,-7.19292811592964,8.20296298344188,-0.762146631850017,1.58774711482025,-0.474149761798995,-0.0821615902240875,1.91538976721045,-3.66451169098219,-2.27438500803192,1.79774359613266,H11.B000827.3_38_F.1.1,T cell
J15.B000827.3_38_F.1.1,-10.3866643627339,-7.06866213070768,1.57069974822953,0.0446569606977045,-0.389743859393101,0.327822101854649,-0.29708203426718,3.05572415217765,-0.747636020659687,5.83475772093295,-2.98852854927909,J15.B000827.3_38_F.1.1,T cell
K17.B000827.3_38_F.1.1,-11.45972979431,-7.7934587302567,9.64101664175567,-0.0624134263868358,-0.168356944970013,2.62341802117378,0.419436747742829,-2.16920591436699,-3.52479212611498,2.48505151333733,-1.05900498400107,K17.B000827.3_38_F.1.1,T cell
J16.B000827.3_38_F.1.1,-8.12068117733647,-6.56733213628662,8.87565228084275,0.22356959522574,2.02050518345242,1.95811288309932,0.146894338009141,2.89918568567894,-1.99742571488172,6.79382745616495,0.267969291517172,J16.B000827.3_38_F.1.1,T cell
D3.B000827.3_38_F.1.1,-7.27143333826786,-5.23013160150731,3.53680546095554,0.0402179572554236,-0.71629718231322,-0.897373409508078,-1.12343416780353,3.92841447378483,0.607874408320967,4.14655279754616,0.0151480210037245,D3.B000827.3_38_F.1.1,T cell
M2.B000827.3_38_F.1.1,-8.50247059142031,-7.98558198392713,9.30736281718225,-0.410007286852955,0.256151666899125,-2.60538603003878,-1.69125519835745,1.02591346213117,1.64611583868298,5.21872216228203,1.00644972454755,M2.B000827.3_38_F.1.1,T cell
K18.B000827.3_38_F.1.1,-7.33142976646682,-8.0726244013973,3.67051528510667,-0.379341081073326,3.12718800868005,-4.3734976372306,-2.0962220031638,4.10106402447526,0.0376886911071267,4.5638234511468,3.99005081982585,K18.B000827.3_38_F.1.1,T cell
I16.B000827.3_38_F.1.1,-10.0591923144553,-9.22970546213489,10.7148763888596,-0.293333743484522,0.828118829959496,-1.12083008984249,-1.10220884628831,0.319416893627465,-2.41560903783886,3.97777451239804,6.22763412107621,I16.B000827.3_38_F.1.1,T cell
J18.B000827.3_38_F.1.1,-11.5604759171537,-3.53026337297379,10.8511211476057,-0.987912239478753,-5.06814124594498,-6.28692423259212,-0.928642156669073,1.88101115341925,0.566907005335303,1.25014445507204,-0.057262939476724,J18.B000827.3_38_F.1.1,T cell
K20.B000827.3_38_F.1.1,-8.39138082468343,-6.58454995577649,9.00956654782404,-0.244959391882765,0.0705080932197882,4.93858786077761,-1.01274343527107,1.5823006558635,-1.94371384389018,4.7259018326017,0.762090436946012,K20.B000827.3_38_F.1.1,T cell
M3.B000827.3_38_F.1.1,-9.06641757098422,-8.057397751776,8.38368860197449,-0.174295409371823,0.132916287255753,7.26046800927931,0.396902592045512,-0.289989751228032,-2.10087834251459,2.65900866896701,0.529739282760268,M3.B000827.3_38_F.1.1,T cell
D5.B000827.3_38_F.1.1,-6.69827270600512,-6.49382441642374,4.7620525384904,-0.313706537966195,-0.329798359524728,0.613085552337345,-0.215669245576329,2.64087502891807,0.773208170648575,2.66232667283694,-2.34891509992753,D5.B000827.3_38_F.1.1,T cell
F10.B000827.3_38_F.1.1,-10.5485459582932,-2.51234263654857,13.5148891726733,-0.696596580429599,-7.25478098167655,-5.56517158259955,0.196777314399883,0.54629420920496,-3.22872720706529,2.69078180784878,-0.127706474133802,F10.B000827.3_38_F.1.1,T cell
F11.B000827.3_38_F.1.1,-8.92360770751217,-6.38847029204484,5.95498602010853,-0.793524474969479,2.02647405265954,-3.4138727613234,-0.399558611871339,1.84848048182714,0.8523438168437,2.14006587084337,-1.74183170726199,F11.B000827.3_38_F.1.1,T cell
H15.B000827.3_38_F.1.1,-8.53030494091962,-8.43259798477609,7.86907788667287,-0.607042139403584,-0.073001077019743,-8.09421789392498,0.0145276135831825,0.999030526539537,-1.40952239327146,-0.011678008652609,-1.61200890466174,H15.B000827.3_38_F.1.1,T cell
J20.B000827.3_38_F.1.1,-10.190742663698,-7.59682086546745,4.39056203234595,0.783535116519353,0.0271428399030562,-7.70494070772385,-1.42180768120938,0.854492535550843,0.256381567767999,5.33635245583943,0.413440571263573,J20.B000827.3_38_F.1.1,T cell
C4.B000827.3_38_F.1.1,-8.71437343435769,-7.99975262936239,11.8157600411384,-0.687370342529164,1.03210907388457,-10.2781997260381,0.673460478040387,-0.762358709403474,-2.43016643019919,0.175384179313935,-5.18879918443577,C4.B000827.3_38_F.1.1,T cell
D7.B000827.3_38_F.1.1,-7.62114838473572,-5.60296285072403,3.44752464445893,-0.154473612688351,0.559683346656331,2.26629496782008,-0.563518879804871,2.86381366952434,-0.826765874027215,4.58225234778274,0.41127334546535,D7.B000827.3_38_F.1.1,T cell
E10.B000827.3_38_F.1.1,-7.92663143883052,-7.7445286177021,4.59652617474076,0.280856663775489,1.5684482838233,0.789899131577056,-0.769032724851263,4.36391337199711,-0.0456888279179788,2.41773206147014,0.334687762339437,E10.B000827.3_38_F.1.1,T cell
F13.B000827.3_38_F.1.1,-7.97378305199411,-7.40786468226966,7.72407995640219,0.166233929092732,1.19858568235601,-2.38093284752879,-1.08268938885326,2.96869537328736,1.53031913715328,3.63519797489863,2.45294382083986,F13.B000827.3_38_F.1.1,T cell
I19.B000827.3_38_F.1.1,-6.63222358933356,-7.37719836070906,8.76883412449641,0.102063327105631,2.97390002722219,-5.88142697836902,0.0596518328390478,0.718680535484558,0.153257115377549,1.40528138208253,3.20931948782773,I19.B000827.3_38_F.1.1,T cell
M6.B000827.3_38_F.1.1,-9.86024411987342,-8.45503617916293,10.0862763588664,-0.538525391356967,1.09629619633841,4.28274992367069,0.0853183994233657,-0.268031884840335,-3.52675157485881,6.25889493826281,1.78350103647354,M6.B000827.3_38_F.1.1,T cell
I20.B000827.3_38_F.1.1,-8.11900066428976,-8.2353814282269,7.92965964306857,-0.307791185086716,1.83146616470936,-6.62380086377761,-0.807048286134645,1.68322728596399,-0.651004903132747,1.06783817299869,-1.83276291898738,I20.B000827.3_38_F.1.1,T cell
M7.B000827.3_38_F.1.1,-7.67097385754692,-6.96530172288053,5.30122286817219,-0.468646276688068,1.12004219819583,-3.79855520236503,-0.72764698350338,1.89695867140897,0.555496663361585,3.38180754165712,-1.27139321048625,M7.B000827.3_38_F.1.1,T cell
E11.B000827.3_38_F.1.1,-8.91593569023136,-7.38745669551622,11.0026469060368,-0.516888487626576,-1.53583346824909,-7.14418651758372,0.404006741109339,-0.455940892711769,-1.28994019107609,1.24552158703961,-2.34141235130417,E11.B000827.3_38_F.1.1,T cell
B5.B000827.3_38_F.1.1,-9.16167393090013,-9.37083824069907,12.9503545022761,-1.56612020042611,0.373043140438244,-18.5072627142087,-0.195393574912404,-2.54738475636464,-1.57175210696239,-3.45094480427853,-3.38096368594115,B5.B000827.3_38_F.1.1,T cell
H20.B000827.3_38_F.1.1,-3.26023767618526,-6.21426305202013,1.85968934072966,0.0692291359894554,1.31030000453666,-1.19423316128127,-1.85029491261334,4.63804279748128,4.02701257736036,0.340563879594844,0.482206203419032,H20.B000827.3_38_F.1.1,T cell
I22.B000827.3_38_F.1.1,-8.00266103279516,-7.70430834763612,6.55826941143087,0.0518394818305239,1.04442436320386,-0.329434407483424,-0.683955601608373,2.85750768425303,-0.286686968987016,5.7489280325401,1.25439325346125,I22.B000827.3_38_F.1.1,T cell
K2.B000827.3_38_F.1.1,-7.75369428056724,-4.38440490425565,9.382042917295,-0.696929477898393,-5.61372812757121,0.68592866958638,0.0759508495739162,-1.18215891374584,-2.67954885630923,2.13868203544032,0.975814716787972,K2.B000827.3_38_F.1.1,T cell
H19.B000827.3_38_F.1.1,-7.86102844694687,-6.20436585647882,9.62274609836449,0.620635667927396,-1.08674037537184,-1.02260457095694,-0.292034887262939,-0.307137258501859,-1.48492787621247,2.37938066711887,3.59430241274927,H19.B000827.3_38_F.1.1,T cell
I21.B000827.3_38_F.1.1,-9.67514415082812,-8.54439153428968,8.62173049056475,-0.311786579657575,-0.182869801880862,-0.446681224942999,-1.09591613134929,0.533955310035721,-3.47961640670548,6.36105985750654,0.174587457505528,I21.B000827.3_38_F.1.1,T cell
L4.B000827.3_38_F.1.1,-6.01788229813754,-7.25877613386465,6.47896295111019,-0.0438688298589394,1.86309480250115,0.308485150531291,-1.41007006077691,4.6044254880926,1.19629543206364,3.68929616645006,1.7396315796777,L4.B000827.3_38_F.1.1,T cell
D12.B000827.3_38_F.1.1,-8.82638952684645,-8.6521587239518,5.98728733207873,-0.143962006495743,1.42394420371433,-4.8275361474253,-1.88961806820706,4.07943530379637,0.284372433688111,4.20297679966572,1.30879934100645,D12.B000827.3_38_F.1.1,T cell
M10.B000827.3_38_F.1.1,-10.3081064224245,-5.5963267564748,8.7662261835599,-0.363809354259793,-1.1661423209492,-0.877680018431052,1.42565647257542,-1.23496750994176,-5.25729075160651,6.05140512618078,-2.32221390237336,M10.B000827.3_38_F.1.1,T cell
M9.B000827.3_38_F.1.1,-6.83542150633508,-6.93747082886371,9.17686871175992,-0.293140358327367,1.45665804262215,-5.19914324647449,-0.468103897387592,1.54093448685033,0.855872290363357,2.07172179311498,1.88314132812262,M9.B000827.3_38_F.1.1,T cell
C10.B000827.3_38_F.1.1,-7.33592449033519,-7.77727144145198,9.3069862825449,-0.532892420235946,1.77255583407997,-3.19174689814181,-0.446015798391761,3.94969480931591,-1.24484970936768,4.77328086791679,2.00945707978907,C10.B000827.3_38_F.1.1,T cell
B7.B000827.3_38_F.1.1,-8.99800248243623,-7.23513187947766,8.52419195050822,-0.240896852048706,-0.896797092437238,6.59956994630942,-1.37557788657654,3.43048351238442,-3.07750153361321,6.45204266840422,-1.95596681323486,B7.B000827.3_38_F.1.1,T cell
J2.B000827.3_38_F.1.1,-8.05803012421558,-5.80864768787253,8.52875217411688,-0.497164037002285,-1.541429037424,4.16568624905879,0.0889412983422486,-0.238426472307019,-1.09335406505496,0.408367397224417,1.94028736780384,J2.B000827.3_38_F.1.1,T cell
B9.B000827.3_38_F.1.1,-6.02144508129695,-7.97944783895162,9.40722024468665,-0.0218104487010917,2.01007918234174,-2.73592655708806,-1.84198754424139,3.37644643423496,0.512176712134401,4.39755179384624,2.13673995752405,B9.B000827.3_38_F.1.1,T cell
C11.B000827.3_38_F.1.1,-6.67557762543485,-6.51276399273901,8.29077131009756,-0.48444712513925,0.402742484003134,8.46031155318744,-0.162427882699906,2.01003043828575,-0.972730066216936,1.01105973828681,-0.108469725539049,C11.B000827.3_38_F.1.1,T cell
D15.B000827.3_38_F.1.1,-6.24867415500747,-5.75474726676385,4.74729009191189,-0.352712035842544,1.43022518521157,4.78113134827216,-1.29186543177958,2.53431491635805,2.41842497526704,2.21501106129578,0.22827110901806,D15.B000827.3_38_F.1.1,T cell
I2.B000827.3_38_F.1.1,-8.29237957424175,-8.08427135498187,7.86665221790059,-0.241714994153854,1.72169264461428,0.69125445168959,-0.477261252119284,2.10996662035039,0.396768382435823,4.93946274679939,3.23692361700748,I2.B000827.3_38_F.1.1,T cell
M13.B000827.3_38_F.1.1,-7.64120394560092,-7.22779873651889,6.97054193871518,-0.515923518390348,-0.333648504531507,6.20172792626725,-2.2354075946502,3.16050365929606,-2.88743892507533,7.84355438471178,2.14919485911002,M13.B000827.3_38_F.1.1,T cell
J3.B000827.3_38_F.1.1,-8.16386188643587,-7.78315932202016,6.92187991364216,0.132502084842454,1.84689637038523,-0.870019695651899,-1.20273428135285,1.01696053059713,-0.498181152633198,3.17780253436537,1.08585133267803,J3.B000827.3_38_F.1.1,T cell
L8.B000827.3_38_F.1.1,-9.48402537510242,-5.65622800593884,5.52543841841648,0.0813701664278787,-0.550463347734886,0.253136862261745,-0.820262645291959,3.51225118476239,-0.22615051497648,3.74715093223621,-0.33991539130207,L8.B000827.3_38_F.1.1,T cell
M12.B000827.3_38_F.1.1,-21.299182069757,23.7837197453404,15.2649817478565,-0.909285191927788,3.17863406728715,-3.74428767826102,-0.522512608262464,3.25618228568416,-1.71375118219542,2.35398230454516,-0.559313298471864,M12.B000827.3_38_F.1.1,T cell
I3.B000827.3_38_F.1.1,-7.96679955740032,-4.39249419652701,4.92773877136155,0.0149196684774703,-1.08111008277643,0.294972524626158,-0.132052053408057,1.77654787716169,-3.74156798754429,4.56857217588511,-1.36164506013468,I3.B000827.3_38_F.1.1,T cell
J5.B000827.3_38_F.1.1,-9.670380898184,-7.73831769202505,3.80655992165729,-0.0381798335529859,0.200264781114384,6.23995138102527,0.0099906379582785,1.06793006987306,0.897032619133528,3.86997821265427,-1.52123582878548,J5.B000827.3_38_F.1.1,T cell
K7.B000827.3_38_F.1.1,-6.81646027732597,-7.28045541112764,6.58070500364569,-0.482019808395289,-0.048297334513108,0.855384230922443,-0.218092938285558,1.79439049170608,0.307906357959271,1.6179675907723,-1.82652606631601,K7.B000827.3_38_F.1.1,T cell
A8.B000827.3_38_F.1.1,-9.03660784559328,-6.3428159262323,10.1637523671967,-0.5932451278887,-1.21319046320472,-3.94804724138207,-0.359001845592791,2.68019166162171,-2.60500696098003,1.13314854292702,-0.804283860017728,A8.B000827.3_38_F.1.1,T cell
L13.B000827.3_38_F.1.1,-8.23541795216545,-8.3569643949272,7.16046156192707,-0.360869081002307,1.95383710198397,-3.59506184658496,-1.26707917447432,2.52867785294703,0.883151639054099,4.91152347546018,1.40969569506876,L13.B000827.3_38_F.1.1,T cell
B12.B000827.3_38_F.1.1,-7.0004883654355,-6.36097842676546,10.0154511376633,-0.601017793684574,-1.15837272014327,5.91976902532379,-0.361579473134286,0.944383336671737,-1.72912010109921,1.28509684742128,1.78684403368443,B12.B000827.3_38_F.1.1,T cell
E21.B000827.3_38_F.1.1,-11.0489237590868,-3.86170425959519,9.87054646417145,-0.663937373530258,-4.21553924096079,1.04633487028962,2.30591871060618,-4.51595247762455,-6.47784891626009,0.169196348450847,0.817778760547105,E21.B000827.3_38_F.1.1,T cell
I4.B000827.3_38_F.1.1,-8.03507424229518,-6.49393264531134,7.75783736532807,-0.817122802216265,-0.0142591684785734,7.57530003765568,-0.802258660818617,2.27070872579285,-2.56643715056559,4.05718146091941,-1.67650886310827,I4.B000827.3_38_F.1.1,T cell
J6.B000827.3_38_F.1.1,-8.0288405664668,-7.06169381629076,7.75823288008507,-0.359462777388741,-0.368007175617088,1.59267079357758,-1.99206710910085,1.82326033571313,0.479533673061669,4.69875297564592,1.1786392824117,J6.B000827.3_38_F.1.1,T cell
K8.B000827.3_38_F.1.1,-6.77477318292389,-6.99047466355651,7.94210347580599,-0.0103815277544709,1.43507810208763,-2.54831392909803,-0.0424279414416755,1.72153471487188,1.24032661706903,3.01459388876858,3.25602116355694,K8.B000827.3_38_F.1.1,T cell
C15.B000827.3_38_F.1.1,-8.59326476723968,-9.68307052910082,11.9532128746386,-0.0440721744487082,1.94372584276188,-6.38058720393819,-1.31909751829219,0.0208588611496229,0.436447368696771,4.13569889663705,2.41170043873675,C15.B000827.3_38_F.1.1,T cell
D19.B000827.3_38_F.1.1,-13.3148218394352,2.59363607610737,13.4586174896602,-0.631760835844591,-12.0124547230869,-3.86392117938656,-2.17401525765266,3.10208189778976,0.0056003078161167,5.13792729369041,3.63455058360941,D19.B000827.3_38_F.1.1,T cell
G2.B000827.3_38_F.1.1,-12.1664740929956,-7.07972053859098,11.8917090818178,-1.44196893392077,-0.79834464012421,-2.86791817400196,-0.228036845407577,-3.79990984540439,-7.89865068343225,2.95359679416589,3.74403747467221,G2.B000827.3_38_F.1.1,T cell
I6.B000827.3_38_F.1.1,-8.51456655009717,-8.94539487726703,7.90965820585453,0.0057921103653195,1.7264189190774,-0.996228269166063,0.294044310517524,0.817587305360004,0.0833692189562289,3.12998616508226,-0.382134437854149,I6.B000827.3_38_F.1.1,T cell
H3.B000827.3_38_F.1.1,-7.28683939899449,-6.72957832788868,7.49863422543165,0.286317641130003,2.02797284721292,6.5478375576881,0.0039004806048317,0.0368592967957017,-0.464446361058911,-0.0575647736271416,0.883151398963067,H3.B000827.3_38_F.1.1,T cell
J7.B000827.3_38_F.1.1,-8.09018127877069,-9.05397004420455,8.31284069346665,0.765604219201454,2.54093372787681,-1.44676711789114,-2.23380980849249,3.00165608185169,1.15339973864499,4.35713854488359,1.55574305746865,J7.B000827.3_38_F.1.1,T cell
K9.B000827.3_38_F.1.1,-6.85624991900921,-6.47125065216874,6.41502494725234,-0.243171415309069,-0.0370128808621239,1.29066235048251,0.204998051020726,0.991797018051233,-1.16894553290899,1.37518501334897,2.05612960795788,K9.B000827.3_38_F.1.1,T cell
L14.B000827.3_38_F.1.1,-8.52075730733492,-4.76590243038956,5.90939198883142,-0.819294069649433,-0.932165898224661,2.68151876015342,-0.403845683730441,1.65075783432889,-0.953602438666292,3.95659457294236,1.35031694261309,L14.B000827.3_38_F.1.1,T cell
P3.B000827.3_38_F.1.1,-7.4422986290064,-8.85400444305456,8.58614577617833,-0.651210662693118,1.89174787033341,-1.3738900327043,-1.23821307059265,4.06859549369012,-0.151753349162419,5.65370650059818,0.971654753539217,P3.B000827.3_38_F.1.1,T cell
P2.B000827.3_38_F.1.1,-7.37468087142602,-7.28412899894019,10.4995577598878,-0.765437222542094,-0.243963491893026,-3.79796393330585,0.413660371458571,-0.138717860957656,-2.44874562250926,0.815316603592494,-0.875980654750805,P2.B000827.3_38_F.1.1,T cell
O1.B000827.3_38_F.1.1,-6.96583881679828,-5.19976886140005,7.37475889932137,-0.993938794073716,0.313878213608154,2.96950459523778,-0.577358950970428,5.24515568236489,-1.99891432615336,5.03926333509494,1.29231265848965,O1.B000827.3_38_F.1.1,T cell
P5.B000827.3_38_F.1.1,-5.611852949268,-7.38363675231386,5.6141559668909,0.163508165351787,1.69002215080498,-0.348996728750461,-0.351150396093121,3.92347729516376,-0.177683733802242,4.16484326038766,0.516149937367761,P5.B000827.3_38_F.1.1,T cell
O4.B000827.3_38_F.1.1,-7.59798871091001,-7.98990351233796,6.26463500451433,0.282610604352667,2.41300265679326,4.74382777116747,-1.27897857320439,2.28616076323188,-2.01886243403569,4.03314716584957,1.07772012391639,O4.B000827.3_38_F.1.1,T cell
P7.B000827.3_38_F.1.1,-9.1338984567358,-9.36494279968734,11.1570427896297,0.0310463776782573,0.514611299053914,-13.6693027981304,1.40626319185778,-1.46853675282818,-2.62496996535333,-2.27632114222345,-1.17982832779539,P7.B000827.3_38_F.1.1,T cell
O3.B000827.3_38_F.1.1,-6.54108716605722,-8.49197844340402,7.53110572699306,-0.0222612354388379,1.59416354475754,-3.57976840422731,-1.45980645649817,2.66320510965603,0.435150825717675,3.79056541134123,1.2301046582462,O3.B000827.3_38_F.1.1,T cell
P8.B000827.3_38_F.1.1,-5.23967186496852,-5.77503511260031,6.64672737260929,0.272674827245859,0.182439730456447,-1.65262228765185,-1.46880896242867,4.44018193990497,0.0163370049533184,1.4867039500163,-0.217392161933424,P8.B000827.3_38_F.1.1,T cell
N3.B000827.3_38_F.1.1,-10.309788395778,-6.6882816559637,7.38235492567511,-0.0377442481161655,-1.11150923559236,-1.73080532471968,-0.419027206025306,0.387007255649347,-1.95926548074536,1.93715854616342,-0.778953584806008,N3.B000827.3_38_F.1.1,T cell
P12.B000827.3_38_F.1.1,-8.89642670204218,-9.11913817696407,13.2509709831695,-0.40647966014147,0.696814174097773,-16.1267165827383,-0.0814733168829694,-0.923402360922687,0.470669700763166,0.191784327948814,-1.47224666181722,P12.B000827.3_38_F.1.1,T cell
O9.B000827.3_38_F.1.1,-8.82600178376938,-8.06254791310607,6.38176628990723,-0.628739181338385,1.79801592844828,-1.61997809303444,-0.919323600537792,2.31524957358567,-1.18016963463009,6.85896424891986,0.522484643785323,O9.B000827.3_38_F.1.1,T cell
P14.B000827.3_38_F.1.1,-9.17760583340142,-8.10604059934551,9.5963494554882,-0.944862785662889,0.894765064837296,-6.37968699903169,0.775745257854853,-0.862405329959116,-3.92645774106847,-0.120062586117875,-2.28683590327346,P14.B000827.3_38_F.1.1,T cell
P15.B000827.3_38_F.1.1,-8.64258935508181,-7.11588646310057,7.63455041219585,-0.392426271507732,1.26034936299419,-5.42251029116978,-0.137863172188965,1.71177491116696,-2.01544056559354,2.87166199176546,-2.75099097872151,P15.B000827.3_38_F.1.1,T cell
N11.B000827.3_38_F.1.1,-7.78693445747063,-7.86878308439172,7.60623070540889,0.0024020998940438,0.629643484948188,-0.615965996381887,-1.09342009458431,2.49374914867026,-1.16322275453277,3.74922483063054,0.764477034039326,N11.B000827.3_38_F.1.1,T cell
N14.B000827.3_38_F.1.1,-9.06379926111307,-8.77237265059814,7.47040501802576,-1.04801441928367,1.36360476228321,-2.21023285926497,-1.26198903272963,2.75819461890749,0.665384340040794,4.90228106846199,-0.0198924470759467,N14.B000827.3_38_F.1.1,T cell
O16.B000827.3_38_F.1.1,-7.29092235841097,-8.52037991892639,9.48491849027064,-0.546648522863175,2.29843081409694,-1.7816203181809,-1.78460615691793,1.71256456608836,-0.763301839600722,2.70367482983744,3.84192263893794,O16.B000827.3_38_F.1.1,T cell
N15.B000827.3_38_F.1.1,-8.63770857663041,-7.59273799461849,10.615536225545,0.631772633532145,0.384590748422897,-6.76361279600234,-1.47085562485889,3.23909854825428,0.376641854395465,6.24681500292799,1.89101638308459,N15.B000827.3_38_F.1.1,T cell
O18.B000827.3_38_F.1.1,-7.61916495813301,-7.11416356686109,7.85309880531645,-0.195144779748663,0.564820250807552,4.39510674781723,-0.39602045251568,0.656005684011994,-4.25053595726517,0.29853828871385,2.16985361178199,O18.B000827.3_38_F.1.1,T cell
N16.B000827.3_38_F.1.1,-9.25795739658124,-6.17812275390292,4.19019966918103,-0.573296832618467,0.426841272344878,4.91939709567087,-0.449522655297849,3.46043481516142,0.882968004190136,0.824579148507642,-1.97994253811086,N16.B000827.3_38_F.1.1,T cell
O19.B000827.3_38_F.1.1,-8.18018476385987,-6.48409268021462,5.94845988939967,-1.0123753979794,0.147271420068386,12.398801214839,0.0724132656614152,0.373807609172985,-0.836078358242436,-0.242579882835242,-1.24274206627157,O19.B000827.3_38_F.1.1,T cell
O20.B000827.3_38_F.1.1,-8.29213592940054,-6.80117147093302,10.2374735376976,-0.372610022941773,1.34665380933002,-4.15095302429287,0.628592311988799,0.243679556256334,-2.13631372258505,2.96616832561864,-3.44214359049644,O20.B000827.3_38_F.1.1,T cell
N18.B000827.3_38_F.1.1,-8.56151056775176,-9.79464977167011,8.43847583816672,-0.882104863258555,2.9394993187549,-1.98656015198512,-0.729796802125774,-0.500306008849355,0.131315493489461,1.61598343640987,0.141788812756067,N18.B000827.3_38_F.1.1,T cell
O21.B000827.3_38_F.1.1,-9.49108227869638,-6.24583319253995,11.4680637138344,-0.792301783501866,-1.97725866156017,10.2811880588035,1.77593404336519,-4.63861254954262,-6.33366314955202,1.49103808480863,-0.45487982756777,O21.B000827.3_38_F.1.1,T cell
A2.B003284.3_39_F.1.1,-8.61426167101013,-4.38785654465609,-5.59657050493981,-0.141620277186483,0.652735528859896,-0.650937740177673,-0.333863995392013,1.71969006859749,0.490047894782333,-0.855168145313509,1.00117548683487,A2.B003284.3_39_F.1.1,T cell
D1.B003284.3_39_F.1.1,-16.8515835628939,17.544161735113,4.84298820482709,-0.243161722425035,-18.6349544619553,0.118009634992704,-1.051212254244,0.706298426492616,-3.71241671943535,1.81973719432011,2.36338915736562,D1.B003284.3_39_F.1.1,T cell
L8.B003285.3_38_F.1.1,-11.9264735523809,-6.68938933499114,-8.08821569903122,0.89098312034819,0.578968331386047,-1.31937806590805,-0.362858686910717,-0.653160539413863,-3.0635055415346,3.15605426764181,1.38765205487978,L8.B003285.3_38_F.1.1,T cell
E2.B003285.3_38_F.1.1,-9.70680005820708,-3.45785487862734,-9.4554356529077,0.147050885503496,-1.03179621335789,1.71809873106612,-0.364067963767662,1.52538504779917,-0.0995553133902348,0.542438465539348,-0.26320237845737,E2.B003285.3_38_F.1.1,T cell
A15.B003285.3_38_F.1.1,-9.78128000620655,-5.07314876938533,-2.02562995345073,-0.141596668235807,-0.446504423392767,1.7614585773587,0.300836267861016,1.05982933494892,0.769465634528208,-2.04946584335919,2.71295153155263,A15.B003285.3_38_F.1.1,T cell
G4.B003291.3_39_F.1.1,-12.23175613463,-4.73843634135878,-7.86859163114552,0.0728577092875308,-1.27655016058742,-0.194834651954946,0.496647267720464,-3.12305702704634,-1.57205752787957,1.8024180132484,1.50995273688058,G4.B003291.3_39_F.1.1,T cell
E1.B003291.3_39_F.1.1,-8.89253075661582,-3.55027706482762,-6.77362979774301,0.173288681994305,-1.5117324162645,-0.308808290885566,-0.627214957767176,1.10103803319727,0.218319150233683,-1.11777683437717,-0.542978061957323,E1.B003291.3_39_F.1.1,T cell
A15.B003291.3_39_F.1.1,-9.80146573836406,-3.89721776688707,-8.04391477425103,0.460028869250714,-1.12861312094043,0.243214850266841,0.765685309411865,2.46914299803234,-0.600486964654002,-0.924404047629869,-1.96153120260011,A15.B003291.3_39_F.1.1,T cell
I10.B003291.3_39_F.1.1,-9.58390791038364,-5.26164502558805,-2.29760684757032,-0.0403612058345967,-0.756137612208786,4.82598791595093,1.63601708283306,-3.78836200968226,-1.99628143703067,-0.542890820570934,-1.72961491043783,I10.B003291.3_39_F.1.1,T cell
G8.B003291.3_39_F.1.1,-9.58769646573696,-3.78572851152209,-9.27913119504782,-0.486869838277151,0.0841634765843153,-2.54296386280535,-0.924024729872586,0.747664016636098,3.37912602196273,-1.47947344372769,-8.5891617503838,G8.B003291.3_39_F.1.1,T cell
H10.B003291.3_39_F.1.1,-10.1113463656634,-3.41580877986499,-8.34109033265576,0.706240253731726,0.840792819477743,0.927796757713141,0.86306083635453,-1.90038853830598,-1.53829178289238,0.458971251633116,-1.87796299651651,H10.B003291.3_39_F.1.1,T cell
D4.B003291.3_39_F.1.1,-9.11802759743314,-4.14016113295444,-6.97421290173212,-0.316733361721709,-0.907521643881923,0.642082439039624,-0.348486994886937,1.42589340433174,-0.106237408885068,-0.273573936039396,1.28202743787001,D4.B003291.3_39_F.1.1,T cell
E6.B003291.3_39_F.1.1,-11.7460374410862,-2.28898054593412,-8.09238174660706,1.04661954138314,-0.694835122928659,0.0877107559398135,-0.0322952969382601,-1.39039490171862,-4.71955889825871,1.81754622723714,-1.16650008415561,E6.B003291.3_39_F.1.1,T cell
G11.B003291.3_39_F.1.1,-9.40125612844732,-2.51059808791836,-7.9251299674324,0.62598514895299,1.17119941442698,-1.28530230137497,-0.569626391865154,0.086052377073437,2.02970266296632,-1.56979352728379,-0.974523952770177,G11.B003291.3_39_F.1.1,T cell
H13.B003291.3_39_F.1.1,-10.2480142972865,-5.66348355639749,-1.64950702939756,-0.139504572318517,-0.0840728772934725,7.49398327556096,1.92299500790204,-2.51277991369966,3.21722558611797,-5.18728294593073,-1.26650701785813,H13.B003291.3_39_F.1.1,T cell
D5.B003291.3_39_F.1.1,-10.9431570357464,-4.12744388818061,-6.86595078671132,-0.0308439187833477,-1.69168763894609,-1.95943146684334,-0.447441239203007,1.71557464788759,-1.04010457118325,0.805179703492425,0.417472626263553,D5.B003291.3_39_F.1.1,T cell
H14.B003291.3_39_F.1.1,-11.3670895780595,-4.46140288798457,-10.8061178210763,-0.404812051727947,-2.39560217521194,-3.11776845592867,-0.932164922590608,-2.18698511480795,-2.80485991515839,-0.864099266957169,4.57628336681271,H14.B003291.3_39_F.1.1,T cell
B1.B003291.3_39_F.1.1,-8.11866972972151,-4.58902519891673,-7.28765341361661,0.613582397217312,0.659977294923102,-2.87897031240359,-0.637421976672844,4.16905220896832,0.273362116545497,1.47566764671315,0.513375602491043,B1.B003291.3_39_F.1.1,T cell
H15.B003291.3_39_F.1.1,-10.0624058245462,-4.25634135469119,-11.0327465905159,0.939598032908934,-0.626875194298151,-1.22584261231737,0.289472053988032,-1.61132676343959,0.737169218870685,-0.971234147988573,-4.35688213625535,H15.B003291.3_39_F.1.1,T cell
D7.B003291.3_39_F.1.1,-9.49557874967324,-5.59456727435134,-7.78946529571617,0.0068711008985349,-0.615335100043307,-1.49341872880987,-0.882969318434887,1.87992681748362,-1.67815072253718,2.00951894181588,0.602534293433367,D7.B003291.3_39_F.1.1,T cell
C6.B003291.3_39_F.1.1,-9.85276307710772,-5.54182337586669,4.2918389714794,-0.966405914922735,-0.179282480705049,5.32236424010596,0.906628423344943,-0.338974036805563,0.334326445021948,0.153777612163661,-0.188708332420353,C6.B003291.3_39_F.1.1,T cell
D9.B003291.3_39_F.1.1,-11.1649681262697,-6.2399809214724,-11.98649855382,0.669680397960744,1.22526922455788,-3.40880189113106,-0.441489079733817,0.589589834243556,0.187130229374922,2.51267993721443,0.215299975103674,D9.B003291.3_39_F.1.1,T cell
F13.B003291.3_39_F.1.1,-12.2090810977317,-5.52604986456957,-9.57180368152728,0.10614980519941,0.944879728035563,0.223720124161209,0.127551119857904,-0.222589218951161,-1.84304734494011,2.04727064183336,-2.00202017314954,F13.B003291.3_39_F.1.1,T cell
H17.B003291.3_39_F.1.1,-10.5167471287593,-4.09141609279346,-8.59995195883775,0.445854656157868,-1.56698722007814,-0.557466185577881,1.60872081559487,-1.51663515627813,0.430596283223568,-2.39245631729532,-3.07856188759371,H17.B003291.3_39_F.1.1,T cell
B6.B003291.3_39_F.1.1,-9.36687607259335,-5.1373744750626,-8.09390891445819,1.02006797801394,0.0627916746382669,-0.21022336414756,-0.532508980084971,0.247287261109198,-1.82677625683867,0.375141750073318,1.50657320037375,B6.B003291.3_39_F.1.1,T cell
B5.B003291.3_39_F.1.1,-9.63081983873318,-3.66136797749417,-9.53070969447553,-0.206442102623468,-1.47486098908855,-0.856114100146809,-1.78111629681878,1.27687302536077,-1.701683103089,1.32028076092008,4.11139016212821,B5.B003291.3_39_F.1.1,T cell
C8.B003291.3_39_F.1.1,-8.4089459165856,-5.37681084780656,-8.39860280117459,0.226007731941353,0.366924643536428,-2.19711778207154,0.848554687211067,-1.45979936003032,0.0803230891358088,-1.44631204625471,-0.244232931595043,C8.B003291.3_39_F.1.1,T cell
E12.B003291.3_39_F.1.1,-9.01127477689538,-4.63073484267176,-8.75244174845743,0.130191442528429,-0.708660677127213,-0.569160085110992,-0.450919827648766,-0.588201976303495,-0.523205480918692,-0.716039518966645,-0.0311716388421785,E12.B003291.3_39_F.1.1,T cell
D12.B003291.3_39_F.1.1,-10.5340106355108,-2.09237288172885,-9.59617714064784,-0.607193682074538,-1.89571801538963,-0.93658170584475,-0.332734622975977,1.12407183598702,-0.932489386857244,2.24739583925934,-0.486564353152151,D12.B003291.3_39_F.1.1,T cell
D11.B003291.3_39_F.1.1,-11.3941609394638,-5.49406466391142,-5.27489670450845,0.266676821170122,1.40263731319257,-0.674094660292002,-0.22986565508665,-0.0798683805701892,-0.521530040317903,0.391952657404599,2.45745919646109,D11.B003291.3_39_F.1.1,T cell
E13.B003291.3_39_F.1.1,-8.87248830315417,-4.23658319273767,4.13958361850857,-1.29894463942643,-2.37743636299801,11.3557330025802,0.330620162488431,-4.16425769784019,-1.89896867890091,-3.67461983599976,1.55204855757698,E13.B003291.3_39_F.1.1,T cell
F17.B003291.3_39_F.1.1,-12.5972809773963,-3.23311801988768,-10.2345491679113,0.061024863062636,-1.10435760827292,-3.41529820394273,-0.70060079769477,-3.1178805098327,-2.66868024099169,3.35898614382668,1.81918202815238,F17.B003291.3_39_F.1.1,T cell
A6.B003291.3_39_F.1.1,-9.32351972285351,-4.46736297135762,-5.64472895552433,0.100021148543166,-1.57917539958057,-1.1519812891898,0.575172183189239,0.358189133475594,-2.57257213263348,-0.480620260415803,1.88594376853214,A6.B003291.3_39_F.1.1,T cell
B10.B003291.3_39_F.1.1,-9.03008681514483,-4.21798949837907,-6.86037306809925,0.48055339378859,0.275576746927087,-2.76741314012775,-0.297798080336025,2.04540677159492,-0.373762814020197,1.35802341222209,0.461009306928126,B10.B003291.3_39_F.1.1,T cell
B9.B003291.3_39_F.1.1,-8.56549420024007,-5.09174479233697,-6.21500915549685,0.426223787224648,0.764744913928382,-1.74794651583718,-0.187054632836015,1.38048796662909,-0.753142434511577,0.0332172085493852,1.83962433124149,B9.B003291.3_39_F.1.1,T cell
C12.B003291.3_39_F.1.1,-10.6435343543346,-4.40317057618298,-10.0619577701699,-0.190780861421557,-2.39156125210351,-1.66852589512338,0.220623821839444,0.298889734748426,-3.70030495407834,4.04908848557719,0.788554108181204,C12.B003291.3_39_F.1.1,T cell
D14.B003291.3_39_F.1.1,-10.8646142551493,-3.89984121704859,-8.50947782987876,0.160767137598095,0.0512257411895225,-0.261613231417618,1.62307330153487,-3.46918369127207,-0.885108496743104,-0.60073317717337,0.633964046404084,D14.B003291.3_39_F.1.1,T cell
B11.B003291.3_39_F.1.1,-10.8194450517126,-5.36923400398508,-10.5040068822244,0.422493064607105,-0.729449004476244,-1.55301510680833,-0.16116778680328,-1.12544909658117,-1.81742673906581,2.91560298699744,0.747823866916726,B11.B003291.3_39_F.1.1,T cell
E17.B003291.3_39_F.1.1,-11.4149554724615,-4.50242940427974,-7.185643965105,-0.0860377887087006,-0.0518312072444004,-2.80850039408712,0.0411252736125376,-4.22983791680383,-1.43317478494862,0.42637595630243,0.980718334347009,E17.B003291.3_39_F.1.1,T cell
I2.B003291.3_39_F.1.1,-25.3545535243525,36.1848829481332,2.66991118010775,-0.533123685647396,6.95333725668662,-1.6891404926134,-0.897115651485229,5.32169579991274,1.29368166689757,2.02388216636547,-2.33492349267829,I2.B003291.3_39_F.1.1,T cell
F21.B003291.3_39_F.1.1,-7.99122867687289,-1.68773618770501,-7.07752485974449,0.45103590947451,0.656601424522336,-1.86244427462744,1.23801453498119,1.44375126769463,1.76537418677956,0.344375696123927,-0.78721124407311,F21.B003291.3_39_F.1.1,T cell
B15.B003291.3_39_F.1.1,-10.6064123215284,-4.49208426148744,-10.078088194166,0.877517600272946,-0.341497351320428,-2.50346807421577,-1.73929123723807,0.482005824245074,-2.48071259540824,2.40752600516276,-0.440950982162401,B15.B003291.3_39_F.1.1,T cell
D20.B003291.3_39_F.1.1,-10.7999252730748,-4.4822995808663,-7.79165388837108,0.614222774315892,1.52690275845862,-2.86561693770431,-1.5915715500973,1.65252434030872,1.8021911319642,1.06070648638984,4.77478562863373,D20.B003291.3_39_F.1.1,T cell
E22.B003291.3_39_F.1.1,-8.61682419302899,-4.19296695723953,-9.37517914842527,-0.136504085457412,-3.10420360789736,-4.05939361455174,-0.192896446539108,-1.38621483868409,-5.14384486782087,1.55254677616739,-3.37888367232376,E22.B003291.3_39_F.1.1,T cell
G2.B003291.3_39_F.1.1,-8.72748054690286,-4.30009572010368,-7.42127104984931,0.498925054283672,2.07672168742189,-2.60644940487085,-0.679144410959112,0.0570973736403935,0.881991848456225,0.571240031983783,-2.41361016286052,G2.B003291.3_39_F.1.1,T cell
H4.B003291.3_39_F.1.1,-11.1538186724106,-4.42055553142164,-9.33852726360731,0.0795173656224454,-0.909278624055225,-2.27613281682147,0.577526266313611,-1.00829354028958,-0.267988588493129,0.914105564397105,-1.37096854717077,H4.B003291.3_39_F.1.1,T cell
I6.B003291.3_39_F.1.1,-10.0980583840981,-5.51194512519621,-8.63583250671983,-0.228692002066064,0.480000058351213,-0.473447707807186,-0.596560493488464,1.60398417493842,0.336332607004417,1.24868094562957,-0.528683482643887,I6.B003291.3_39_F.1.1,T cell
G3.B003291.3_39_F.1.1,-12.1874401033431,-3.553591101596,-10.8728254987975,-0.0856149929491834,-2.38959493307304,-0.868123330867869,1.23996568808074,-0.394016968412216,-0.273641839712182,1.96298175148377,-5.55785518859624,G3.B003291.3_39_F.1.1,T cell
J10.B003291.3_39_F.1.1,-10.2524253194643,-4.61487030442864,-8.16878290265117,0.413695042335213,-0.279409020966953,-0.225986051257375,-0.111533347187917,1.44732492640615,0.676054397087008,-0.252369658144402,0.448979095511652,J10.B003291.3_39_F.1.1,T cell
K12.B003291.3_39_F.1.1,-9.39260138872517,-3.70993371960864,-6.39868998944492,1.40094553348601,0.864777669750918,-0.0527721845933939,1.07927825970276,-3.08003114285537,-2.20651015423149,-1.29842358545364,2.67752736294652,K12.B003291.3_39_F.1.1,T cell
M16.B003291.3_39_F.1.1,-9.1744490950508,-3.37222857142716,-9.38468581858981,0.726548360285024,1.47487292721413,-1.11382321901984,0.961721175331519,-0.0184473598874593,1.49763891067158,-0.848502734781626,-5.40774256367981,M16.B003291.3_39_F.1.1,T cell
N18.B003291.3_39_F.1.1,-10.7545150060538,-3.31250551437237,-6.72112555822248,-0.715434014922152,1.2549958257362,-2.17791696642848,-1.12472433006471,-0.271443226873666,-2.92061430773822,4.07286114212318,7.96931949546964,N18.B003291.3_39_F.1.1,T cell
O21.B003291.3_39_F.1.1,-8.78171816969576,-5.66966441316642,3.28812965171712,0.362415294079473,-1.93018112783665,8.59290430337163,0.614913512857791,-4.03995379295819,-4.67138750827978,-1.53693265474895,-10.1173372873266,O21.B003291.3_39_F.1.1,T cell
B16.B003291.3_39_F.1.1,-9.63681952374347,-3.97517048189326,-7.63621525394128,0.650501650806772,0.443331801001841,-2.68944110706454,-0.812807063865278,0.8734409509985,-2.06189297863161,-1.58051169503207,2.61762261564319,B16.B003291.3_39_F.1.1,T cell
C19.B003291.3_39_F.1.1,-10.0918687403805,-3.2739101843574,-6.78521081527284,0.455123771911884,-1.13556905226724,-0.334405960763289,-0.0596989880862217,-1.1942373502201,-2.96945717103996,3.6042896540584,0.0105925092063294,C19.B003291.3_39_F.1.1,T cell
N19.B003291.3_39_F.1.1,-6.02441931501874,-4.21019774738758,1.89886816536869,0.620788761540633,-0.826928207513809,7.39191607185441,1.61136761538887,5.98747968603989,1.18567982454619,3.80943399698992,-7.34192161891026,N19.B003291.3_39_F.1.1,T cell
J13.B003291.3_39_F.1.1,-10.41941944689,-6.91963422628622,3.00884685146021,-0.374612898299773,2.17510323280576,8.79105824928812,0.563515957984407,-2.58944342431922,2.67703997857672,-2.41212294399494,-4.26989729347951,J13.B003291.3_39_F.1.1,T cell
L17.B003291.3_39_F.1.1,-9.41398570538612,-5.11598844099121,-6.31685393918904,-0.135474818821129,1.63018304306863,-0.581195454386714,-0.945006818345075,0.584524361732438,-1.76244871522934,5.16628063737267,0.0354816207095459,L17.B003291.3_39_F.1.1,T cell
K14.B003291.3_39_F.1.1,-24.3348628221001,28.2665072793872,2.14865547062324,-0.903353295338981,-10.8824313393877,0.483136739330253,-1.3539331680563,1.80102454155878,3.05486504083871,0.557965586451329,-1.32305329298525,K14.B003291.3_39_F.1.1,T cell
L16.B003291.3_39_F.1.1,-13.3822633789167,4.11896305964448,-4.6993803988754,0.653676539482392,-10.4544904693262,-1.46080567417985,-0.222916048080287,-3.20884345540972,-2.98069594420788,-0.139569990055873,3.72271511924772,L16.B003291.3_39_F.1.1,T cell
K16.B003291.3_39_F.1.1,-10.2819773467074,-4.16251443899301,-9.73250454142423,0.374302597619607,1.24313615302744,-2.50830222808274,1.68441914078345,-1.54658995571961,-1.05374328626967,-3.3788385032958,3.85297925504461,K16.B003291.3_39_F.1.1,T cell
O1.B003291.3_39_F.1.1,-8.47087066294733,-4.22586102825058,-5.9578175686313,0.195173352726878,0.172684722644759,2.01041268058128,-0.275394227138002,1.75723988771886,-3.2626611274088,0.0738768594040739,1.10714199480645,O1.B003291.3_39_F.1.1,T cell
J15.B003291.3_39_F.1.1,-8.04798548678892,-6.5806878576065,-4.61487914381181,0.369044942023336,1.28231513719778,1.06371670034691,0.574879119488646,1.99527353983666,0.300182003267346,-0.163826112235931,-3.82548700268256,J15.B003291.3_39_F.1.1,T cell
I15.B003291.3_39_F.1.1,-8.89591202013584,-4.36681469668425,-9.99894467554164,0.0402789890509962,-0.415698017267591,-1.60880376092765,0.440920661239769,0.484620719074692,-0.486002403906679,1.57967049967717,-4.6570213010219,I15.B003291.3_39_F.1.1,T cell
O3.B003291.3_39_F.1.1,-9.09137659320825,-5.01766499085826,-6.23684687944408,-0.298776506245287,-0.329438770274181,-0.17989897144447,-0.718847379842066,1.66248695053665,-2.18304384026798,1.16583037771115,-0.62134140636658,O3.B003291.3_39_F.1.1,T cell
N2.B003291.3_39_F.1.1,-10.8821381101514,-3.33366141847249,-6.77866014867854,-0.403877360259719,-1.05801683096645,-0.760400365766361,2.05033336936037,-3.09219018795475,0.957939071952673,-2.45711896029268,-1.42341867018454,N2.B003291.3_39_F.1.1,T cell
P7.B003291.3_39_F.1.1,-8.65080789047411,-4.07587089202108,-7.35418907878289,0.453648311764817,-0.356441379859131,0.722863661950104,-1.25248284691712,2.47382660525154,0.711432550793837,-0.513689001092442,2.87661942249152,P7.B003291.3_39_F.1.1,T cell
P8.B003291.3_39_F.1.1,-9.34063565674498,-5.09447559194956,1.01582934466697,-0.264427817318585,1.39140235288643,7.6053112584729,0.19328753137284,-0.597350619470558,0.276921649011064,-1.71846672466127,-2.26606296956139,P8.B003291.3_39_F.1.1,T cell
J19.B003291.3_39_F.1.1,-10.000383005148,-4.70552304702055,-7.40926735843609,0.938318000470454,-0.685667950393205,0.223325425429008,0.946657269139561,1.55219502841103,0.63738485075574,-1.39225846005007,-0.190822671769446,J19.B003291.3_39_F.1.1,T cell
M3.B003291.3_39_F.1.1,-13.3964362240285,-5.17329992087114,-11.3848423633783,-0.062941325878395,0.0113295096808109,-1.14244527798828,-1.08659017568871,-0.160132996218765,-3.72373334408963,4.26220829261168,0.98703322356219,M3.B003291.3_39_F.1.1,T cell
M2.B003291.3_39_F.1.1,-8.42184268135544,-4.66769869112085,-8.45425841331531,-0.201019557256583,0.130174549492734,-1.17041755239628,-1.08763843883783,2.4065631201179,0.304251636434965,2.4585517347385,0.220049813754317,M2.B003291.3_39_F.1.1,T cell
P9.B003291.3_39_F.1.1,-9.93819913493114,-7.72244896577013,3.10586535756913,-0.618682118381418,-0.663315095801775,5.8165585862187,0.162502692862981,2.062852409028,-1.06847267351208,2.31751341980611,-0.341622251220441,P9.B003291.3_39_F.1.1,T cell
I20.B003291.3_39_F.1.1,-8.90130795739073,-4.47746316274245,-8.89200131725979,0.491852202608309,-1.52957090077389,-5.0079801391236,0.275924275204238,-0.0336007824725519,-5.30662383094564,2.87524932959015,-0.572770492683032,I20.B003291.3_39_F.1.1,T cell
L2.B003291.3_39_F.1.1,-9.40159140195461,-5.7682250372813,-6.2246224933266,-0.006061826885251,0.721815140689525,-1.99817945899914,-0.210306170841968,2.98895462221381,-0.512507100401441,0.941996125429013,-2.20024666965632,L2.B003291.3_39_F.1.1,T cell
M4.B003291.3_39_F.1.1,-9.77980761257728,-6.16313390575372,4.2038514045961,-0.546228068326713,0.770930611964995,8.2744638258343,1.84221595287211,-0.783427202610035,1.052274929341,-3.05171704015657,-5.6240126675859,M4.B003291.3_39_F.1.1,T cell
N6.B003291.3_39_F.1.1,-9.44202917598413,-7.0995459265448,-6.8076316774995,-0.0823230058373571,1.82136212707066,1.50769242332674,-0.571754420755678,4.10040110097041,2.36313661333897,-0.0198683964753627,-0.111635254608551,N6.B003291.3_39_F.1.1,T cell
I21.B003291.3_39_F.1.1,-10.0113823345076,-3.99662886814454,-11.1637091462837,0.541793337888908,0.322308253250383,-3.81739895417212,-0.0483528616841735,-1.64404310543967,-1.78568751335772,1.10708803669163,-1.0405161969008,I21.B003291.3_39_F.1.1,T cell
K1.B003291.3_39_F.1.1,-9.59469408136539,-3.21609284805052,-8.91217552713105,0.430987130590189,-2.0243521863156,-1.18302821978589,-0.444486840230331,2.38848472768424,0.266315681023778,-0.0317111358116122,1.2721250804689,K1.B003291.3_39_F.1.1,T cell
M6.B003291.3_39_F.1.1,-11.7776188500936,-3.681857553213,-10.8640228683553,0.244300140075106,-3.41315622706992,-2.4608568513765,-0.451472995228934,-2.40685952151588,0.0974179418891893,2.98059436847604,-1.70940859901116,M6.B003291.3_39_F.1.1,T cell
N8.B003291.3_39_F.1.1,-10.656647569969,-4.33746914060192,-9.868499549061,0.31122619396689,-1.75130320621858,-3.3764222236515,-1.58293158530262,1.75195956811663,0.744212451349941,0.919943277925483,-5.00097143647464,N8.B003291.3_39_F.1.1,T cell
M7.B003291.3_39_F.1.1,-9.13356390332014,-5.1190102055828,-6.94733882346056,0.544586836309392,0.228511132098675,-0.949216634276079,-0.544063523557925,2.73784689617883,-1.29027644939334,-1.10857391978801,1.51820760613724,M7.B003291.3_39_F.1.1,T cell
J2.B003291.3_39_F.1.1,-11.2938373739339,-4.5943273797501,-7.90758192256544,0.301562927254624,-1.43107269986887,0.518831028573298,-0.664424799516558,2.74387136341444,0.205079430083714,1.12472569444535,1.02709777798089,J2.B003291.3_39_F.1.1,T cell
M8.B003291.3_39_F.1.1,-8.44516688324746,-6.39994285247475,-3.27979224124519,0.0128349079332335,1.01785304975201,2.8166792537487,-0.289073173873988,1.09946635022696,1.39968919871279,-3.1181340419141,-0.0918045038205565,M8.B003291.3_39_F.1.1,T cell
N10.B003291.3_39_F.1.1,-10.0135095437922,-4.07781019020498,-9.34076290148971,0.678187963339133,0.114679021522496,-2.0926890856433,0.659021366678006,0.101997996592965,-0.758202290731696,-0.140360606978079,2.42642156795247,N10.B003291.3_39_F.1.1,T cell
O12.B003291.3_39_F.1.1,-8.33512381394038,-4.43431575592693,-6.96618352971375,0.0807462032306169,0.410458365822886,-0.168768224617341,-0.421219198570675,2.71563002371083,1.1046035902987,0.317767922507033,0.537515689320867,O12.B003291.3_39_F.1.1,T cell
M9.B003291.3_39_F.1.1,-8.41380120481351,-3.43853156173277,-6.8196592991278,1.07178890131485,-0.496321715837691,-1.94273836490104,-0.402802885900649,-0.405893718727123,-1.06714796808413,-2.10314411828648,2.49885702249239,M9.B003291.3_39_F.1.1,T cell
P16.B003291.3_39_F.1.1,-8.84274633915391,-5.79895200998286,-1.62872728455217,0.252175543932735,0.881460874738704,5.25399148585109,1.94006865650329,-2.50280776729405,1.71091467235188,-6.06239348943014,-3.52769816002364,P16.B003291.3_39_F.1.1,T cell
M10.B003291.3_39_F.1.1,-11.4271669246662,2.07894532862896,-4.86743438286781,0.590036424553316,3.65163009154316,2.49768518652747,0.642561020854724,-2.328641031461,-4.22344913025839,-0.452388262425787,4.52843223280474,M10.B003291.3_39_F.1.1,T cell
O15.B003291.3_39_F.1.1,-4.64645894150135,-4.89304233450243,4.43588350826312,-0.243548886344483,0.593474471726488,5.13541095559029,-0.566959351768708,4.21119544262379,1.89939498642508,-1.13658129422156,-1.71508701125208,O15.B003291.3_39_F.1.1,T cell
L8.B003291.3_39_F.1.1,-9.69783038609503,-4.39513819321203,-1.67969686800903,0.327320031035376,-0.481792518019819,6.29717328573675,0.382226068126351,-0.26530529513764,0.88094440760705,-1.7174251393603,-2.81309890289169,L8.B003291.3_39_F.1.1,T cell
J5.B003291.3_39_F.1.1,-11.708602883655,-5.57878552447812,-7.32807691036113,-0.550079228647095,-0.427289634793021,-0.077529701597861,-0.523536423636279,0.164540112093988,0.765312164648817,-0.0958684283854378,0.966836000817503,J5.B003291.3_39_F.1.1,T cell
K7.B003291.3_39_F.1.1,-9.99753362578102,-5.57056158388945,-3.45476167891414,0.455629429664435,-0.0073994896531147,5.08894406173227,0.851142081678531,-1.7108679502934,1.5039910033731,-3.27167410473064,3.26806975805155,K7.B003291.3_39_F.1.1,T cell
M11.B003291.3_39_F.1.1,-13.5559285783539,-4.47951137099516,-10.4929816387982,0.264664792727382,-1.51261543767506,-1.93678726377015,-0.233330960713839,-2.18767684631147,0.565037867411748,1.58651698453694,-0.144636683001399,M11.B003291.3_39_F.1.1,T cell
L10.B003291.3_39_F.1.1,-11.1125116810603,-5.68021777878288,-9.43279117379136,-0.0229828422009882,-0.277284658792523,-3.86622821483626,-0.576903507539706,-0.681319845012929,-0.592779023005622,1.23918196429669,-1.414351602371,L10.B003291.3_39_F.1.1,T cell
J7.B003291.3_39_F.1.1,-9.117520257679,-5.25536982981556,-8.70244058215076,0.449187046355959,-0.677210607877397,-1.98108294697854,-0.45183079802251,0.603551700000027,-0.409849515617563,-1.16450219800131,1.83631301533757,J7.B003291.3_39_F.1.1,T cell
K9.B003291.3_39_F.1.1,-27.2902093360674,37.816554867052,2.29420465445909,-0.076637916223509,19.4068184574714,-1.65454193845578,0.295744318084107,4.09939772831327,0.549862136528822,1.75465390724904,-3.54413220035451,K9.B003291.3_39_F.1.1,T cell
M13.B003291.3_39_F.1.1,-8.90155216787407,-5.7079353115003,-6.31296156649272,-0.295147305824613,0.739233130307548,-0.91679139531887,0.359382510590086,0.611883074283731,0.63006252591722,-1.96334572687468,-0.126837829061171,M13.B003291.3_39_F.1.1,T cell
M12.B003291.3_39_F.1.1,-11.9109873106107,-3.62151053973649,-10.6553398520198,0.382788027405957,-0.324038341957948,0.974190590449795,0.247678738611628,-1.75436611950936,-1.1948150560399,-0.731912015749504,4.78858705771172,M12.B003291.3_39_F.1.1,T cell
O18.B003291.3_39_F.1.1,-8.81278316441978,-4.77441325525565,-7.65216780994306,0.345867116356982,1.0860310363992,-2.47491400277879,0.118529397130489,-0.794951991095504,-3.39499543777709,1.57731184677415,-0.79719658755125,O18.B003291.3_39_F.1.1,T cell
P20.B003291.3_39_F.1.1,-6.59839566444388,-4.9925474156599,5.3077968796009,0.471196188706395,-1.13421370346552,8.16559463486473,1.3192704103347,-0.142794663566418,-3.64628409840182,-0.447505879370514,2.36772527285691,P20.B003291.3_39_F.1.1,T cell
K10.B003291.3_39_F.1.1,-9.42244187317411,-4.84665859604984,-7.11921362942224,0.796123294692217,0.221557725931394,-1.77376463049831,-1.42978242563877,0.923773380378509,0.716665841102381,0.0062181558718714,0.688480810238065,K10.B003291.3_39_F.1.1,T cell
L12.B003291.3_39_F.1.1,-8.63835589111589,-4.82340011991002,-7.67534349057891,0.0228467919186733,1.3598284604845,-1.83784665013488,1.14922678520328,1.63592462045548,0.459018035575405,-0.699929374649562,-1.62999337267223,L12.B003291.3_39_F.1.1,T cell
M15.B003291.3_39_F.1.1,-10.1726176715199,-4.39900631521098,-9.07938526373261,0.754171143749718,0.642760162657853,2.64574602511959,-0.597455577094257,-1.41983280779128,3.33160128518978,-2.65845095992959,-0.202210500453373,M15.B003291.3_39_F.1.1,T cell
P22.B003291.3_39_F.1.1,-7.34919453242817,-6.50351540198032,-3.82921292246938,-0.0121061092455099,1.3548565795465,-2.21941951213194,-0.408107286471612,4.78040238119449,-0.786827231570826,3.33904358325053,1.00468897070524,P22.B003291.3_39_F.1.1,T cell
K11.B003291.3_39_F.1.1,-8.79790133257094,-5.98402154905467,-8.98222632637747,0.315581917554439,1.02113988535572,0.651374418971423,-1.25539370147107,2.81060879837195,2.09586810513667,-1.78433616124657,-1.99463783375917,K11.B003291.3_39_F.1.1,T cell
